path,sha256,size,module,scope,necessity,origin,source_module,license_status
Release/External_Test/2026-07-30_audio-validation-fix/Qonic_Audio_v5.0_internal_test/_internal/PySide6/avcodec-61.dll,A3127F36742B58827411A561489505E38A8CCBCC6A3BC2F1EE58ABFE700CED15,13921592,PySide6,runtime,POSSIBLY_UNUSED,PySide6 wheel tree SHA-256 match,,UNKNOWN
Release/External_Test/2026-07-30_audio-validation-fix/Qonic_Audio_v5.0_internal_test/_internal/PySide6/avformat-61.dll,BBACFF3524C192EAF129DD6F838C0EEE65ABE56FE5109B9BEDE839A0823F8FA3,2643256,PySide6,runtime,POSSIBLY_UNUSED,PySide6 wheel tree SHA-256 match,,UNKNOWN
Release/External_Test/2026-07-30_audio-validation-fix/Qonic_Audio_v5.0_internal_test/_internal/PySide6/avutil-59.dll,615DF5BB9903887B6F56A47F17FC169CD42753B9B9DB7F162C74731C45612DF6,1198392,PySide6,runtime,POSSIBLY_UNUSED,PySide6 wheel tree SHA-256 match,,UNKNOWN
Release/External_Test/2026-07-30_audio-validation-fix/Qonic_Audio_v5.0_internal_test/_internal/PySide6/MSVCP140.dll,708DD7BBC7BD23BCE9E93F7837A70C2DD7AD55CFF43801E92C0F7FCD7DDA47CD,549176,PySide6,runtime,POSSIBLY_UNUSED,PySide6 wheel tree SHA-256 match,,UNKNOWN
Release/External_Test/2026-07-30_audio-validation-fix/Qonic_Audio_v5.0_internal_test/_internal/PySide6/MSVCP140_1.dll,B2113956AA3FCB9DECFE65BE1EE7829F8E3AE0899633AE89FE04888ADA201594,27448,PySide6,runtime,POSSIBLY_UNUSED,PySide6 wheel tree SHA-256 match,,UNKNOWN
Release/External_Test/2026-07-30_audio-validation-fix/Qonic_Audio_v5.0_internal_test/_internal/PySide6/MSVCP140_2.dll,1B806B427FFB573DEFF8478CF6FE336465FE2C67E0919BB95F452B6F31D25736,271672,PySide6,runtime,POSSIBLY_UNUSED,PySide6 wheel tree SHA-256 match,,UNKNOWN
Release/External_Test/2026-07-30_audio-validation-fix/Qonic_Audio_v5.0_internal_test/_internal/PySide6/opengl32sw.dll,4A7D90F91FDECB5DF7B426BC2D05974B8D7FFA450AF2D1F93F3ECA05800718DA,20639544,PySide6,runtime,POSSIBLY_UNUSED,PySide6 wheel tree SHA-256 match,,UNKNOWN
Release/External_Test/2026-07-30_audio-validation-fix/Qonic_Audio_v5.0_internal_test/_internal/PySide6/plugins/generic/qtuiotouchplugin.dll,1EE2810EEF83DBB2740D4F796F8149DC5752FFD3DD60E39796A9A4D6A6A0AE38,101176,plugin:generic,plugin,POSSIBLY_UNUSED,PySide6 wheel tree SHA-256 match,,UNKNOWN
Release/External_Test/2026-07-30_audio-validation-fix/Qonic_Audio_v5.0_internal_test/_internal/PySide6/plugins/iconengines/qsvgicon.dll,DD60826F1959FAA7EA137E00959717450DA9F2E0C151054DAEFF1E9D1226FAB2,72504,plugin:iconengines,plugin,POSSIBLY_UNUSED,PySide6 wheel tree SHA-256 match,,UNKNOWN
Release/External_Test/2026-07-30_audio-validation-fix/Qonic_Audio_v5.0_internal_test/_internal/PySide6/plugins/imageformats/qgif.dll,8B8DEA2ABAED333F1FBBDF3C8867CEB6040722C88A1FB81EA451F8B8BC9E8EE0,47928,plugin:imageformats,plugin,LIKELY_REQUIRED,PySide6 wheel tree SHA-256 match,,UNKNOWN
Release/External_Test/2026-07-30_audio-validation-fix/Qonic_Audio_v5.0_internal_test/_internal/PySide6/plugins/imageformats/qicns.dll,6A5AED435989D54234C16581E66F6A59137BFCCD180565A217A8676BCDA6DC8D,55608,plugin:imageformats,plugin,LIKELY_REQUIRED,PySide6 wheel tree SHA-256 match,,UNKNOWN
Release/External_Test/2026-07-30_audio-validation-fix/Qonic_Audio_v5.0_internal_test/_internal/PySide6/plugins/imageformats/qico.dll,F81378DD51392FF0D3AE094D5E59DFC4FA664A0EF4D756D6ED40584F90AF2758,45880,plugin:imageformats,plugin,LIKELY_REQUIRED,PySide6 wheel tree SHA-256 match,,UNKNOWN
Release/External_Test/2026-07-30_audio-validation-fix/Qonic_Audio_v5.0_internal_test/_internal/PySide6/plugins/imageformats/qjpeg.dll,97AF9CEAF3EBEFEFEB7AEDE27AE07B73AE1D2ED479427BEEBF61C58654361D43,577848,plugin:imageformats,plugin,LIKELY_REQUIRED,PySide6 wheel tree SHA-256 match,,UNKNOWN
Release/External_Test/2026-07-30_audio-validation-fix/Qonic_Audio_v5.0_internal_test/_internal/PySide6/plugins/imageformats/qpdf.dll,273A1B6DAAF3C0DEF92902044CF35D0EC65E56F904ACB7FBF428D80DAE2BB9D5,42296,plugin:imageformats,plugin,LIKELY_REQUIRED,PySide6 wheel tree SHA-256 match,,UNKNOWN
Release/External_Test/2026-07-30_audio-validation-fix/Qonic_Audio_v5.0_internal_test/_internal/PySide6/plugins/imageformats/qsvg.dll,D4100055C3A4D6C1BCA5E303E3D2049BDE54D4E916442EE0A3E9B4DFA7D416FC,39224,plugin:imageformats,plugin,LIKELY_REQUIRED,PySide6 wheel tree SHA-256 match,,UNKNOWN
Release/External_Test/2026-07-30_audio-validation-fix/Qonic_Audio_v5.0_internal_test/_internal/PySide6/plugins/imageformats/qtga.dll,50F0E6FF9B7FCA9386CCAD52EB5E83466774E6282C9532B03B11E5A64951DFFB,38200,plugin:imageformats,plugin,LIKELY_REQUIRED,PySide6 wheel tree SHA-256 match,,UNKNOWN
Release/External_Test/2026-07-30_audio-validation-fix/Qonic_Audio_v5.0_internal_test/_internal/PySide6/plugins/imageformats/qtiff.dll,087A3425962E838C35C9073BDF8DE13712466E9B9590717666AF7839DB068DBA,441656,plugin:imageformats,plugin,LIKELY_REQUIRED,PySide6 wheel tree SHA-256 match,,UNKNOWN
Release/External_Test/2026-07-30_audio-validation-fix/Qonic_Audio_v5.0_internal_test/_internal/PySide6/plugins/imageformats/qwbmp.dll,28A6447D44169ACBF2EAB38C475DC0AA9E32ABB3F29F72257726497353B9BF63,36664,plugin:imageformats,plugin,LIKELY_REQUIRED,PySide6 wheel tree SHA-256 match,,UNKNOWN
Release/External_Test/2026-07-30_audio-validation-fix/Qonic_Audio_v5.0_internal_test/_internal/PySide6/plugins/imageformats/qwebp.dll,3E2BF546A3885CBE3E2B64058B1C58377D3C8822F51B37BA967F61E8054D7719,562488,plugin:imageformats,plugin,LIKELY_REQUIRED,PySide6 wheel tree SHA-256 match,,UNKNOWN
Release/External_Test/2026-07-30_audio-validation-fix/Qonic_Audio_v5.0_internal_test/_internal/PySide6/plugins/multimedia/ffmpegmediaplugin.dll,049C84E9F2C253F0AAA43F035002AC76B3FE59FC8D42C3D3015E2416BF6B4F5F,652088,plugin:multimedia,plugin,LIKELY_REQUIRED,PySide6 wheel tree SHA-256 match,,UNKNOWN
Release/External_Test/2026-07-30_audio-validation-fix/Qonic_Audio_v5.0_internal_test/_internal/PySide6/plugins/multimedia/windowsmediaplugin.dll,47B127205E89618A78962BD94596E568CC9B0F98ED6DEE81C21AAC35B7B5EA71,290616,plugin:multimedia,plugin,LIKELY_REQUIRED,PySide6 wheel tree SHA-256 match,,UNKNOWN
Release/External_Test/2026-07-30_audio-validation-fix/Qonic_Audio_v5.0_internal_test/_internal/PySide6/plugins/networkinformation/qnetworklistmanager.dll,AEEF84E74D3114F62F4650305B403EF9F81E8C05BC67C86683D999C5C1243926,70968,plugin:networkinformation,plugin,LIKELY_REQUIRED,PySide6 wheel tree SHA-256 match,,UNKNOWN
Release/External_Test/2026-07-30_audio-validation-fix/Qonic_Audio_v5.0_internal_test/_internal/PySide6/plugins/platforminputcontexts/qtvirtualkeyboardplugin.dll,D116B216A50037CBFA6EE9AFD94BEA357CDBEE263E0F9B8C6EF2E811DA29EB70,33592,plugin:platforminputcontexts,plugin,LIKELY_REQUIRED,PySide6 wheel tree SHA-256 match,,UNKNOWN
Release/External_Test/2026-07-30_audio-validation-fix/Qonic_Audio_v5.0_internal_test/_internal/PySide6/plugins/platforms/qdirect2d.dll,F099AF483B0D71A6A028BC15AD98A407E4C820400E6626CDC8E66B5F5E4CFED2,1088824,plugin:platforms,plugin,LIKELY_REQUIRED,PySide6 wheel tree SHA-256 match,,UNKNOWN
Release/External_Test/2026-07-30_audio-validation-fix/Qonic_Audio_v5.0_internal_test/_internal/PySide6/plugins/platforms/qminimal.dll,97D81B9EE7CBBEB68E46EEFCE24D4B929B7A24CC646CEBE3D4D03E2734F97935,61752,plugin:platforms,plugin,LIKELY_REQUIRED,PySide6 wheel tree SHA-256 match,,UNKNOWN
Release/External_Test/2026-07-30_audio-validation-fix/Qonic_Audio_v5.0_internal_test/_internal/PySide6/plugins/platforms/qoffscreen.dll,426266E8BA0EA07C416616AD9973702FE126D4559CB2EE11E1C9BDBAE85BA755,113976,plugin:platforms,plugin,LIKELY_REQUIRED,PySide6 wheel tree SHA-256 match,,UNKNOWN
Release/External_Test/2026-07-30_audio-validation-fix/Qonic_Audio_v5.0_internal_test/_internal/PySide6/plugins/platforms/qwindows.dll,54D736DE022F707E9F7F555E4C9F9E993253CD5B0EE2364E6A9458C180828C42,1006904,plugin:platforms,plugin,LIKELY_REQUIRED,PySide6 wheel tree SHA-256 match,,UNKNOWN
Release/External_Test/2026-07-30_audio-validation-fix/Qonic_Audio_v5.0_internal_test/_internal/PySide6/plugins/qmltooling/qmldbg_debugger.dll,D96F7FCE3617ECB28AF39F8BDA3733F98D56602D3E3A8444D0C5134DBB0081B5,214840,plugin:qmltooling,plugin,POSSIBLY_UNUSED,PySide6 wheel tree SHA-256 match,,UNKNOWN
Release/External_Test/2026-07-30_audio-validation-fix/Qonic_Audio_v5.0_internal_test/_internal/PySide6/plugins/qmltooling/qmldbg_inspector.dll,77829E9411C557A793901C68406C10B747D81E04B56F2F92C4EF8EB86CDF74E5,101176,plugin:qmltooling,plugin,POSSIBLY_UNUSED,PySide6 wheel tree SHA-256 match,,UNKNOWN
Release/External_Test/2026-07-30_audio-validation-fix/Qonic_Audio_v5.0_internal_test/_internal/PySide6/plugins/qmltooling/qmldbg_local.dll,70E8173DF3B3DE0DA16F4AE804176B39E70853392649DD12ECE9B2BC101DE23A,39224,plugin:qmltooling,plugin,POSSIBLY_UNUSED,PySide6 wheel tree SHA-256 match,,UNKNOWN
Release/External_Test/2026-07-30_audio-validation-fix/Qonic_Audio_v5.0_internal_test/_internal/PySide6/plugins/qmltooling/qmldbg_messages.dll,3D4A16E1796E9949DE45C0C73BA5C04F1F2D8718A996854C11D9BA36DCA6D5C4,35640,plugin:qmltooling,plugin,POSSIBLY_UNUSED,PySide6 wheel tree SHA-256 match,,UNKNOWN
Release/External_Test/2026-07-30_audio-validation-fix/Qonic_Audio_v5.0_internal_test/_internal/PySide6/plugins/qmltooling/qmldbg_native.dll,5BD22FC867C5269B749C7CC282D9003E6524A6DA61BFA01FB3B38A226387A600,49464,plugin:qmltooling,plugin,POSSIBLY_UNUSED,PySide6 wheel tree SHA-256 match,,UNKNOWN
Release/External_Test/2026-07-30_audio-validation-fix/Qonic_Audio_v5.0_internal_test/_internal/PySide6/plugins/qmltooling/qmldbg_nativedebugger.dll,DAC8615884812E907F58471F60F03F8A1FF0821FAE18628A21F2E42E1AA9A938,73528,plugin:qmltooling,plugin,POSSIBLY_UNUSED,PySide6 wheel tree SHA-256 match,,UNKNOWN
Release/External_Test/2026-07-30_audio-validation-fix/Qonic_Audio_v5.0_internal_test/_internal/PySide6/plugins/qmltooling/qmldbg_preview.dll,B1CE78839AA4245A89FDD1E4902148CBCEC2DB7E08E1BDF16881CCB827266B14,204088,plugin:qmltooling,plugin,POSSIBLY_UNUSED,PySide6 wheel tree SHA-256 match,,UNKNOWN
Release/External_Test/2026-07-30_audio-validation-fix/Qonic_Audio_v5.0_internal_test/_internal/PySide6/plugins/qmltooling/qmldbg_profiler.dll,6EB061D4E537417D47C13AF1D38531FADC078F405CF5917AD0DC1C4036B39BC2,119096,plugin:qmltooling,plugin,POSSIBLY_UNUSED,PySide6 wheel tree SHA-256 match,,UNKNOWN
Release/External_Test/2026-07-30_audio-validation-fix/Qonic_Audio_v5.0_internal_test/_internal/PySide6/plugins/qmltooling/qmldbg_quick3dprofiler.dll,41A39B983AC3DD83DBDD5296C271DBD955486A1E7E63DB528B543CA9AC38327D,43832,plugin:qmltooling,plugin,POSSIBLY_UNUSED,PySide6 wheel tree SHA-256 match,,UNKNOWN
Release/External_Test/2026-07-30_audio-validation-fix/Qonic_Audio_v5.0_internal_test/_internal/PySide6/plugins/qmltooling/qmldbg_quickeventreplay.dll,E88B9F6E44574527716EA5323C76D2844E75152D262CC7AF018D36534AE16682,44856,plugin:qmltooling,plugin,POSSIBLY_UNUSED,PySide6 wheel tree SHA-256 match,,UNKNOWN
Release/External_Test/2026-07-30_audio-validation-fix/Qonic_Audio_v5.0_internal_test/_internal/PySide6/plugins/qmltooling/qmldbg_quickprofiler.dll,0834F7BA702974F8086A47CEBC050EC4466533A525B2EA5B3869FE6344C795D0,43832,plugin:qmltooling,plugin,POSSIBLY_UNUSED,PySide6 wheel tree SHA-256 match,,UNKNOWN
Release/External_Test/2026-07-30_audio-validation-fix/Qonic_Audio_v5.0_internal_test/_internal/PySide6/plugins/qmltooling/qmldbg_server.dll,74421EEEFD69EC2FCD99610D72DEAA3E120E45406C19C3748A8E6BF10A95CDEC,101176,plugin:qmltooling,plugin,POSSIBLY_UNUSED,PySide6 wheel tree SHA-256 match,,UNKNOWN
Release/External_Test/2026-07-30_audio-validation-fix/Qonic_Audio_v5.0_internal_test/_internal/PySide6/plugins/qmltooling/qmldbg_tcp.dll,062B8113E85E50DD5E1092B9A513FCD43C5F8C18F1A5F3EE4B4C803573C3BA25,36152,plugin:qmltooling,plugin,POSSIBLY_UNUSED,PySide6 wheel tree SHA-256 match,,UNKNOWN
Release/External_Test/2026-07-30_audio-validation-fix/Qonic_Audio_v5.0_internal_test/_internal/PySide6/plugins/styles/qmodernwindowsstyle.dll,9AF96B09EBAF7FF13E22C70BF69B9C3F226F069375D1A9F9EFD63E944E43F5FB,230712,plugin:styles,plugin,LIKELY_REQUIRED,PySide6 wheel tree SHA-256 match,,UNKNOWN
Release/External_Test/2026-07-30_audio-validation-fix/Qonic_Audio_v5.0_internal_test/_internal/PySide6/plugins/tls/qcertonlybackend.dll,45B9F59593A1567F7D6725DDFA53F667F8F26B7795B1E2D0E1080A4025BAFC02,103736,plugin:tls,plugin,LIKELY_REQUIRED,PySide6 wheel tree SHA-256 match,,UNKNOWN
Release/External_Test/2026-07-30_audio-validation-fix/Qonic_Audio_v5.0_internal_test/_internal/PySide6/plugins/tls/qopensslbackend.dll,C7222880A7DEFE7A5C84F5871CDC7E34DF22F3DE6646026683042FAB5C22B561,319288,plugin:tls,plugin,LIKELY_REQUIRED,PySide6 wheel tree SHA-256 match,,UNKNOWN
Release/External_Test/2026-07-30_audio-validation-fix/Qonic_Audio_v5.0_internal_test/_internal/PySide6/plugins/tls/qschannelbackend.dll,D09487A64BE0E1D4545A8230E7FE05D163375610ADF175407A6742944F16DEB9,263992,plugin:tls,plugin,LIKELY_REQUIRED,PySide6 wheel tree SHA-256 match,,UNKNOWN
Release/External_Test/2026-07-30_audio-validation-fix/Qonic_Audio_v5.0_internal_test/_internal/PySide6/pyside6.abi3.dll,D4072BE872B31F3748DE5E6C28CB2976DAFBF063D3CCFA38E5DABDA29BABCDAF,248632,PySide6,runtime,POSSIBLY_UNUSED,PySide6 wheel tree SHA-256 match,,UNKNOWN
Release/External_Test/2026-07-30_audio-validation-fix/Qonic_Audio_v5.0_internal_test/_internal/PySide6/pyside6qml.abi3.dll,500CB3CFA66B94F83457CAB3CA6983F50A7F33FF27D891613B706B7968266DC6,84280,PySide6,runtime,POSSIBLY_UNUSED,PySide6 wheel tree SHA-256 match,,UNKNOWN
Release/External_Test/2026-07-30_audio-validation-fix/Qonic_Audio_v5.0_internal_test/_internal/PySide6/qml/Qt3D/Animation/plugins.qmltypes,AA83426BA29C0498F182AF91AD105D52572F5971EC9B2D6D36289F640C81FB32,43996,qml:Qt3D.Animation,qml,POSSIBLY_UNUSED,PySide6 wheel tree SHA-256 match,,UNKNOWN
Release/External_Test/2026-07-30_audio-validation-fix/Qonic_Audio_v5.0_internal_test/_internal/PySide6/qml/Qt3D/Animation/qmldir,80B353971A4A492CBF1EC46D25AA75775AA4290DAF4DD54D4B46D9B8EB1A32F3,289,qml:Qt3D.Animation,qml,POSSIBLY_UNUSED,PySide6 wheel tree SHA-256 match,,UNKNOWN
Release/External_Test/2026-07-30_audio-validation-fix/Qonic_Audio_v5.0_internal_test/_internal/PySide6/qml/Qt3D/Animation/quick3danimationplugin.dll,B7DD51A049E88B029E587621F10BF95D8525ED68A68C1A4EBC70411B0531A2BE,30520,qml:Qt3D.Animation,qml,POSSIBLY_UNUSED,PySide6 wheel tree SHA-256 match,,UNKNOWN
Release/External_Test/2026-07-30_audio-validation-fix/Qonic_Audio_v5.0_internal_test/_internal/PySide6/qml/Qt3D/Core/plugins.qmltypes,53A5BEA9CDFF7A23624EE9B897668B710D94A46399615368C20545B8A6750902,80535,qml:Qt3D.Core,qml,POSSIBLY_UNUSED,PySide6 wheel tree SHA-256 match,,UNKNOWN
Release/External_Test/2026-07-30_audio-validation-fix/Qonic_Audio_v5.0_internal_test/_internal/PySide6/qml/Qt3D/Core/qmldir,D6B1349395A808ACEBF8360C9CC3B5CD012CE6C3E03980F0DB2A3AF1D244FDE3,207,qml:Qt3D.Core,qml,POSSIBLY_UNUSED,PySide6 wheel tree SHA-256 match,,UNKNOWN
Release/External_Test/2026-07-30_audio-validation-fix/Qonic_Audio_v5.0_internal_test/_internal/PySide6/qml/Qt3D/Core/quick3dcoreplugin.dll,6420B3A8D63E57523E869B7C485FD073AABFB7BE2557EF564099A934E6AF77E8,31544,qml:Qt3D.Core,qml,POSSIBLY_UNUSED,PySide6 wheel tree SHA-256 match,,UNKNOWN
Release/External_Test/2026-07-30_audio-validation-fix/Qonic_Audio_v5.0_internal_test/_internal/PySide6/qml/Qt3D/Extras/plugins.qmltypes,95F675A0A698E4411D81EA1E50EE11D140894DB0283F6C8BCAA64BDE4664F296,141160,qml:Qt3D.Extras,qml,POSSIBLY_UNUSED,PySide6 wheel tree SHA-256 match,,UNKNOWN
Release/External_Test/2026-07-30_audio-validation-fix/Qonic_Audio_v5.0_internal_test/_internal/PySide6/qml/Qt3D/Extras/qmldir,E7B5762575C9093520CBF594112F6E936B5A1BF5EA86713C3191B99519F31C9A,277,qml:Qt3D.Extras,qml,POSSIBLY_UNUSED,PySide6 wheel tree SHA-256 match,,UNKNOWN
Release/External_Test/2026-07-30_audio-validation-fix/Qonic_Audio_v5.0_internal_test/_internal/PySide6/qml/Qt3D/Extras/quick3dextrasplugin.dll,F2902D1B08D1BFC500E04074259EDA2FB911DC174C00671D7B7BA2B79BBE74C6,30520,qml:Qt3D.Extras,qml,POSSIBLY_UNUSED,PySide6 wheel tree SHA-256 match,,UNKNOWN
Release/External_Test/2026-07-30_audio-validation-fix/Qonic_Audio_v5.0_internal_test/_internal/PySide6/qml/Qt3D/Input/plugins.qmltypes,5A0E340FEECF94BD69F3D38439B13015CA8BACE4A5E6EA3E6DF8469E190EDB7B,40247,qml:Qt3D.Input,qml,POSSIBLY_UNUSED,PySide6 wheel tree SHA-256 match,,UNKNOWN
Release/External_Test/2026-07-30_audio-validation-fix/Qonic_Audio_v5.0_internal_test/_internal/PySide6/qml/Qt3D/Input/qmldir,86CB732FF70A90DE8351672C5FDD13B54FA5C1592BC20B9B47B22A51B20F356F,234,qml:Qt3D.Input,qml,POSSIBLY_UNUSED,PySide6 wheel tree SHA-256 match,,UNKNOWN
Release/External_Test/2026-07-30_audio-validation-fix/Qonic_Audio_v5.0_internal_test/_internal/PySide6/qml/Qt3D/Input/quick3dinputplugin.dll,2F9652674D3B34B0AE53A5960F57FB52FA55688A7AB4EA63BBE4839F8B4CC508,112952,qml:Qt3D.Input,qml,POSSIBLY_UNUSED,PySide6 wheel tree SHA-256 match,,UNKNOWN
Release/External_Test/2026-07-30_audio-validation-fix/Qonic_Audio_v5.0_internal_test/_internal/PySide6/qml/Qt3D/Logic/plugins.qmltypes,32F66FBE217909F9474175E9C703E0F53F58E9AF7C9470D4BB2FA6D37E16F3BD,3607,qml:Qt3D.Logic,qml,POSSIBLY_UNUSED,PySide6 wheel tree SHA-256 match,,UNKNOWN
Release/External_Test/2026-07-30_audio-validation-fix/Qonic_Audio_v5.0_internal_test/_internal/PySide6/qml/Qt3D/Logic/qmldir,C8F512365C8669CB842C01A308D7CB6B472784B718AC65401CE259C4AC867241,218,qml:Qt3D.Logic,qml,POSSIBLY_UNUSED,PySide6 wheel tree SHA-256 match,,UNKNOWN
Release/External_Test/2026-07-30_audio-validation-fix/Qonic_Audio_v5.0_internal_test/_internal/PySide6/qml/Qt3D/Logic/quick3dlogicplugin.dll,5B128A6EAD835A0A84657498A7DFDB7AF2423B820494C40E16D503AF89DB569A,30520,qml:Qt3D.Logic,qml,POSSIBLY_UNUSED,PySide6 wheel tree SHA-256 match,,UNKNOWN
Release/External_Test/2026-07-30_audio-validation-fix/Qonic_Audio_v5.0_internal_test/_internal/PySide6/qml/Qt3D/Render/plugins.qmltypes,9B3BFFC02C47763A601A34989BD1B490AB92D730CD32777D7C15B107BDC73870,223610,qml:Qt3D.Render,qml,POSSIBLY_UNUSED,PySide6 wheel tree SHA-256 match,,UNKNOWN
Release/External_Test/2026-07-30_audio-validation-fix/Qonic_Audio_v5.0_internal_test/_internal/PySide6/qml/Qt3D/Render/qmldir,B58456260F6012AF153664E16ADA6B6B0EC41F7E9578C80E9B2541414445EBAE,248,qml:Qt3D.Render,qml,POSSIBLY_UNUSED,PySide6 wheel tree SHA-256 match,,UNKNOWN
Release/External_Test/2026-07-30_audio-validation-fix/Qonic_Audio_v5.0_internal_test/_internal/PySide6/qml/Qt3D/Render/quick3drenderplugin.dll,70362BCC0CD276AAFAF5E0DB17D80455FCD906BD10EED26FB0E381DF6E5D6BBD,30520,qml:Qt3D.Render,qml,POSSIBLY_UNUSED,PySide6 wheel tree SHA-256 match,,UNKNOWN
Release/External_Test/2026-07-30_audio-validation-fix/Qonic_Audio_v5.0_internal_test/_internal/PySide6/qml/Qt5Compat/GraphicalEffects/Blend.qml,3D87AC6CB7AE18B5FF688DBE86FF02FF80ABB6F90CDD4912D4E08486A58BE2FC,18481,qml:Qt5Compat.GraphicalEffects,qml,POSSIBLY_UNUSED,PySide6 wheel tree SHA-256 match,,UNKNOWN
Release/External_Test/2026-07-30_audio-validation-fix/Qonic_Audio_v5.0_internal_test/_internal/PySide6/qml/Qt5Compat/GraphicalEffects/BrightnessContrast.qml,66BB9246B82053DB6D8F89B77B61BF071252BD9890C44F1089F29987C2378A0C,5318,qml:Qt5Compat.GraphicalEffects,qml,POSSIBLY_UNUSED,PySide6 wheel tree SHA-256 match,,UNKNOWN
Release/External_Test/2026-07-30_audio-validation-fix/Qonic_Audio_v5.0_internal_test/_internal/PySide6/qml/Qt5Compat/GraphicalEffects/Colorize.qml,D19743098BB3D276B4CA3DF0096D0AC0769452F3A753C4A29571E748F6C9564F,6588,qml:Qt5Compat.GraphicalEffects,qml,POSSIBLY_UNUSED,PySide6 wheel tree SHA-256 match,,UNKNOWN
Release/External_Test/2026-07-30_audio-validation-fix/Qonic_Audio_v5.0_internal_test/_internal/PySide6/qml/Qt5Compat/GraphicalEffects/ColorOverlay.qml,E5481B6F87D3063160F288F314246B456209D942004951B562569BB7A5560D7E,3461,qml:Qt5Compat.GraphicalEffects,qml,POSSIBLY_UNUSED,PySide6 wheel tree SHA-256 match,,UNKNOWN
Release/External_Test/2026-07-30_audio-validation-fix/Qonic_Audio_v5.0_internal_test/_internal/PySide6/qml/Qt5Compat/GraphicalEffects/ConicalGradient.qml,375CB9264F4FFAEF44C25C9EE2DD07CADBA9B0C075F8CCCA6099F3993FFA8E73,8893,qml:Qt5Compat.GraphicalEffects,qml,POSSIBLY_UNUSED,PySide6 wheel tree SHA-256 match,,UNKNOWN
Release/External_Test/2026-07-30_audio-validation-fix/Qonic_Audio_v5.0_internal_test/_internal/PySide6/qml/Qt5Compat/GraphicalEffects/Desaturate.qml,F918D17B910F9CA211EB533F1676DAAA1DFE3EA3DC38EEC628D16583CF375443,3428,qml:Qt5Compat.GraphicalEffects,qml,POSSIBLY_UNUSED,PySide6 wheel tree SHA-256 match,,UNKNOWN
Release/External_Test/2026-07-30_audio-validation-fix/Qonic_Audio_v5.0_internal_test/_internal/PySide6/qml/Qt5Compat/GraphicalEffects/DirectionalBlur.qml,A55C76F860D08879F827FF362E6D358600FA39E0BFD4F116911AC53D283B268F,9424,qml:Qt5Compat.GraphicalEffects,qml,POSSIBLY_UNUSED,PySide6 wheel tree SHA-256 match,,UNKNOWN
Release/External_Test/2026-07-30_audio-validation-fix/Qonic_Audio_v5.0_internal_test/_internal/PySide6/qml/Qt5Compat/GraphicalEffects/Displace.qml,DB9CD69F80FF0E22B45E13B2B9B263B6CC85EE3C51AAC835E9FF4A44DF3763FD,5612,qml:Qt5Compat.GraphicalEffects,qml,POSSIBLY_UNUSED,PySide6 wheel tree SHA-256 match,,UNKNOWN
Release/External_Test/2026-07-30_audio-validation-fix/Qonic_Audio_v5.0_internal_test/_internal/PySide6/qml/Qt5Compat/GraphicalEffects/DropShadow.qml,BFCDF656F96A57C318DBCDA45ECBF094018AB5B3E55B1D3CED7191CDE06F57DA,12274,qml:Qt5Compat.GraphicalEffects,qml,POSSIBLY_UNUSED,PySide6 wheel tree SHA-256 match,,UNKNOWN
Release/External_Test/2026-07-30_audio-validation-fix/Qonic_Audio_v5.0_internal_test/_internal/PySide6/qml/Qt5Compat/GraphicalEffects/FastBlur.qml,6728AE8D070D617896EC1A2FCB13D531A7B0B701CE3F0591D827E60F2BA4E44A,12213,qml:Qt5Compat.GraphicalEffects,qml,POSSIBLY_UNUSED,PySide6 wheel tree SHA-256 match,,UNKNOWN
Release/External_Test/2026-07-30_audio-validation-fix/Qonic_Audio_v5.0_internal_test/_internal/PySide6/qml/Qt5Compat/GraphicalEffects/GammaAdjust.qml,0576DD5BFE65B6304AF144F8F84201C63BAAA76217BA1670AED3E26696C02A40,4675,qml:Qt5Compat.GraphicalEffects,qml,POSSIBLY_UNUSED,PySide6 wheel tree SHA-256 match,,UNKNOWN
Release/External_Test/2026-07-30_audio-validation-fix/Qonic_Audio_v5.0_internal_test/_internal/PySide6/qml/Qt5Compat/GraphicalEffects/GaussianBlur.qml,03E89297915E0C8F27DC63F5493F1765F2B45D436C4E8AE109D59A58A00D9390,12860,qml:Qt5Compat.GraphicalEffects,qml,POSSIBLY_UNUSED,PySide6 wheel tree SHA-256 match,,UNKNOWN
Release/External_Test/2026-07-30_audio-validation-fix/Qonic_Audio_v5.0_internal_test/_internal/PySide6/qml/Qt5Compat/GraphicalEffects/Glow.qml,65F985B78CC26DFE8FC14BE573EB1D2B418D9DBCB62C85522CEFBA6237C5EC56,8048,qml:Qt5Compat.GraphicalEffects,qml,POSSIBLY_UNUSED,PySide6 wheel tree SHA-256 match,,UNKNOWN
Release/External_Test/2026-07-30_audio-validation-fix/Qonic_Audio_v5.0_internal_test/_internal/PySide6/qml/Qt5Compat/GraphicalEffects/HueSaturation.qml,FA368F02F352CC29A45829A155382E6CC000D6D39647EE0DB0764BE19AC93D10,5903,qml:Qt5Compat.GraphicalEffects,qml,POSSIBLY_UNUSED,PySide6 wheel tree SHA-256 match,,UNKNOWN
Release/External_Test/2026-07-30_audio-validation-fix/Qonic_Audio_v5.0_internal_test/_internal/PySide6/qml/Qt5Compat/GraphicalEffects/InnerShadow.qml,BDCC5C1301712189E9FA426E5A7052471C26F17D374C0606CE1D9F75E6D95F05,11525,qml:Qt5Compat.GraphicalEffects,qml,POSSIBLY_UNUSED,PySide6 wheel tree SHA-256 match,,UNKNOWN
Release/External_Test/2026-07-30_audio-validation-fix/Qonic_Audio_v5.0_internal_test/_internal/PySide6/qml/Qt5Compat/GraphicalEffects/LevelAdjust.qml,1601C7555B6F9B4DFC88A4CA663481EAD85135CB75B8A6DD6B1350FAA311797C,15265,qml:Qt5Compat.GraphicalEffects,qml,POSSIBLY_UNUSED,PySide6 wheel tree SHA-256 match,,UNKNOWN
Release/External_Test/2026-07-30_audio-validation-fix/Qonic_Audio_v5.0_internal_test/_internal/PySide6/qml/Qt5Compat/GraphicalEffects/LinearGradient.qml,72483B14AFDE6EB47B2D0B5916BC3A9F4C645D7600215DB9DA6BD26CA9785E33,9475,qml:Qt5Compat.GraphicalEffects,qml,POSSIBLY_UNUSED,PySide6 wheel tree SHA-256 match,,UNKNOWN
Release/External_Test/2026-07-30_audio-validation-fix/Qonic_Audio_v5.0_internal_test/_internal/PySide6/qml/Qt5Compat/GraphicalEffects/MaskedBlur.qml,41ECCF1FFC4C564EB2AFF98F7CE4FB14E3A470FEC29802844007F85B76ADE393,5408,qml:Qt5Compat.GraphicalEffects,qml,POSSIBLY_UNUSED,PySide6 wheel tree SHA-256 match,,UNKNOWN
Release/External_Test/2026-07-30_audio-validation-fix/Qonic_Audio_v5.0_internal_test/_internal/PySide6/qml/Qt5Compat/GraphicalEffects/OpacityMask.qml,1F4EB06BD4F1A1B72F7F226574436248BDBCF50AAB203AEE86B4F515BB043D06,4162,qml:Qt5Compat.GraphicalEffects,qml,POSSIBLY_UNUSED,PySide6 wheel tree SHA-256 match,,UNKNOWN
Release/External_Test/2026-07-30_audio-validation-fix/Qonic_Audio_v5.0_internal_test/_internal/PySide6/qml/Qt5Compat/GraphicalEffects/private/DropShadowBase.qml,F5301BDC5C3FC0C2EE32EB46F83A7C14684F03DF8AF69F69C746A14AD612AAB6,2013,qml:Qt5Compat.GraphicalEffects.private,qml,POSSIBLY_UNUSED,PySide6 wheel tree SHA-256 match,,UNKNOWN
Release/External_Test/2026-07-30_audio-validation-fix/Qonic_Audio_v5.0_internal_test/_internal/PySide6/qml/Qt5Compat/GraphicalEffects/private/FastGlow.qml,E76B95ABA228E9022ADEF6E6141D90A27C2FBC18761CB405EB993344991690EB,8245,qml:Qt5Compat.GraphicalEffects.private,qml,POSSIBLY_UNUSED,PySide6 wheel tree SHA-256 match,,UNKNOWN
Release/External_Test/2026-07-30_audio-validation-fix/Qonic_Audio_v5.0_internal_test/_internal/PySide6/qml/Qt5Compat/GraphicalEffects/private/FastInnerShadow.qml,78706E163DD81EC15D870BF6BD81FFA19A362ACDF9557598220265775AE959A6,8398,qml:Qt5Compat.GraphicalEffects.private,qml,POSSIBLY_UNUSED,PySide6 wheel tree SHA-256 match,,UNKNOWN
Release/External_Test/2026-07-30_audio-validation-fix/Qonic_Audio_v5.0_internal_test/_internal/PySide6/qml/Qt5Compat/GraphicalEffects/private/GaussianDirectionalBlur.qml,4F8DEAA830602EB450CDDD92DB669FDDB898FA87366EBE69ACCDA515BC0E3C28,10612,qml:Qt5Compat.GraphicalEffects.private,qml,POSSIBLY_UNUSED,PySide6 wheel tree SHA-256 match,,UNKNOWN
Release/External_Test/2026-07-30_audio-validation-fix/Qonic_Audio_v5.0_internal_test/_internal/PySide6/qml/Qt5Compat/GraphicalEffects/private/GaussianGlow.qml,FDF27D271B7CB239FCC687386BF9333407A4D1B2C196E5F2C53BA8A8CE86989D,2062,qml:Qt5Compat.GraphicalEffects.private,qml,POSSIBLY_UNUSED,PySide6 wheel tree SHA-256 match,,UNKNOWN
Release/External_Test/2026-07-30_audio-validation-fix/Qonic_Audio_v5.0_internal_test/_internal/PySide6/qml/Qt5Compat/GraphicalEffects/private/GaussianInnerShadow.qml,980A02AE9F3B221A322CCBCC3522F7CF9C6780F53E552EFFAD579D0D7678534B,2614,qml:Qt5Compat.GraphicalEffects.private,qml,POSSIBLY_UNUSED,PySide6 wheel tree SHA-256 match,,UNKNOWN
Release/External_Test/2026-07-30_audio-validation-fix/Qonic_Audio_v5.0_internal_test/_internal/PySide6/qml/Qt5Compat/GraphicalEffects/private/GaussianMaskedBlur.qml,3502A98AC037E0B39D1D5ACB83D43AD62BE077E588B7ACA31831532B0141AF13,2280,qml:Qt5Compat.GraphicalEffects.private,qml,POSSIBLY_UNUSED,PySide6 wheel tree SHA-256 match,,UNKNOWN
Release/External_Test/2026-07-30_audio-validation-fix/Qonic_Audio_v5.0_internal_test/_internal/PySide6/qml/Qt5Compat/GraphicalEffects/private/plugins.qmltypes,3E1FCCC61B9F9D4633B3F68EA8CBEB936C45E814A6CBA95A5C541F92B4D31FAE,3646,qml:Qt5Compat.GraphicalEffects.private,qml,POSSIBLY_UNUSED,PySide6 wheel tree SHA-256 match,,UNKNOWN
Release/External_Test/2026-07-30_audio-validation-fix/Qonic_Audio_v5.0_internal_test/_internal/PySide6/qml/Qt5Compat/GraphicalEffects/private/qmldir,2E8D977E9EB67E42261E475358037EE9C0B8BF4F025932E5B6D0D8E54DFC2A36,883,qml:Qt5Compat.GraphicalEffects.private,qml,POSSIBLY_UNUSED,PySide6 wheel tree SHA-256 match,,UNKNOWN
Release/External_Test/2026-07-30_audio-validation-fix/Qonic_Audio_v5.0_internal_test/_internal/PySide6/qml/Qt5Compat/GraphicalEffects/private/qtgraphicaleffectsprivateplugin.dll,FAACA1F38EB2A9F7FDCAACD980807CA96DED990DB8A470C28BE69941213F5661,452920,qml:Qt5Compat.GraphicalEffects.private,qml,POSSIBLY_UNUSED,PySide6 wheel tree SHA-256 match,,UNKNOWN
Release/External_Test/2026-07-30_audio-validation-fix/Qonic_Audio_v5.0_internal_test/_internal/PySide6/qml/Qt5Compat/GraphicalEffects/qmldir,C1B23FC54E88302A784C981DAA38696E9BF0303B586972083A92A53A4361C4F4,2032,qml:Qt5Compat.GraphicalEffects,qml,POSSIBLY_UNUSED,PySide6 wheel tree SHA-256 match,,UNKNOWN
Release/External_Test/2026-07-30_audio-validation-fix/Qonic_Audio_v5.0_internal_test/_internal/PySide6/qml/Qt5Compat/GraphicalEffects/qtgraphicaleffectsplugin.dll,2F1FAFB0F62F86DE6E439B44A21CFABDA911BE5B25266BF6A56F246E93F0DE7B,806712,qml:Qt5Compat.GraphicalEffects,qml,POSSIBLY_UNUSED,PySide6 wheel tree SHA-256 match,,UNKNOWN
Release/External_Test/2026-07-30_audio-validation-fix/Qonic_Audio_v5.0_internal_test/_internal/PySide6/qml/Qt5Compat/GraphicalEffects/qtgraphicaleffectsplugin.qmltypes,A96C7BF5832767BDC9D91E2290A3920AEC3ABFBF2E3814BCE38B49483F16F84A,215,qml:Qt5Compat.GraphicalEffects,qml,POSSIBLY_UNUSED,PySide6 wheel tree SHA-256 match,,UNKNOWN
Release/External_Test/2026-07-30_audio-validation-fix/Qonic_Audio_v5.0_internal_test/_internal/PySide6/qml/Qt5Compat/GraphicalEffects/RadialBlur.qml,80B038B4702DABE3DDCD69DC0048974DBEA73EE15ADCE6A0BD5177D02B35FD2B,10644,qml:Qt5Compat.GraphicalEffects,qml,POSSIBLY_UNUSED,PySide6 wheel tree SHA-256 match,,UNKNOWN
Release/External_Test/2026-07-30_audio-validation-fix/Qonic_Audio_v5.0_internal_test/_internal/PySide6/qml/Qt5Compat/GraphicalEffects/RadialGradient.qml,DB8C66899857F1DB2E9E08B5AEFD996B4564FCE5518B670609DD4C50A3F6F7F6,12404,qml:Qt5Compat.GraphicalEffects,qml,POSSIBLY_UNUSED,PySide6 wheel tree SHA-256 match,,UNKNOWN
Release/External_Test/2026-07-30_audio-validation-fix/Qonic_Audio_v5.0_internal_test/_internal/PySide6/qml/Qt5Compat/GraphicalEffects/RectangularGlow.qml,C8753582C0DF588C7AF8B3F88653C3391E06EDA0FB9F8AE0C7BAE92587FFA319,7765,qml:Qt5Compat.GraphicalEffects,qml,POSSIBLY_UNUSED,PySide6 wheel tree SHA-256 match,,UNKNOWN
Release/External_Test/2026-07-30_audio-validation-fix/Qonic_Audio_v5.0_internal_test/_internal/PySide6/qml/Qt5Compat/GraphicalEffects/RecursiveBlur.qml,A978CED9CEAC65D51258655AEB9020639DCE6A18463EF444F7A7AF4FE8328247,10239,qml:Qt5Compat.GraphicalEffects,qml,POSSIBLY_UNUSED,PySide6 wheel tree SHA-256 match,,UNKNOWN
Release/External_Test/2026-07-30_audio-validation-fix/Qonic_Audio_v5.0_internal_test/_internal/PySide6/qml/Qt5Compat/GraphicalEffects/ThresholdMask.qml,2936500AE548968FBC0D465FD2AE749A987400E36E8DCD3AE1B417C49D1042E7,6210,qml:Qt5Compat.GraphicalEffects,qml,POSSIBLY_UNUSED,PySide6 wheel tree SHA-256 match,,UNKNOWN
Release/External_Test/2026-07-30_audio-validation-fix/Qonic_Audio_v5.0_internal_test/_internal/PySide6/qml/Qt5Compat/GraphicalEffects/ZoomBlur.qml,3EE2A041426D397F36CEC9DBBEEC2CB98BD67431B65BEED5343290C954C2DFEC,10083,qml:Qt5Compat.GraphicalEffects,qml,POSSIBLY_UNUSED,PySide6 wheel tree SHA-256 match,,UNKNOWN
Release/External_Test/2026-07-30_audio-validation-fix/Qonic_Audio_v5.0_internal_test/_internal/PySide6/qml/Qt/labs/animation/labsanimationplugin.dll,43803A27D0D1ACCF4A37936D888A17428CA8A10F1EC131D7FA601217F11186A8,30520,qml:Qt.labs.animation,qml,POSSIBLY_UNUSED,PySide6 wheel tree SHA-256 match,,UNKNOWN
Release/External_Test/2026-07-30_audio-validation-fix/Qonic_Audio_v5.0_internal_test/_internal/PySide6/qml/Qt/labs/animation/plugins.qmltypes,FC40A0B1AE5171F7F0186D3F27F2F83A5351A7BAA75301C0AB482193F095CECF,4627,qml:Qt.labs.animation,qml,POSSIBLY_UNUSED,PySide6 wheel tree SHA-256 match,,UNKNOWN
Release/External_Test/2026-07-30_audio-validation-fix/Qonic_Audio_v5.0_internal_test/_internal/PySide6/qml/Qt/labs/animation/qmldir,18C2EC96B317C28B2BD4F5CCA2AC4B83352479C2FEB71D2994B9F74B82B98C88,246,qml:Qt.labs.animation,qml,POSSIBLY_UNUSED,PySide6 wheel tree SHA-256 match,,UNKNOWN
Release/External_Test/2026-07-30_audio-validation-fix/Qonic_Audio_v5.0_internal_test/_internal/PySide6/qml/Qt/labs/assetdownloader/objects-Debug/QmlAssetDownloaderPrivate_resources_1/.qt/rcc/qrc_qmake_Qt_labs_assetdownloader_init.cpp.obj,F406D0D26F849DB4EE5225744DB5BD5669719536EAC7F6026A841B2278F8C077,14477,qml:Qt.labs.assetdownloader,qml,POSSIBLY_UNUSED,PySide6 wheel tree SHA-256 match,,UNKNOWN
Release/External_Test/2026-07-30_audio-validation-fix/Qonic_Audio_v5.0_internal_test/_internal/PySide6/qml/Qt/labs/assetdownloader/objects-Debug/QmlAssetDownloaderPrivateplugin_init/QmlAssetDownloaderPrivateplugin_init.cpp.obj,0B6832567FF765CA703D32722B59FEB08B011B68D9A55AF9B8588B3ECD92312F,683521,qml:Qt.labs.assetdownloader,qml,POSSIBLY_UNUSED,PySide6 wheel tree SHA-256 match,,UNKNOWN
Release/External_Test/2026-07-30_audio-validation-fix/Qonic_Audio_v5.0_internal_test/_internal/PySide6/qml/Qt/labs/assetdownloader/objects-RelWithDebInfo/QmlAssetDownloaderPrivate_resources_1/.qt/rcc/qrc_qmake_Qt_labs_assetdownloader_init.cpp.obj,FD1419835F6354C912C2769FA1EDF71434687DC4E44CA29AB7FA03333A1BA862,13341,qml:Qt.labs.assetdownloader,qml,POSSIBLY_UNUSED,PySide6 wheel tree SHA-256 match,,UNKNOWN
Release/External_Test/2026-07-30_audio-validation-fix/Qonic_Audio_v5.0_internal_test/_internal/PySide6/qml/Qt/labs/assetdownloader/objects-RelWithDebInfo/QmlAssetDownloaderPrivateplugin_init/QmlAssetDownloaderPrivateplugin_init.cpp.obj,D1AD2084D709D7D1004D51FE4A6DFF551239A7C023B6AB03F19946675688E719,680147,qml:Qt.labs.assetdownloader,qml,POSSIBLY_UNUSED,PySide6 wheel tree SHA-256 match,,UNKNOWN
Release/External_Test/2026-07-30_audio-validation-fix/Qonic_Audio_v5.0_internal_test/_internal/PySide6/qml/Qt/labs/assetdownloader/plugins.qmltypes,EC679018074DA941ECA95A7DC7C0FFA44E455F117362A0B4FAA7CC3669368BBD,4011,qml:Qt.labs.assetdownloader,qml,POSSIBLY_UNUSED,PySide6 wheel tree SHA-256 match,,UNKNOWN
Release/External_Test/2026-07-30_audio-validation-fix/Qonic_Audio_v5.0_internal_test/_internal/PySide6/qml/Qt/labs/assetdownloader/qmlassetdownloaderprivateplugin.lib,7C7E19879C7FF8CE3A30351319F431BB3D2203FE8F3E1438E318646ED6DAE807,746550,qml:Qt.labs.assetdownloader,qml,POSSIBLY_UNUSED,PySide6 wheel tree SHA-256 match,,UNKNOWN
Release/External_Test/2026-07-30_audio-validation-fix/Qonic_Audio_v5.0_internal_test/_internal/PySide6/qml/Qt/labs/assetdownloader/qmlassetdownloaderprivateplugin.prl,3A588BF8A624277A7F78D0C71803DC859B8D1299E1F0ACDA992B4C3A1F5DC263,1153,qml:Qt.labs.assetdownloader,qml,POSSIBLY_UNUSED,PySide6 wheel tree SHA-256 match,,UNKNOWN
Release/External_Test/2026-07-30_audio-validation-fix/Qonic_Audio_v5.0_internal_test/_internal/PySide6/qml/Qt/labs/assetdownloader/qmlassetdownloaderprivateplugind.lib,894C6BE11721C45F65810A74F71584C43F2988C602C44AEA4DFA1DB85ECC8AFA,791100,qml:Qt.labs.assetdownloader,qml,POSSIBLY_UNUSED,PySide6 wheel tree SHA-256 match,,UNKNOWN
Release/External_Test/2026-07-30_audio-validation-fix/Qonic_Audio_v5.0_internal_test/_internal/PySide6/qml/Qt/labs/assetdownloader/qmlassetdownloaderprivateplugind.prl,0CAE596086613A827283263BFCFCE02E67E24E12C07A56D345940F601D8CA2EF,1150,qml:Qt.labs.assetdownloader,qml,POSSIBLY_UNUSED,PySide6 wheel tree SHA-256 match,,UNKNOWN
Release/External_Test/2026-07-30_audio-validation-fix/Qonic_Audio_v5.0_internal_test/_internal/PySide6/qml/Qt/labs/assetdownloader/qmldir,09C2FDE47207AA0B4F6C5E2650131383145C26E5068F808E73707CE2F870DE0F,258,qml:Qt.labs.assetdownloader,qml,POSSIBLY_UNUSED,PySide6 wheel tree SHA-256 match,,UNKNOWN
Release/External_Test/2026-07-30_audio-validation-fix/Qonic_Audio_v5.0_internal_test/_internal/PySide6/qml/Qt/labs/folderlistmodel/plugins.qmltypes,867AC0AD05D0AA0E6E9849A617629ED1F369689B10211CB3FFBC2D224B1E763F,8461,qml:Qt.labs.folderlistmodel,qml,POSSIBLY_UNUSED,PySide6 wheel tree SHA-256 match,,UNKNOWN
Release/External_Test/2026-07-30_audio-validation-fix/Qonic_Audio_v5.0_internal_test/_internal/PySide6/qml/Qt/labs/folderlistmodel/qmldir,A021E22347BAC8943E441BCA5A4018328B252278DBA053501854A92604098BD0,266,qml:Qt.labs.folderlistmodel,qml,POSSIBLY_UNUSED,PySide6 wheel tree SHA-256 match,,UNKNOWN
Release/External_Test/2026-07-30_audio-validation-fix/Qonic_Audio_v5.0_internal_test/_internal/PySide6/qml/Qt/labs/folderlistmodel/qmlfolderlistmodelplugin.dll,29EAA04FA38C28406C0E8AB68CD80D7274FF48C862B449F073592C2272B940F4,30520,qml:Qt.labs.folderlistmodel,qml,POSSIBLY_UNUSED,PySide6 wheel tree SHA-256 match,,UNKNOWN
Release/External_Test/2026-07-30_audio-validation-fix/Qonic_Audio_v5.0_internal_test/_internal/PySide6/qml/Qt/labs/platform/labsplatformplugin.dll,83D4212839E488F6477A469AACAF3FDD0E3AE05E374699A353800D858A4B2271,30520,qml:Qt.labs.platform,qml,POSSIBLY_UNUSED,PySide6 wheel tree SHA-256 match,,UNKNOWN
Release/External_Test/2026-07-30_audio-validation-fix/Qonic_Audio_v5.0_internal_test/_internal/PySide6/qml/Qt/labs/platform/plugins.qmltypes,D22FDCCDB9B16DCE4545E7E7384DE15B27C92444764D171AC0433800A50CBD4B,45239,qml:Qt.labs.platform,qml,POSSIBLY_UNUSED,PySide6 wheel tree SHA-256 match,,UNKNOWN
Release/External_Test/2026-07-30_audio-validation-fix/Qonic_Audio_v5.0_internal_test/_internal/PySide6/qml/Qt/labs/platform/qmldir,74BB02960A5BC9CEF9459334069D9C6B83F4D525E1F1106AB7FCECEBE32B4FAB,253,qml:Qt.labs.platform,qml,POSSIBLY_UNUSED,PySide6 wheel tree SHA-256 match,,UNKNOWN
Release/External_Test/2026-07-30_audio-validation-fix/Qonic_Audio_v5.0_internal_test/_internal/PySide6/qml/Qt/labs/qmlmodels/labsmodelsplugin.dll,48CF959590FCFF49696E252ACF9D1CD3F7E24D6B2235F2CCE1DC5B09C9A18606,30520,qml:Qt.labs.qmlmodels,qml,POSSIBLY_UNUSED,PySide6 wheel tree SHA-256 match,,UNKNOWN
Release/External_Test/2026-07-30_audio-validation-fix/Qonic_Audio_v5.0_internal_test/_internal/PySide6/qml/Qt/labs/qmlmodels/plugins.qmltypes,BA5753A85435C141CCF1022C274F37BD8F738E0884CAB6767B884DA664826166,15251,qml:Qt.labs.qmlmodels,qml,POSSIBLY_UNUSED,PySide6 wheel tree SHA-256 match,,UNKNOWN
Release/External_Test/2026-07-30_audio-validation-fix/Qonic_Audio_v5.0_internal_test/_internal/PySide6/qml/Qt/labs/qmlmodels/qmldir,250314144302171279962588162765F7BFACAFEEDEE6CB4ADDAF23B4E3CCAAC4,235,qml:Qt.labs.qmlmodels,qml,POSSIBLY_UNUSED,PySide6 wheel tree SHA-256 match,,UNKNOWN
Release/External_Test/2026-07-30_audio-validation-fix/Qonic_Audio_v5.0_internal_test/_internal/PySide6/qml/Qt/labs/settings/plugins.qmltypes,14C6A6FD022257A1A555EF2A462D3611ACC117A482537CC63291D8BFE3293A13,1847,qml:Qt.labs.settings,qml,POSSIBLY_UNUSED,PySide6 wheel tree SHA-256 match,,UNKNOWN
Release/External_Test/2026-07-30_audio-validation-fix/Qonic_Audio_v5.0_internal_test/_internal/PySide6/qml/Qt/labs/settings/qmldir,187F103117E42CB5B0EAE735A05B19B788C1E7680CAECF7A23BF5A2ABDCC7B46,204,qml:Qt.labs.settings,qml,POSSIBLY_UNUSED,PySide6 wheel tree SHA-256 match,,UNKNOWN
Release/External_Test/2026-07-30_audio-validation-fix/Qonic_Audio_v5.0_internal_test/_internal/PySide6/qml/Qt/labs/settings/qmlsettingsplugin.dll,16788979E9245ECB32C60FB7BFA8030363441EA2E72A49CF1223FAD78321384E,30520,qml:Qt.labs.settings,qml,POSSIBLY_UNUSED,PySide6 wheel tree SHA-256 match,,UNKNOWN
Release/External_Test/2026-07-30_audio-validation-fix/Qonic_Audio_v5.0_internal_test/_internal/PySide6/qml/Qt/labs/sharedimage/plugins.qmltypes,85EE2A90A1E9FB8CC8706F18BECA91B578C7F38C8C59B28943C02BDEEB257EDE,409,qml:Qt.labs.sharedimage,qml,POSSIBLY_UNUSED,PySide6 wheel tree SHA-256 match,,UNKNOWN
Release/External_Test/2026-07-30_audio-validation-fix/Qonic_Audio_v5.0_internal_test/_internal/PySide6/qml/Qt/labs/sharedimage/qmldir,1991AF09BF6CDB9DAF8AC36849B4A219D5591A978F485026D28059A7C241EA84,233,qml:Qt.labs.sharedimage,qml,POSSIBLY_UNUSED,PySide6 wheel tree SHA-256 match,,UNKNOWN
Release/External_Test/2026-07-30_audio-validation-fix/Qonic_Audio_v5.0_internal_test/_internal/PySide6/qml/Qt/labs/sharedimage/sharedimageplugin.dll,9E5B53A5619520215BFBC3CC42DA1C1E422447BC860926BE1BF049AD6F559D17,33592,qml:Qt.labs.sharedimage,qml,POSSIBLY_UNUSED,PySide6 wheel tree SHA-256 match,,UNKNOWN
Release/External_Test/2026-07-30_audio-validation-fix/Qonic_Audio_v5.0_internal_test/_internal/PySide6/qml/Qt/labs/StyleKit/ApplicationWindow.qml,D5786C90D8B347BBD387994B4ED83B479C0EAC24AA846247BC2BFCFF0708EEB4,817,qml:Qt.labs.StyleKit,qml,POSSIBLY_UNUSED,PySide6 wheel tree SHA-256 match,,UNKNOWN
Release/External_Test/2026-07-30_audio-validation-fix/Qonic_Audio_v5.0_internal_test/_internal/PySide6/qml/Qt/labs/StyleKit/Button.qml,FA8FC169477CB2B593DE70CA622842B995EE613E96910FDFF3F83330B12CBF38,2282,qml:Qt.labs.StyleKit,qml,POSSIBLY_UNUSED,PySide6 wheel tree SHA-256 match,,UNKNOWN
Release/External_Test/2026-07-30_audio-validation-fix/Qonic_Audio_v5.0_internal_test/_internal/PySide6/qml/Qt/labs/StyleKit/CheckBox.qml,6F5C8BA3C25D6AB838D45E3CD52493D77A7DD1DEC066DF462F2BF15ADA512471,3695,qml:Qt.labs.StyleKit,qml,POSSIBLY_UNUSED,PySide6 wheel tree SHA-256 match,,UNKNOWN
Release/External_Test/2026-07-30_audio-validation-fix/Qonic_Audio_v5.0_internal_test/_internal/PySide6/qml/Qt/labs/StyleKit/ComboBox.qml,735CA6A0992AD4462B5DC3A950D818CCA9F61FBA0AAC3083F3E4D75F425704A5,5580,qml:Qt.labs.StyleKit,qml,POSSIBLY_UNUSED,PySide6 wheel tree SHA-256 match,,UNKNOWN
Release/External_Test/2026-07-30_audio-validation-fix/Qonic_Audio_v5.0_internal_test/_internal/PySide6/qml/Qt/labs/StyleKit/Frame.qml,3A111916154591CC5CF02A5EA9D25DDFD03F2283042AF22D86D9E389137C97E1,1477,qml:Qt.labs.StyleKit,qml,POSSIBLY_UNUSED,PySide6 wheel tree SHA-256 match,,UNKNOWN
Release/External_Test/2026-07-30_audio-validation-fix/Qonic_Audio_v5.0_internal_test/_internal/PySide6/qml/Qt/labs/StyleKit/GroupBox.qml,B9747ACD93611DD2CF741EEAB62E623E60D5D1E0425C2B1D8039ECCA111F14E8,2512,qml:Qt.labs.StyleKit,qml,POSSIBLY_UNUSED,PySide6 wheel tree SHA-256 match,,UNKNOWN
Release/External_Test/2026-07-30_audio-validation-fix/Qonic_Audio_v5.0_internal_test/_internal/PySide6/qml/Qt/labs/StyleKit/impl/BackgroundAndIndicatorDelegate.qml,AF281FE6907870265602D7C777577B8BD6C7272CF7B33F0B264CD76CCB8C6A2A,3301,qml:Qt.labs.StyleKit,qml,POSSIBLY_UNUSED,PySide6 wheel tree SHA-256 match,,UNKNOWN
Release/External_Test/2026-07-30_audio-validation-fix/Qonic_Audio_v5.0_internal_test/_internal/PySide6/qml/Qt/labs/StyleKit/impl/BackgroundDelegate.qml,A64BB35592420F3C24395B26174CAEEA3C33710CFD04B8B4E897BCAB89E5A253,383,qml:Qt.labs.StyleKit,qml,POSSIBLY_UNUSED,PySide6 wheel tree SHA-256 match,,UNKNOWN
Release/External_Test/2026-07-30_audio-validation-fix/Qonic_Audio_v5.0_internal_test/_internal/PySide6/qml/Qt/labs/StyleKit/impl/FallbackStyle.qml,CCDBE740548EB0217A3C8B5B2F417793592B1ED8D43ED5C172CDF9AEE626EAFC,10177,qml:Qt.labs.StyleKit,qml,POSSIBLY_UNUSED,PySide6 wheel tree SHA-256 match,,UNKNOWN
Release/External_Test/2026-07-30_audio-validation-fix/Qonic_Audio_v5.0_internal_test/_internal/PySide6/qml/Qt/labs/StyleKit/impl/HandleDelegate.qml,5617A52E9F1D849FB9B8F9BCCC7AA928400B0370F7E16F61A729D87557050B16,406,qml:Qt.labs.StyleKit,qml,POSSIBLY_UNUSED,PySide6 wheel tree SHA-256 match,,UNKNOWN
Release/External_Test/2026-07-30_audio-validation-fix/Qonic_Audio_v5.0_internal_test/_internal/PySide6/qml/Qt/labs/StyleKit/impl/IndicatorDelegate.qml,757DF9814297556765E0D729D78B6FD8DBEE66E6FC0524304D3AE37FFA82BB85,3868,qml:Qt.labs.StyleKit,qml,POSSIBLY_UNUSED,PySide6 wheel tree SHA-256 match,,UNKNOWN
Release/External_Test/2026-07-30_audio-validation-fix/Qonic_Audio_v5.0_internal_test/_internal/PySide6/qml/Qt/labs/StyleKit/impl/labsstylekitimplplugin.dll,B97DB172D9B502D7E6537E2105E27F75AF00110D1ED7998951F2E99BCAF52D1A,30520,qml:Qt.labs.StyleKit,qml,POSSIBLY_UNUSED,PySide6 wheel tree SHA-256 match,,UNKNOWN
Release/External_Test/2026-07-30_audio-validation-fix/Qonic_Audio_v5.0_internal_test/_internal/PySide6/qml/Qt/labs/StyleKit/impl/plugins.qmltypes,93C38EDAB74432C1551CEFD049554711645BB18BA2745167E253B355BCD28502,8641,qml:Qt.labs.StyleKit,qml,POSSIBLY_UNUSED,PySide6 wheel tree SHA-256 match,,UNKNOWN
Release/External_Test/2026-07-30_audio-validation-fix/Qonic_Audio_v5.0_internal_test/_internal/PySide6/qml/Qt/labs/StyleKit/impl/qmldir,3B97C408567C50796671DCA6D0BA2222DAAC3C31CCCB0699B4C714582867A3BF,530,qml:Qt.labs.StyleKit,qml,POSSIBLY_UNUSED,PySide6 wheel tree SHA-256 match,,UNKNOWN
Release/External_Test/2026-07-30_audio-validation-fix/Qonic_Audio_v5.0_internal_test/_internal/PySide6/qml/Qt/labs/StyleKit/impl/Shadow.qml,3EFD554A7DBE3F00973ABCF27CEE2D7F05B947BCB6E1FD08B6D0193BC64AB072,1067,qml:Qt.labs.StyleKit,qml,POSSIBLY_UNUSED,PySide6 wheel tree SHA-256 match,,UNKNOWN
Release/External_Test/2026-07-30_audio-validation-fix/Qonic_Audio_v5.0_internal_test/_internal/PySide6/qml/Qt/labs/StyleKit/ItemDelegate.qml,1BD880FCE1887C7AB5F76E1EDEA28D7F9DE6FD06E8BC56E49D01032EE298A372,2361,qml:Qt.labs.StyleKit,qml,POSSIBLY_UNUSED,PySide6 wheel tree SHA-256 match,,UNKNOWN
Release/External_Test/2026-07-30_audio-validation-fix/Qonic_Audio_v5.0_internal_test/_internal/PySide6/qml/Qt/labs/StyleKit/Label.qml,39B04DBD3B98130701AF9D83464F0737F4F9BD29829DFD8C244FD190CB430767,1199,qml:Qt.labs.StyleKit,qml,POSSIBLY_UNUSED,PySide6 wheel tree SHA-256 match,,UNKNOWN
Release/External_Test/2026-07-30_audio-validation-fix/Qonic_Audio_v5.0_internal_test/_internal/PySide6/qml/Qt/labs/StyleKit/labsstylekitplugin.dll,2D657105E98A7F3F8B6E152F106AECFD679ABE8ADE0E0CC0DB186306A4CE99B9,30520,qml:Qt.labs.StyleKit,qml,POSSIBLY_UNUSED,PySide6 wheel tree SHA-256 match,,UNKNOWN
Release/External_Test/2026-07-30_audio-validation-fix/Qonic_Audio_v5.0_internal_test/_internal/PySide6/qml/Qt/labs/StyleKit/Page.qml,D09913D083A5D6EB30B2D8D5BBD1389827A17B94BDC1DC56A03B7C349AE05FE3,1740,qml:Qt.labs.StyleKit,qml,POSSIBLY_UNUSED,PySide6 wheel tree SHA-256 match,,UNKNOWN
Release/External_Test/2026-07-30_audio-validation-fix/Qonic_Audio_v5.0_internal_test/_internal/PySide6/qml/Qt/labs/StyleKit/Pane.qml,6A848228ECED42D5A54A4AD33427BECA7C21B4BFE86FBD6B7613502BD7BBAC94,1477,qml:Qt.labs.StyleKit,qml,POSSIBLY_UNUSED,PySide6 wheel tree SHA-256 match,,UNKNOWN
Release/External_Test/2026-07-30_audio-validation-fix/Qonic_Audio_v5.0_internal_test/_internal/PySide6/qml/Qt/labs/StyleKit/plugins.qmltypes,32100324690989EA336B9AF0C98BCEB0E1305BEC8C582B0A6051E6E23AB74602,68160,qml:Qt.labs.StyleKit,qml,POSSIBLY_UNUSED,PySide6 wheel tree SHA-256 match,,UNKNOWN
Release/External_Test/2026-07-30_audio-validation-fix/Qonic_Audio_v5.0_internal_test/_internal/PySide6/qml/Qt/labs/StyleKit/Popup.qml,05B8E0E43A29E33886E0DDD6022CCF48F583A05930777F5B6201230D4EF969FF,1721,qml:Qt.labs.StyleKit,qml,POSSIBLY_UNUSED,PySide6 wheel tree SHA-256 match,,UNKNOWN
Release/External_Test/2026-07-30_audio-validation-fix/Qonic_Audio_v5.0_internal_test/_internal/PySide6/qml/Qt/labs/StyleKit/ProgressBar.qml,818216A1E9D840CE91D4270AF33801F787D7A80A49F028B654BFD0EB82DA28B5,5292,qml:Qt.labs.StyleKit,qml,POSSIBLY_UNUSED,PySide6 wheel tree SHA-256 match,,UNKNOWN
Release/External_Test/2026-07-30_audio-validation-fix/Qonic_Audio_v5.0_internal_test/_internal/PySide6/qml/Qt/labs/StyleKit/qmldir,2422C7B648CBE8AC0F2A649CAA8186FBD135D312391C10BCCBEFDAE19F8260D9,1167,qml:Qt.labs.StyleKit,qml,POSSIBLY_UNUSED,PySide6 wheel tree SHA-256 match,,UNKNOWN
Release/External_Test/2026-07-30_audio-validation-fix/Qonic_Audio_v5.0_internal_test/_internal/PySide6/qml/Qt/labs/StyleKit/RadioButton.qml,E941330FA9DB2B9D317904D8FA0730D94E9CFEDEA868C4D734CDA21D4B53CE64,3716,qml:Qt.labs.StyleKit,qml,POSSIBLY_UNUSED,PySide6 wheel tree SHA-256 match,,UNKNOWN
Release/External_Test/2026-07-30_audio-validation-fix/Qonic_Audio_v5.0_internal_test/_internal/PySide6/qml/Qt/labs/StyleKit/RangeSlider.qml,7BCD5660E227221A37D68475225408A237F34F48A5549ACC10CA6D56532543A6,6513,qml:Qt.labs.StyleKit,qml,POSSIBLY_UNUSED,PySide6 wheel tree SHA-256 match,,UNKNOWN
Release/External_Test/2026-07-30_audio-validation-fix/Qonic_Audio_v5.0_internal_test/_internal/PySide6/qml/Qt/labs/StyleKit/ScrollBar.qml,CBE471C2B5DAF559437151F4FA3522FE4C90B82FBF04BBF7884C7148F098A84F,1695,qml:Qt.labs.StyleKit,qml,POSSIBLY_UNUSED,PySide6 wheel tree SHA-256 match,,UNKNOWN
Release/External_Test/2026-07-30_audio-validation-fix/Qonic_Audio_v5.0_internal_test/_internal/PySide6/qml/Qt/labs/StyleKit/ScrollIndicator.qml,EC25551247E3D9AC2E931CF409B11BD7F4699D67A7BD23F2B0E04B8F647FB8AC,2521,qml:Qt.labs.StyleKit,qml,POSSIBLY_UNUSED,PySide6 wheel tree SHA-256 match,,UNKNOWN
Release/External_Test/2026-07-30_audio-validation-fix/Qonic_Audio_v5.0_internal_test/_internal/PySide6/qml/Qt/labs/StyleKit/ScrollView.qml,D83991BA9DAC7C180028D6F05834F710B4F36201BBDB4B5D038584A856F6401D,2356,qml:Qt.labs.StyleKit,qml,POSSIBLY_UNUSED,PySide6 wheel tree SHA-256 match,,UNKNOWN
Release/External_Test/2026-07-30_audio-validation-fix/Qonic_Audio_v5.0_internal_test/_internal/PySide6/qml/Qt/labs/StyleKit/Slider.qml,92DE5BF8056A18711CAB6DCA1552891AC2E61EA437118ACB295067B0F7E423D4,3996,qml:Qt.labs.StyleKit,qml,POSSIBLY_UNUSED,PySide6 wheel tree SHA-256 match,,UNKNOWN
Release/External_Test/2026-07-30_audio-validation-fix/Qonic_Audio_v5.0_internal_test/_internal/PySide6/qml/Qt/labs/StyleKit/SpinBox.qml,79963794AACD37CAA108349B6F181A52B8D289E63BB7B853819F035A8B9AFEB9,5729,qml:Qt.labs.StyleKit,qml,POSSIBLY_UNUSED,PySide6 wheel tree SHA-256 match,,UNKNOWN
Release/External_Test/2026-07-30_audio-validation-fix/Qonic_Audio_v5.0_internal_test/_internal/PySide6/qml/Qt/labs/StyleKit/Style.qml,1DB6B9C22A4942519AF0F4234618FE81533E3A991378655D68416CFE93CF30A9,931,qml:Qt.labs.StyleKit,qml,POSSIBLY_UNUSED,PySide6 wheel tree SHA-256 match,,UNKNOWN
Release/External_Test/2026-07-30_audio-validation-fix/Qonic_Audio_v5.0_internal_test/_internal/PySide6/qml/Qt/labs/StyleKit/StyleAnimation.qml,E5A3115D1714FF823C29E02EBA658E1C788A3D47C8CD85FE10680FFBE10EE91A,5648,qml:Qt.labs.StyleKit,qml,POSSIBLY_UNUSED,PySide6 wheel tree SHA-256 match,,UNKNOWN
Release/External_Test/2026-07-30_audio-validation-fix/Qonic_Audio_v5.0_internal_test/_internal/PySide6/qml/Qt/labs/StyleKit/StyledItem.qml,E04F4048CDF5A29C40ABBF565F3029D6A1B1AC993859C405543D5B82E17D3440,583,qml:Qt.labs.StyleKit,qml,POSSIBLY_UNUSED,PySide6 wheel tree SHA-256 match,,UNKNOWN
Release/External_Test/2026-07-30_audio-validation-fix/Qonic_Audio_v5.0_internal_test/_internal/PySide6/qml/Qt/labs/StyleKit/Switch.qml,C99330CB741FD060A67C2C17DE161CCEDDA1230CB9762A5F56B3ACBACF7DC875,4217,qml:Qt.labs.StyleKit,qml,POSSIBLY_UNUSED,PySide6 wheel tree SHA-256 match,,UNKNOWN
Release/External_Test/2026-07-30_audio-validation-fix/Qonic_Audio_v5.0_internal_test/_internal/PySide6/qml/Qt/labs/StyleKit/TabBar.qml,2A197016E9B6B3C73845796DE6A43608528A1185BCD3E8DB9FFC03399FEEC158,2057,qml:Qt.labs.StyleKit,qml,POSSIBLY_UNUSED,PySide6 wheel tree SHA-256 match,,UNKNOWN
Release/External_Test/2026-07-30_audio-validation-fix/Qonic_Audio_v5.0_internal_test/_internal/PySide6/qml/Qt/labs/StyleKit/TabButton.qml,24A0D78CFE4B310675BC9040C1AD294C105CE178A76969F4D9AB74E8A07CCD90,2042,qml:Qt.labs.StyleKit,qml,POSSIBLY_UNUSED,PySide6 wheel tree SHA-256 match,,UNKNOWN
Release/External_Test/2026-07-30_audio-validation-fix/Qonic_Audio_v5.0_internal_test/_internal/PySide6/qml/Qt/labs/StyleKit/TextArea.qml,3EF59DC3F0A48C90E2EBD8A33EA2B9743E8540A2244A7715A5883005471F337D,2663,qml:Qt.labs.StyleKit,qml,POSSIBLY_UNUSED,PySide6 wheel tree SHA-256 match,,UNKNOWN
Release/External_Test/2026-07-30_audio-validation-fix/Qonic_Audio_v5.0_internal_test/_internal/PySide6/qml/Qt/labs/StyleKit/TextField.qml,231A394B2B27124C5376568A51F305F0931BBF6025C9FC07803FFD4EA7E9E754,2618,qml:Qt.labs.StyleKit,qml,POSSIBLY_UNUSED,PySide6 wheel tree SHA-256 match,,UNKNOWN
Release/External_Test/2026-07-30_audio-validation-fix/Qonic_Audio_v5.0_internal_test/_internal/PySide6/qml/Qt/labs/StyleKit/ToolBar.qml,F5643879CD0184710A5B5FEE7F5F2CC14ECAC498E83D8A3EDEDD75050DB4128D,1651,qml:Qt.labs.StyleKit,qml,POSSIBLY_UNUSED,PySide6 wheel tree SHA-256 match,,UNKNOWN
Release/External_Test/2026-07-30_audio-validation-fix/Qonic_Audio_v5.0_internal_test/_internal/PySide6/qml/Qt/labs/StyleKit/ToolButton.qml,5EDD3C7B64F08CF7B89604CAA289768EF1FBE0902B5A0BAD95F2814E3BD04CEA,2044,qml:Qt.labs.StyleKit,qml,POSSIBLY_UNUSED,PySide6 wheel tree SHA-256 match,,UNKNOWN
Release/External_Test/2026-07-30_audio-validation-fix/Qonic_Audio_v5.0_internal_test/_internal/PySide6/qml/Qt/labs/StyleKit/ToolSeparator.qml,6EC64BFE18E199B49C8F4249E1BB632AB16D3715FA1EDD86DA06EDAEA891E1CB,1827,qml:Qt.labs.StyleKit,qml,POSSIBLY_UNUSED,PySide6 wheel tree SHA-256 match,,UNKNOWN
Release/External_Test/2026-07-30_audio-validation-fix/Qonic_Audio_v5.0_internal_test/_internal/PySide6/qml/Qt/labs/synchronizer/labssynchronizerplugin.dll,A68903FA2CFE6CADC0D47FF386E06D247D19EDDE43C8925BC267AA590EED51E9,30520,qml:Qt.labs.synchronizer,qml,POSSIBLY_UNUSED,PySide6 wheel tree SHA-256 match,,UNKNOWN
Release/External_Test/2026-07-30_audio-validation-fix/Qonic_Audio_v5.0_internal_test/_internal/PySide6/qml/Qt/labs/synchronizer/plugins.qmltypes,FD5DE95FE04A9880DFB2B1EC57266A9B2BC1F80FA71C25B7BEB5583FAF3A7914,2452,qml:Qt.labs.synchronizer,qml,POSSIBLY_UNUSED,PySide6 wheel tree SHA-256 match,,UNKNOWN
Release/External_Test/2026-07-30_audio-validation-fix/Qonic_Audio_v5.0_internal_test/_internal/PySide6/qml/Qt/labs/synchronizer/qmldir,1C005B8872F0DC56965279C3C25610EA67ADD5910361CF5394BFB2EDE6EA221F,251,qml:Qt.labs.synchronizer,qml,POSSIBLY_UNUSED,PySide6 wheel tree SHA-256 match,,UNKNOWN
Release/External_Test/2026-07-30_audio-validation-fix/Qonic_Audio_v5.0_internal_test/_internal/PySide6/qml/Qt/labs/wavefrontmesh/plugins.qmltypes,B0F216434EEC529D989E72715B2E09B832A0DCDA728F3809B302F44147643774,2666,qml:Qt.labs.wavefrontmesh,qml,POSSIBLY_UNUSED,PySide6 wheel tree SHA-256 match,,UNKNOWN
Release/External_Test/2026-07-30_audio-validation-fix/Qonic_Audio_v5.0_internal_test/_internal/PySide6/qml/Qt/labs/wavefrontmesh/qmldir,8D7B173E365527ED67234A2E2086BBB3A6B82E8095A98FE25FE18F717EDB2451,251,qml:Qt.labs.wavefrontmesh,qml,POSSIBLY_UNUSED,PySide6 wheel tree SHA-256 match,,UNKNOWN
Release/External_Test/2026-07-30_audio-validation-fix/Qonic_Audio_v5.0_internal_test/_internal/PySide6/qml/Qt/labs/wavefrontmesh/qmlwavefrontmeshplugin.dll,60B0367BAB33CEDFE7FD5B4B64D3AA2C2676F69FAF5128342F39B0A64984EC1D,30520,qml:Qt.labs.wavefrontmesh,qml,POSSIBLY_UNUSED,PySide6 wheel tree SHA-256 match,,UNKNOWN
Release/External_Test/2026-07-30_audio-validation-fix/Qonic_Audio_v5.0_internal_test/_internal/PySide6/qml/QtCharts/designer/ChartViewSpecifics.qml,6DB4E22510EFD743FD4F3AEEAEEC6C694C22B12455144A6DE200A91E51A7BF61,3726,qml:QtCharts.designer,qml,POSSIBLY_UNUSED,PySide6 wheel tree SHA-256 match,,UNKNOWN
Release/External_Test/2026-07-30_audio-validation-fix/Qonic_Audio_v5.0_internal_test/_internal/PySide6/qml/QtCharts/designer/default/AreaSeries.qml,C6446DB513B373DF69984182B2B17112718F3421B2523BAF9E3BDF24152B142B,458,qml:QtCharts.designer.default,qml,POSSIBLY_UNUSED,PySide6 wheel tree SHA-256 match,,UNKNOWN
Release/External_Test/2026-07-30_audio-validation-fix/Qonic_Audio_v5.0_internal_test/_internal/PySide6/qml/QtCharts/designer/default/BarSeries.qml,2AAECE040B9988287623D6BAF34350B2A46196DCA79438D0CB0473009E9A3537,421,qml:QtCharts.designer.default,qml,POSSIBLY_UNUSED,PySide6 wheel tree SHA-256 match,,UNKNOWN
Release/External_Test/2026-07-30_audio-validation-fix/Qonic_Audio_v5.0_internal_test/_internal/PySide6/qml/QtCharts/designer/default/BoxPlotSeries.qml,77422671535F23B5A4EE8F6421FB5B9CAB012BB8704B37EB98A1F026A640D5C1,464,qml:QtCharts.designer.default,qml,POSSIBLY_UNUSED,PySide6 wheel tree SHA-256 match,,UNKNOWN
Release/External_Test/2026-07-30_audio-validation-fix/Qonic_Audio_v5.0_internal_test/_internal/PySide6/qml/QtCharts/designer/default/HorizontalBarSeries.qml,4C892B2BBADA1E9121C9D20057F03ACFCD8D508E8E5E860E79F6B8ABA5EAEEF2,441,qml:QtCharts.designer.default,qml,POSSIBLY_UNUSED,PySide6 wheel tree SHA-256 match,,UNKNOWN
Release/External_Test/2026-07-30_audio-validation-fix/Qonic_Audio_v5.0_internal_test/_internal/PySide6/qml/QtCharts/designer/default/HorizontalPercentBarSeries.qml,E8B427DB85D4A366D93A4376DB613B3DDC9C9BC396B91C48C0C6BEB6BE68733C,455,qml:QtCharts.designer.default,qml,POSSIBLY_UNUSED,PySide6 wheel tree SHA-256 match,,UNKNOWN
Release/External_Test/2026-07-30_audio-validation-fix/Qonic_Audio_v5.0_internal_test/_internal/PySide6/qml/QtCharts/designer/default/HorizontalStackedBarSeries.qml,A129098ED44656EF18F2FFC14FE9C9BBF081BC8E0FED3F0594CD64E0719A51D1,455,qml:QtCharts.designer.default,qml,POSSIBLY_UNUSED,PySide6 wheel tree SHA-256 match,,UNKNOWN
Release/External_Test/2026-07-30_audio-validation-fix/Qonic_Audio_v5.0_internal_test/_internal/PySide6/qml/QtCharts/designer/default/LineSeries.qml,FC751765B7EE5FC93C8A5B3991D13B226E242504BF3E1B5484F7ACC906BB0FC5,398,qml:QtCharts.designer.default,qml,POSSIBLY_UNUSED,PySide6 wheel tree SHA-256 match,,UNKNOWN
Release/External_Test/2026-07-30_audio-validation-fix/Qonic_Audio_v5.0_internal_test/_internal/PySide6/qml/QtCharts/designer/default/PercentBarSeries.qml,60A8A394258FA4534B037A2C44673459841F068070AA9C02E37DFF2E1ED2C46B,435,qml:QtCharts.designer.default,qml,POSSIBLY_UNUSED,PySide6 wheel tree SHA-256 match,,UNKNOWN
Release/External_Test/2026-07-30_audio-validation-fix/Qonic_Audio_v5.0_internal_test/_internal/PySide6/qml/QtCharts/designer/default/PieSeries.qml,C136BF936C13B7189D7EB912ECD0869E66650FABFF190813078D28AE44056729,412,qml:QtCharts.designer.default,qml,POSSIBLY_UNUSED,PySide6 wheel tree SHA-256 match,,UNKNOWN
Release/External_Test/2026-07-30_audio-validation-fix/Qonic_Audio_v5.0_internal_test/_internal/PySide6/qml/QtCharts/designer/default/PolarAreaSeries.qml,797E32B7FF301AD8BCBB4B95E6191AF5CCCE392FDC2E153D5AD6326C9285161E,1061,qml:QtCharts.designer.default,qml,POSSIBLY_UNUSED,PySide6 wheel tree SHA-256 match,,UNKNOWN
Release/External_Test/2026-07-30_audio-validation-fix/Qonic_Audio_v5.0_internal_test/_internal/PySide6/qml/QtCharts/designer/default/PolarLineSeries.qml,E5F607E695D44116C6AE8AF6848C474351E883C91C287ED8CF170DDE5B04F51F,634,qml:QtCharts.designer.default,qml,POSSIBLY_UNUSED,PySide6 wheel tree SHA-256 match,,UNKNOWN
Release/External_Test/2026-07-30_audio-validation-fix/Qonic_Audio_v5.0_internal_test/_internal/PySide6/qml/QtCharts/designer/default/PolarScatterSeries.qml,C1584F21240B09A1AE911EBA4E08D7C83FCF826F9E1A94B75F6C35A119ED098B,604,qml:QtCharts.designer.default,qml,POSSIBLY_UNUSED,PySide6 wheel tree SHA-256 match,,UNKNOWN
Release/External_Test/2026-07-30_audio-validation-fix/Qonic_Audio_v5.0_internal_test/_internal/PySide6/qml/QtCharts/designer/default/PolarSplineSeries.qml,B6CCFA2BF36DDE96E71612C2A5E151812805304B0DBB727B5D349779981D4C27,638,qml:QtCharts.designer.default,qml,POSSIBLY_UNUSED,PySide6 wheel tree SHA-256 match,,UNKNOWN
Release/External_Test/2026-07-30_audio-validation-fix/Qonic_Audio_v5.0_internal_test/_internal/PySide6/qml/QtCharts/designer/default/ScatterSeries.qml,8964F2D61FECC99CA05EA56F9C28A885778122325B4A1446C43CAB2D272BADD4,396,qml:QtCharts.designer.default,qml,POSSIBLY_UNUSED,PySide6 wheel tree SHA-256 match,,UNKNOWN
Release/External_Test/2026-07-30_audio-validation-fix/Qonic_Audio_v5.0_internal_test/_internal/PySide6/qml/QtCharts/designer/default/SplineSeries.qml,6FCFC6B7ECDF0A129DC7145BA2E4E3EB4B8CBF7D408CA2E76D696FF624DC45E5,400,qml:QtCharts.designer.default,qml,POSSIBLY_UNUSED,PySide6 wheel tree SHA-256 match,,UNKNOWN
Release/External_Test/2026-07-30_audio-validation-fix/Qonic_Audio_v5.0_internal_test/_internal/PySide6/qml/QtCharts/designer/default/StackedBarSeries.qml,B3EA816CFB930CFFBF049B979F8DC98509CC03693802FC196AE733AF40B35CD3,435,qml:QtCharts.designer.default,qml,POSSIBLY_UNUSED,PySide6 wheel tree SHA-256 match,,UNKNOWN
Release/External_Test/2026-07-30_audio-validation-fix/Qonic_Audio_v5.0_internal_test/_internal/PySide6/qml/QtCharts/designer/images/areaseries-chart-icon.png,AF0E57A01B87CB200D1B64F9143F04634B36F0A744A51402236B7A9AAF27C7E4,1483,qml:QtCharts.designer.images,qml,POSSIBLY_UNUSED,PySide6 wheel tree SHA-256 match,,UNKNOWN
Release/External_Test/2026-07-30_audio-validation-fix/Qonic_Audio_v5.0_internal_test/_internal/PySide6/qml/QtCharts/designer/images/areaseries-chart-icon16.png,E2113AD636D1F0ACDAA2E82C464310CB1C1CB1F246EEDE8184D00BAE4BFCF461,1340,qml:QtCharts.designer.images,qml,POSSIBLY_UNUSED,PySide6 wheel tree SHA-256 match,,UNKNOWN
Release/External_Test/2026-07-30_audio-validation-fix/Qonic_Audio_v5.0_internal_test/_internal/PySide6/qml/QtCharts/designer/images/areaseries-polar-icon.png,FE643919BB866CC3CECEEF46CEE6ACD29372EAFC99E7D1A61D791341CF1FA7B6,1665,qml:QtCharts.designer.images,qml,POSSIBLY_UNUSED,PySide6 wheel tree SHA-256 match,,UNKNOWN
Release/External_Test/2026-07-30_audio-validation-fix/Qonic_Audio_v5.0_internal_test/_internal/PySide6/qml/QtCharts/designer/images/areaseries-polar-icon16.png,312864DBEFF2A38D262C156360E8EFBE345EE0B388A778AE11F9A5165FB4B88D,1361,qml:QtCharts.designer.images,qml,POSSIBLY_UNUSED,PySide6 wheel tree SHA-256 match,,UNKNOWN
Release/External_Test/2026-07-30_audio-validation-fix/Qonic_Audio_v5.0_internal_test/_internal/PySide6/qml/QtCharts/designer/images/barseries-icon.png,7933D73BB41500BE2FE889F2C5E59E4284F57C7CBC6CE3E2BA96D25FBA8E695D,1104,qml:QtCharts.designer.images,qml,POSSIBLY_UNUSED,PySide6 wheel tree SHA-256 match,,UNKNOWN
Release/External_Test/2026-07-30_audio-validation-fix/Qonic_Audio_v5.0_internal_test/_internal/PySide6/qml/QtCharts/designer/images/barseries-icon16.png,45990024622FE548292746F4403A8642CB5D8548ED344F983411242F1507731B,1088,qml:QtCharts.designer.images,qml,POSSIBLY_UNUSED,PySide6 wheel tree SHA-256 match,,UNKNOWN
Release/External_Test/2026-07-30_audio-validation-fix/Qonic_Audio_v5.0_internal_test/_internal/PySide6/qml/QtCharts/designer/images/boxplotseries-chart-icon.png,3AD1755251F5579DC1DEF8EFF99FED3AC36D724114D371AE57D272CF8F91072D,1154,qml:QtCharts.designer.images,qml,POSSIBLY_UNUSED,PySide6 wheel tree SHA-256 match,,UNKNOWN
Release/External_Test/2026-07-30_audio-validation-fix/Qonic_Audio_v5.0_internal_test/_internal/PySide6/qml/QtCharts/designer/images/boxplotseries-chart-icon16.png,D809C3AD01D2A1B37436ABF23EFAF92AC0BC0D68A4A849C8D146D358E9C4EA80,1138,qml:QtCharts.designer.images,qml,POSSIBLY_UNUSED,PySide6 wheel tree SHA-256 match,,UNKNOWN
Release/External_Test/2026-07-30_audio-validation-fix/Qonic_Audio_v5.0_internal_test/_internal/PySide6/qml/QtCharts/designer/images/horizontalbarseries-icon.png,A14135B332F353F823814E41AC227B484345AF456085CB9A1FD3FEB1CFF33755,1104,qml:QtCharts.designer.images,qml,POSSIBLY_UNUSED,PySide6 wheel tree SHA-256 match,,UNKNOWN
Release/External_Test/2026-07-30_audio-validation-fix/Qonic_Audio_v5.0_internal_test/_internal/PySide6/qml/QtCharts/designer/images/horizontalbarseries-icon16.png,28F83E07695BD95DE160A3444E652F6A384D2C5EA68E27D992DDED3B70AF464A,1098,qml:QtCharts.designer.images,qml,POSSIBLY_UNUSED,PySide6 wheel tree SHA-256 match,,UNKNOWN
Release/External_Test/2026-07-30_audio-validation-fix/Qonic_Audio_v5.0_internal_test/_internal/PySide6/qml/QtCharts/designer/images/horizontalpercentbarseries-icon.png,DA1E2D16EA10EABBFE1B04E59A1AAAFEC51C85616D0E25E94FD0685EE76BA971,1124,qml:QtCharts.designer.images,qml,POSSIBLY_UNUSED,PySide6 wheel tree SHA-256 match,,UNKNOWN
Release/External_Test/2026-07-30_audio-validation-fix/Qonic_Audio_v5.0_internal_test/_internal/PySide6/qml/QtCharts/designer/images/horizontalpercentbarseries-icon16.png,15E9ACC3AF4B01D03BCFD03C2B21872A56867F17E5DF589EFC12BB32B006B65C,1116,qml:QtCharts.designer.images,qml,POSSIBLY_UNUSED,PySide6 wheel tree SHA-256 match,,UNKNOWN
Release/External_Test/2026-07-30_audio-validation-fix/Qonic_Audio_v5.0_internal_test/_internal/PySide6/qml/QtCharts/designer/images/horizontalstackedbarseries-icon.png,4383E5654BECAECBA96C923257843D18DF309B28B0D7D6686221F00417077682,1125,qml:QtCharts.designer.images,qml,POSSIBLY_UNUSED,PySide6 wheel tree SHA-256 match,,UNKNOWN
Release/External_Test/2026-07-30_audio-validation-fix/Qonic_Audio_v5.0_internal_test/_internal/PySide6/qml/QtCharts/designer/images/horizontalstackedbarseries-icon16.png,17DAF1955D8920046FF3C463797EC0089EE0F3E0CF0B2ECB2FADA0402FF81840,1116,qml:QtCharts.designer.images,qml,POSSIBLY_UNUSED,PySide6 wheel tree SHA-256 match,,UNKNOWN
Release/External_Test/2026-07-30_audio-validation-fix/Qonic_Audio_v5.0_internal_test/_internal/PySide6/qml/QtCharts/designer/images/lineseries-chart-icon.png,82F63DE9F1FEF850A2FBEF2F67D040B44E25E579F797DDDD62C0421F22E14FC8,1353,qml:QtCharts.designer.images,qml,POSSIBLY_UNUSED,PySide6 wheel tree SHA-256 match,,UNKNOWN
Release/External_Test/2026-07-30_audio-validation-fix/Qonic_Audio_v5.0_internal_test/_internal/PySide6/qml/QtCharts/designer/images/lineseries-chart-icon16.png,8F20652EA48C67926BBCA18A8F268B4E2CA5420FD5E4700BDB62B131DFF4A7A2,1242,qml:QtCharts.designer.images,qml,POSSIBLY_UNUSED,PySide6 wheel tree SHA-256 match,,UNKNOWN
Release/External_Test/2026-07-30_audio-validation-fix/Qonic_Audio_v5.0_internal_test/_internal/PySide6/qml/QtCharts/designer/images/lineseries-polar-icon.png,7A72AF766F11A7F54A9D51C443CE2EB2B54517DF8A3449420C79E93214FBFE91,1661,qml:QtCharts.designer.images,qml,POSSIBLY_UNUSED,PySide6 wheel tree SHA-256 match,,UNKNOWN
Release/External_Test/2026-07-30_audio-validation-fix/Qonic_Audio_v5.0_internal_test/_internal/PySide6/qml/QtCharts/designer/images/lineseries-polar-icon16.png,34A5B16A772266DD3481E907D9B5EFDB22D6691B0D9A7D156954BFF621ACF1B1,1379,qml:QtCharts.designer.images,qml,POSSIBLY_UNUSED,PySide6 wheel tree SHA-256 match,,UNKNOWN
Release/External_Test/2026-07-30_audio-validation-fix/Qonic_Audio_v5.0_internal_test/_internal/PySide6/qml/QtCharts/designer/images/percentbarseries-icon.png,2FCB2A93D09DCF2F88B1A376F862D72D0201F2A0EFFA4893FE4D0FB3950A4FEE,1126,qml:QtCharts.designer.images,qml,POSSIBLY_UNUSED,PySide6 wheel tree SHA-256 match,,UNKNOWN
Release/External_Test/2026-07-30_audio-validation-fix/Qonic_Audio_v5.0_internal_test/_internal/PySide6/qml/QtCharts/designer/images/percentbarseries-icon16.png,C9DD884A3D070360304B5C5D52BA47D8B682E77903706E5293F3551A2F65CDEF,1114,qml:QtCharts.designer.images,qml,POSSIBLY_UNUSED,PySide6 wheel tree SHA-256 match,,UNKNOWN
Release/External_Test/2026-07-30_audio-validation-fix/Qonic_Audio_v5.0_internal_test/_internal/PySide6/qml/QtCharts/designer/images/pieseries-chart-icon.png,2ABC53976DFE7E01378F9EFA6474CC529578DF81CAE5C5F208493E868F05FF93,1501,qml:QtCharts.designer.images,qml,POSSIBLY_UNUSED,PySide6 wheel tree SHA-256 match,,UNKNOWN
Release/External_Test/2026-07-30_audio-validation-fix/Qonic_Audio_v5.0_internal_test/_internal/PySide6/qml/QtCharts/designer/images/pieseries-chart-icon16.png,842601FCC191BD702EAAD7FD096372A02422B1771DCE7B906AF14E04C16F9A36,1285,qml:QtCharts.designer.images,qml,POSSIBLY_UNUSED,PySide6 wheel tree SHA-256 match,,UNKNOWN
Release/External_Test/2026-07-30_audio-validation-fix/Qonic_Audio_v5.0_internal_test/_internal/PySide6/qml/QtCharts/designer/images/scatterseries-chart-icon.png,7F21ACA31654F30A1A8C0070A51E37FD99BDDDEC5C5B165D55DCACF16645FC19,1166,qml:QtCharts.designer.images,qml,POSSIBLY_UNUSED,PySide6 wheel tree SHA-256 match,,UNKNOWN
Release/External_Test/2026-07-30_audio-validation-fix/Qonic_Audio_v5.0_internal_test/_internal/PySide6/qml/QtCharts/designer/images/scatterseries-chart-icon16.png,E6BEF68194165E79C8BD7277ED5055C8DCF9679E8A263AD6AF10049AD4C44B70,1172,qml:QtCharts.designer.images,qml,POSSIBLY_UNUSED,PySide6 wheel tree SHA-256 match,,UNKNOWN
Release/External_Test/2026-07-30_audio-validation-fix/Qonic_Audio_v5.0_internal_test/_internal/PySide6/qml/QtCharts/designer/images/scatterseries-polar-icon.png,B9316698C7930FD4D0E4924BACF91709D926343FAADD4B374292A11CBC3E7475,1575,qml:QtCharts.designer.images,qml,POSSIBLY_UNUSED,PySide6 wheel tree SHA-256 match,,UNKNOWN
Release/External_Test/2026-07-30_audio-validation-fix/Qonic_Audio_v5.0_internal_test/_internal/PySide6/qml/QtCharts/designer/images/scatterseries-polar-icon16.png,FD19A8C614848F337ACC96552363D6125F48110469024A9ADEC6DFB563CFBDD8,1344,qml:QtCharts.designer.images,qml,POSSIBLY_UNUSED,PySide6 wheel tree SHA-256 match,,UNKNOWN
Release/External_Test/2026-07-30_audio-validation-fix/Qonic_Audio_v5.0_internal_test/_internal/PySide6/qml/QtCharts/designer/images/splineseries-chart-icon.png,CB75A5924DCA25533B828D20EBB03A52A2AB08F8737F4FFFFA93A0CE1B3F07EC,1413,qml:QtCharts.designer.images,qml,POSSIBLY_UNUSED,PySide6 wheel tree SHA-256 match,,UNKNOWN
Release/External_Test/2026-07-30_audio-validation-fix/Qonic_Audio_v5.0_internal_test/_internal/PySide6/qml/QtCharts/designer/images/splineseries-chart-icon16.png,51D91ADDD73AD09A92E5140CD559C4FC6AE8F6FAC6E5DAAD6501FBEEDCDDBAF7,1289,qml:QtCharts.designer.images,qml,POSSIBLY_UNUSED,PySide6 wheel tree SHA-256 match,,UNKNOWN
Release/External_Test/2026-07-30_audio-validation-fix/Qonic_Audio_v5.0_internal_test/_internal/PySide6/qml/QtCharts/designer/images/splineseries-polar-icon.png,A29C4A6E991A18245DB3F84B4127761F915DB98E2EEB616BFAE365B2771B54A8,1652,qml:QtCharts.designer.images,qml,POSSIBLY_UNUSED,PySide6 wheel tree SHA-256 match,,UNKNOWN
Release/External_Test/2026-07-30_audio-validation-fix/Qonic_Audio_v5.0_internal_test/_internal/PySide6/qml/QtCharts/designer/images/splineseries-polar-icon16.png,A25B00DA8E5DAD81D92B0F76DEAB862993982AF12392FF7A8D8A1DEA47785109,1357,qml:QtCharts.designer.images,qml,POSSIBLY_UNUSED,PySide6 wheel tree SHA-256 match,,UNKNOWN
Release/External_Test/2026-07-30_audio-validation-fix/Qonic_Audio_v5.0_internal_test/_internal/PySide6/qml/QtCharts/designer/images/stackedbarseries-icon.png,9FBC2C43DC51F3D3DCD4EE1A9841417F8DDE7C8BC030A061BE88A70587B3E6A1,1127,qml:QtCharts.designer.images,qml,POSSIBLY_UNUSED,PySide6 wheel tree SHA-256 match,,UNKNOWN
Release/External_Test/2026-07-30_audio-validation-fix/Qonic_Audio_v5.0_internal_test/_internal/PySide6/qml/QtCharts/designer/images/stackedbarseries-icon16.png,6759AC535E45DF099580B26F8B113F32B39D07CB803190A4186B426D39C2F2AD,1116,qml:QtCharts.designer.images,qml,POSSIBLY_UNUSED,PySide6 wheel tree SHA-256 match,,UNKNOWN
Release/External_Test/2026-07-30_audio-validation-fix/Qonic_Audio_v5.0_internal_test/_internal/PySide6/qml/QtCharts/designer/qtcharts.metainfo,BD18B865A79B51404752AABA4095D3AE342FF628236583416695065F5776BDA6,6806,qml:QtCharts.designer,qml,POSSIBLY_UNUSED,PySide6 wheel tree SHA-256 match,,UNKNOWN
Release/External_Test/2026-07-30_audio-validation-fix/Qonic_Audio_v5.0_internal_test/_internal/PySide6/qml/QtCharts/plugins.qmltypes,42FDF7E318454FA3967D2BFADD20BD3F7956982E969D90E91DCB6E1EE71698EB,207083,qml:QtCharts,qml,POSSIBLY_UNUSED,PySide6 wheel tree SHA-256 match,,UNKNOWN
Release/External_Test/2026-07-30_audio-validation-fix/Qonic_Audio_v5.0_internal_test/_internal/PySide6/qml/QtCharts/qmldir,EE43C3C207B88AABAB83457EF66C8C5DB67634E637AD750774B56DE64946B1DC,221,qml:QtCharts,qml,POSSIBLY_UNUSED,PySide6 wheel tree SHA-256 match,,UNKNOWN
Release/External_Test/2026-07-30_audio-validation-fix/Qonic_Audio_v5.0_internal_test/_internal/PySide6/qml/QtCharts/qtchartsqml2plugin.dll,72C78FD93C9B0B13C0CAA6E6DAB2B9C1022AEEE2DEDE80667F7109386D1B8CBB,30520,qml:QtCharts,qml,POSSIBLY_UNUSED,PySide6 wheel tree SHA-256 match,,UNKNOWN
Release/External_Test/2026-07-30_audio-validation-fix/Qonic_Audio_v5.0_internal_test/_internal/PySide6/qml/QtCore/plugins.qmltypes,39E5D71C47E3B6B74EF2A65FBBF36E105DBA6CB141363D955899260CB1A574C2,17669,qml:QtCore,qml,LIKELY_REQUIRED,PySide6 wheel tree SHA-256 match,,UNKNOWN
Release/External_Test/2026-07-30_audio-validation-fix/Qonic_Audio_v5.0_internal_test/_internal/PySide6/qml/QtCore/qmldir,A14DA79E8ED62A26E35E1CAF4461736DCA5371B22FEC9490B689616D29EEEF67,217,qml:QtCore,qml,LIKELY_REQUIRED,PySide6 wheel tree SHA-256 match,,UNKNOWN
Release/External_Test/2026-07-30_audio-validation-fix/Qonic_Audio_v5.0_internal_test/_internal/PySide6/qml/QtCore/qtqmlcoreplugin.dll,70895D39A1A9F5022EC30218DD72E1873D2937BF22412CB9929C3B89F29614C4,30520,qml:QtCore,qml,LIKELY_REQUIRED,PySide6 wheel tree SHA-256 match,,UNKNOWN
Release/External_Test/2026-07-30_audio-validation-fix/Qonic_Audio_v5.0_internal_test/_internal/PySide6/qml/QtDataVisualization/datavisualizationqmlplugin.dll,0C318EDCF3AE9AFCD27D893658E09B5156F1F3A655CE3F55073060BCA90F3AA2,30520,qml:QtDataVisualization,qml,POSSIBLY_UNUSED,PySide6 wheel tree SHA-256 match,,UNKNOWN
Release/External_Test/2026-07-30_audio-validation-fix/Qonic_Audio_v5.0_internal_test/_internal/PySide6/qml/QtDataVisualization/designer/Bars3DSpecifics.qml,3E45098922C70E5C5486F5332B8DE57EC2E3F8717B2EA07AD9293D218315D546,14988,qml:QtDataVisualization.designer,qml,POSSIBLY_UNUSED,PySide6 wheel tree SHA-256 match,,UNKNOWN
Release/External_Test/2026-07-30_audio-validation-fix/Qonic_Audio_v5.0_internal_test/_internal/PySide6/qml/QtDataVisualization/designer/default/Bars3D.qml,0F5CBAF99DB7CFB52D01AB61460C9C0BE5195408DD3A7BE276EF63B8BA0FA86F,666,qml:QtDataVisualization.designer.default,qml,POSSIBLY_UNUSED,PySide6 wheel tree SHA-256 match,,UNKNOWN
Release/External_Test/2026-07-30_audio-validation-fix/Qonic_Audio_v5.0_internal_test/_internal/PySide6/qml/QtDataVisualization/designer/default/Scatter3D.qml,962B9405212349FAFF724C637C2D25A332F24D9F9E7F758CBA52D0171AE572A0,598,qml:QtDataVisualization.designer.default,qml,POSSIBLY_UNUSED,PySide6 wheel tree SHA-256 match,,UNKNOWN
Release/External_Test/2026-07-30_audio-validation-fix/Qonic_Audio_v5.0_internal_test/_internal/PySide6/qml/QtDataVisualization/designer/default/Surface3D.qml,C3289BCEE72594BCCBA5572D98EE93CD44BA7282D78F291F0D93A7FC73931B3E,690,qml:QtDataVisualization.designer.default,qml,POSSIBLY_UNUSED,PySide6 wheel tree SHA-256 match,,UNKNOWN
Release/External_Test/2026-07-30_audio-validation-fix/Qonic_Audio_v5.0_internal_test/_internal/PySide6/qml/QtDataVisualization/designer/images/bars3d-icon.png,B30D9579BDFE2D5013978FD7382165977595C86728CA90C7ACF13B16A9F71E6C,1352,qml:QtDataVisualization.designer.images,qml,POSSIBLY_UNUSED,PySide6 wheel tree SHA-256 match,,UNKNOWN
Release/External_Test/2026-07-30_audio-validation-fix/Qonic_Audio_v5.0_internal_test/_internal/PySide6/qml/QtDataVisualization/designer/images/bars3d-icon16.png,055F241985F73CABB81D30ABA5A4C4EA365213ED89481EBA138C60B5B74BE3BA,1232,qml:QtDataVisualization.designer.images,qml,POSSIBLY_UNUSED,PySide6 wheel tree SHA-256 match,,UNKNOWN
Release/External_Test/2026-07-30_audio-validation-fix/Qonic_Audio_v5.0_internal_test/_internal/PySide6/qml/QtDataVisualization/designer/images/scatter3d-icon.png,FCE1B4064669A6F86D60BB4F91C83C88856E85853184C49F72472C716617BF8E,1271,qml:QtDataVisualization.designer.images,qml,POSSIBLY_UNUSED,PySide6 wheel tree SHA-256 match,,UNKNOWN
Release/External_Test/2026-07-30_audio-validation-fix/Qonic_Audio_v5.0_internal_test/_internal/PySide6/qml/QtDataVisualization/designer/images/scatter3d-icon16.png,EBEF12DEC0FFB5E7120012721EB871CF3A164967907144F45253BB9A9FD138C3,1146,qml:QtDataVisualization.designer.images,qml,POSSIBLY_UNUSED,PySide6 wheel tree SHA-256 match,,UNKNOWN
Release/External_Test/2026-07-30_audio-validation-fix/Qonic_Audio_v5.0_internal_test/_internal/PySide6/qml/QtDataVisualization/designer/images/surface3d-icon.png,6E14B24ED156A983C23CF6F04F782EA412991CE6058C3033AFC42F787B60295C,1413,qml:QtDataVisualization.designer.images,qml,POSSIBLY_UNUSED,PySide6 wheel tree SHA-256 match,,UNKNOWN
Release/External_Test/2026-07-30_audio-validation-fix/Qonic_Audio_v5.0_internal_test/_internal/PySide6/qml/QtDataVisualization/designer/images/surface3d-icon16.png,89CC3A126F1C0A129D85059C3A56EAA8ED307E3303CEB2EB971A3BA78EA84CC4,1231,qml:QtDataVisualization.designer.images,qml,POSSIBLY_UNUSED,PySide6 wheel tree SHA-256 match,,UNKNOWN
Release/External_Test/2026-07-30_audio-validation-fix/Qonic_Audio_v5.0_internal_test/_internal/PySide6/qml/QtDataVisualization/designer/qtdatavisualization.metainfo,39000D3FBA043716041864C76272FEA64B3A960B8F926B867CE618D62418CFB4,1272,qml:QtDataVisualization.designer,qml,POSSIBLY_UNUSED,PySide6 wheel tree SHA-256 match,,UNKNOWN
Release/External_Test/2026-07-30_audio-validation-fix/Qonic_Audio_v5.0_internal_test/_internal/PySide6/qml/QtDataVisualization/designer/Scatter3DSpecifics.qml,DE050C455FF136D3A2162632E45E13839312E1BD3F87A03D3B63A95065BD2E4D,6433,qml:QtDataVisualization.designer,qml,POSSIBLY_UNUSED,PySide6 wheel tree SHA-256 match,,UNKNOWN
Release/External_Test/2026-07-30_audio-validation-fix/Qonic_Audio_v5.0_internal_test/_internal/PySide6/qml/QtDataVisualization/designer/Surface3DSpecifics.qml,4D587014CA262F5F806C350CA4428BEC2894C1A6BB940286FAB79F7DD82B765F,12775,qml:QtDataVisualization.designer,qml,POSSIBLY_UNUSED,PySide6 wheel tree SHA-256 match,,UNKNOWN
Release/External_Test/2026-07-30_audio-validation-fix/Qonic_Audio_v5.0_internal_test/_internal/PySide6/qml/QtDataVisualization/plugins.qmltypes,D6F8149B2BA7E4FDB14A99C0536614076F75196BF4A5AE059A178BD19976C487,173632,qml:QtDataVisualization,qml,POSSIBLY_UNUSED,PySide6 wheel tree SHA-256 match,,UNKNOWN
Release/External_Test/2026-07-30_audio-validation-fix/Qonic_Audio_v5.0_internal_test/_internal/PySide6/qml/QtDataVisualization/qmldir,3069B64957835A0791E421E855A84BE948D6254229F3811D13E659BB19E8AF6B,253,qml:QtDataVisualization,qml,POSSIBLY_UNUSED,PySide6 wheel tree SHA-256 match,,UNKNOWN
Release/External_Test/2026-07-30_audio-validation-fix/Qonic_Audio_v5.0_internal_test/_internal/PySide6/qml/QtGraphs/designer/Bars3DSpecifics.qml,03DE2305E45AA2391387122C0F4A6FE2B3AE02EC3114EBF72FEC980B6ABD774F,10219,qml:QtGraphs.designer,qml,POSSIBLY_UNUSED,PySide6 wheel tree SHA-256 match,,UNKNOWN
Release/External_Test/2026-07-30_audio-validation-fix/Qonic_Audio_v5.0_internal_test/_internal/PySide6/qml/QtGraphs/designer/default/AreaSeries.qml,B9439F8FF0A291FC895AF7E199D33A477BAEFD7B87D5028975B80014B73B7A17,451,qml:QtGraphs.designer.default,qml,POSSIBLY_UNUSED,PySide6 wheel tree SHA-256 match,,UNKNOWN
Release/External_Test/2026-07-30_audio-validation-fix/Qonic_Audio_v5.0_internal_test/_internal/PySide6/qml/QtGraphs/designer/default/Bars3D.qml,6C35BF59CE73A06481219672A011D4022ADF83380C0ABA30A273759B58B8E7A2,651,qml:QtGraphs.designer.default,qml,POSSIBLY_UNUSED,PySide6 wheel tree SHA-256 match,,UNKNOWN
Release/External_Test/2026-07-30_audio-validation-fix/Qonic_Audio_v5.0_internal_test/_internal/PySide6/qml/QtGraphs/designer/default/BarSeries.qml,BC1F8B0696122359422D38A0CC034D14124EB670D85069256716A2D542E489B1,438,qml:QtGraphs.designer.default,qml,POSSIBLY_UNUSED,PySide6 wheel tree SHA-256 match,,UNKNOWN
Release/External_Test/2026-07-30_audio-validation-fix/Qonic_Audio_v5.0_internal_test/_internal/PySide6/qml/QtGraphs/designer/default/LineSeries.qml,DAD1396C59A4D2E704EC952014ED870E05656CEB0EAA9775A89564E14EA690AE,385,qml:QtGraphs.designer.default,qml,POSSIBLY_UNUSED,PySide6 wheel tree SHA-256 match,,UNKNOWN
Release/External_Test/2026-07-30_audio-validation-fix/Qonic_Audio_v5.0_internal_test/_internal/PySide6/qml/QtGraphs/designer/default/PieSeries.qml,DA7731F045C0C6B85822B355786A2D92A979C29F2CC18FFEFC2305AF383FFBEA,401,qml:QtGraphs.designer.default,qml,POSSIBLY_UNUSED,PySide6 wheel tree SHA-256 match,,UNKNOWN
Release/External_Test/2026-07-30_audio-validation-fix/Qonic_Audio_v5.0_internal_test/_internal/PySide6/qml/QtGraphs/designer/default/Scatter3D.qml,2EF1155237EDEB3595CB872D3EF8F9FE083E86B761C7964C107ACCD431B73991,583,qml:QtGraphs.designer.default,qml,POSSIBLY_UNUSED,PySide6 wheel tree SHA-256 match,,UNKNOWN
Release/External_Test/2026-07-30_audio-validation-fix/Qonic_Audio_v5.0_internal_test/_internal/PySide6/qml/QtGraphs/designer/default/ScatterSeries.qml,DE914DAD7FB941FCF7E97E5BD9DCC2F771B060DF27CAFCD401F2FF7D24968359,382,qml:QtGraphs.designer.default,qml,POSSIBLY_UNUSED,PySide6 wheel tree SHA-256 match,,UNKNOWN
Release/External_Test/2026-07-30_audio-validation-fix/Qonic_Audio_v5.0_internal_test/_internal/PySide6/qml/QtGraphs/designer/default/SplineSeries.qml,4190D5AD95998C1F036C3F57EEE3F6DA17BCACE00356AEE3AD24513A1CB34918,383,qml:QtGraphs.designer.default,qml,POSSIBLY_UNUSED,PySide6 wheel tree SHA-256 match,,UNKNOWN
Release/External_Test/2026-07-30_audio-validation-fix/Qonic_Audio_v5.0_internal_test/_internal/PySide6/qml/QtGraphs/designer/default/Surface3D.qml,31AA8D2F1111FAD0384D63DF585A87E0F97448DEE9CBA3892054FF4C271A2720,675,qml:QtGraphs.designer.default,qml,POSSIBLY_UNUSED,PySide6 wheel tree SHA-256 match,,UNKNOWN
Release/External_Test/2026-07-30_audio-validation-fix/Qonic_Audio_v5.0_internal_test/_internal/PySide6/qml/QtGraphs/designer/GraphsCameraSection.qml,ABA9DCD2E64FD1436AF75053270ADAB54FA26BE287A98022F85E694D1C62DAA3,5892,qml:QtGraphs.designer,qml,POSSIBLY_UNUSED,PySide6 wheel tree SHA-256 match,,UNKNOWN
Release/External_Test/2026-07-30_audio-validation-fix/Qonic_Audio_v5.0_internal_test/_internal/PySide6/qml/QtGraphs/designer/GraphsSection.qml,86B590695360FCEBA79AB23B3528D5FD5C42BAB5438C45EDD474AD5CA16EEBB9,3844,qml:QtGraphs.designer,qml,POSSIBLY_UNUSED,PySide6 wheel tree SHA-256 match,,UNKNOWN
Release/External_Test/2026-07-30_audio-validation-fix/Qonic_Audio_v5.0_internal_test/_internal/PySide6/qml/QtGraphs/designer/GraphsViewSpecifics.qml,3A49CEB9802E5FA3032A2F521FB571EE6AE3E1C3C08A0E43C112CFA6E7EF0D7E,2964,qml:QtGraphs.designer,qml,POSSIBLY_UNUSED,PySide6 wheel tree SHA-256 match,,UNKNOWN
Release/External_Test/2026-07-30_audio-validation-fix/Qonic_Audio_v5.0_internal_test/_internal/PySide6/qml/QtGraphs/designer/images/areaseries-icon.png,AF0E57A01B87CB200D1B64F9143F04634B36F0A744A51402236B7A9AAF27C7E4,1483,qml:QtGraphs.designer.images,qml,POSSIBLY_UNUSED,PySide6 wheel tree SHA-256 match,,UNKNOWN
Release/External_Test/2026-07-30_audio-validation-fix/Qonic_Audio_v5.0_internal_test/_internal/PySide6/qml/QtGraphs/designer/images/areaseries-icon16.png,E2113AD636D1F0ACDAA2E82C464310CB1C1CB1F246EEDE8184D00BAE4BFCF461,1340,qml:QtGraphs.designer.images,qml,POSSIBLY_UNUSED,PySide6 wheel tree SHA-256 match,,UNKNOWN
Release/External_Test/2026-07-30_audio-validation-fix/Qonic_Audio_v5.0_internal_test/_internal/PySide6/qml/QtGraphs/designer/images/bars3d-icon.png,B30D9579BDFE2D5013978FD7382165977595C86728CA90C7ACF13B16A9F71E6C,1352,qml:QtGraphs.designer.images,qml,POSSIBLY_UNUSED,PySide6 wheel tree SHA-256 match,,UNKNOWN
Release/External_Test/2026-07-30_audio-validation-fix/Qonic_Audio_v5.0_internal_test/_internal/PySide6/qml/QtGraphs/designer/images/bars3d-icon16.png,055F241985F73CABB81D30ABA5A4C4EA365213ED89481EBA138C60B5B74BE3BA,1232,qml:QtGraphs.designer.images,qml,POSSIBLY_UNUSED,PySide6 wheel tree SHA-256 match,,UNKNOWN
Release/External_Test/2026-07-30_audio-validation-fix/Qonic_Audio_v5.0_internal_test/_internal/PySide6/qml/QtGraphs/designer/images/barseries-icon.png,7933D73BB41500BE2FE889F2C5E59E4284F57C7CBC6CE3E2BA96D25FBA8E695D,1104,qml:QtGraphs.designer.images,qml,POSSIBLY_UNUSED,PySide6 wheel tree SHA-256 match,,UNKNOWN
Release/External_Test/2026-07-30_audio-validation-fix/Qonic_Audio_v5.0_internal_test/_internal/PySide6/qml/QtGraphs/designer/images/barseries-icon16.png,45990024622FE548292746F4403A8642CB5D8548ED344F983411242F1507731B,1088,qml:QtGraphs.designer.images,qml,POSSIBLY_UNUSED,PySide6 wheel tree SHA-256 match,,UNKNOWN
Release/External_Test/2026-07-30_audio-validation-fix/Qonic_Audio_v5.0_internal_test/_internal/PySide6/qml/QtGraphs/designer/images/lineseries-icon.png,82F63DE9F1FEF850A2FBEF2F67D040B44E25E579F797DDDD62C0421F22E14FC8,1353,qml:QtGraphs.designer.images,qml,POSSIBLY_UNUSED,PySide6 wheel tree SHA-256 match,,UNKNOWN
Release/External_Test/2026-07-30_audio-validation-fix/Qonic_Audio_v5.0_internal_test/_internal/PySide6/qml/QtGraphs/designer/images/lineseries-icon16.png,8F20652EA48C67926BBCA18A8F268B4E2CA5420FD5E4700BDB62B131DFF4A7A2,1242,qml:QtGraphs.designer.images,qml,POSSIBLY_UNUSED,PySide6 wheel tree SHA-256 match,,UNKNOWN
Release/External_Test/2026-07-30_audio-validation-fix/Qonic_Audio_v5.0_internal_test/_internal/PySide6/qml/QtGraphs/designer/images/pieseries-icon.png,2ABC53976DFE7E01378F9EFA6474CC529578DF81CAE5C5F208493E868F05FF93,1501,qml:QtGraphs.designer.images,qml,POSSIBLY_UNUSED,PySide6 wheel tree SHA-256 match,,UNKNOWN
Release/External_Test/2026-07-30_audio-validation-fix/Qonic_Audio_v5.0_internal_test/_internal/PySide6/qml/QtGraphs/designer/images/pieseries-icon16.png,842601FCC191BD702EAAD7FD096372A02422B1771DCE7B906AF14E04C16F9A36,1285,qml:QtGraphs.designer.images,qml,POSSIBLY_UNUSED,PySide6 wheel tree SHA-256 match,,UNKNOWN
Release/External_Test/2026-07-30_audio-validation-fix/Qonic_Audio_v5.0_internal_test/_internal/PySide6/qml/QtGraphs/designer/images/scatter3d-icon.png,FCE1B4064669A6F86D60BB4F91C83C88856E85853184C49F72472C716617BF8E,1271,qml:QtGraphs.designer.images,qml,POSSIBLY_UNUSED,PySide6 wheel tree SHA-256 match,,UNKNOWN
Release/External_Test/2026-07-30_audio-validation-fix/Qonic_Audio_v5.0_internal_test/_internal/PySide6/qml/QtGraphs/designer/images/scatter3d-icon16.png,EBEF12DEC0FFB5E7120012721EB871CF3A164967907144F45253BB9A9FD138C3,1146,qml:QtGraphs.designer.images,qml,POSSIBLY_UNUSED,PySide6 wheel tree SHA-256 match,,UNKNOWN
Release/External_Test/2026-07-30_audio-validation-fix/Qonic_Audio_v5.0_internal_test/_internal/PySide6/qml/QtGraphs/designer/images/scatterseries-icon.png,7F21ACA31654F30A1A8C0070A51E37FD99BDDDEC5C5B165D55DCACF16645FC19,1166,qml:QtGraphs.designer.images,qml,POSSIBLY_UNUSED,PySide6 wheel tree SHA-256 match,,UNKNOWN
Release/External_Test/2026-07-30_audio-validation-fix/Qonic_Audio_v5.0_internal_test/_internal/PySide6/qml/QtGraphs/designer/images/scatterseries-icon16.png,E6BEF68194165E79C8BD7277ED5055C8DCF9679E8A263AD6AF10049AD4C44B70,1172,qml:QtGraphs.designer.images,qml,POSSIBLY_UNUSED,PySide6 wheel tree SHA-256 match,,UNKNOWN
Release/External_Test/2026-07-30_audio-validation-fix/Qonic_Audio_v5.0_internal_test/_internal/PySide6/qml/QtGraphs/designer/images/splineseries-icon.png,CB75A5924DCA25533B828D20EBB03A52A2AB08F8737F4FFFFA93A0CE1B3F07EC,1413,qml:QtGraphs.designer.images,qml,POSSIBLY_UNUSED,PySide6 wheel tree SHA-256 match,,UNKNOWN
Release/External_Test/2026-07-30_audio-validation-fix/Qonic_Audio_v5.0_internal_test/_internal/PySide6/qml/QtGraphs/designer/images/splineseries-icon16.png,51D91ADDD73AD09A92E5140CD559C4FC6AE8F6FAC6E5DAAD6501FBEEDCDDBAF7,1289,qml:QtGraphs.designer.images,qml,POSSIBLY_UNUSED,PySide6 wheel tree SHA-256 match,,UNKNOWN
Release/External_Test/2026-07-30_audio-validation-fix/Qonic_Audio_v5.0_internal_test/_internal/PySide6/qml/QtGraphs/designer/images/surface3d-icon.png,6E14B24ED156A983C23CF6F04F782EA412991CE6058C3033AFC42F787B60295C,1413,qml:QtGraphs.designer.images,qml,POSSIBLY_UNUSED,PySide6 wheel tree SHA-256 match,,UNKNOWN
Release/External_Test/2026-07-30_audio-validation-fix/Qonic_Audio_v5.0_internal_test/_internal/PySide6/qml/QtGraphs/designer/images/surface3d-icon16.png,89CC3A126F1C0A129D85059C3A56EAA8ED307E3303CEB2EB971A3BA78EA84CC4,1231,qml:QtGraphs.designer.images,qml,POSSIBLY_UNUSED,PySide6 wheel tree SHA-256 match,,UNKNOWN
Release/External_Test/2026-07-30_audio-validation-fix/Qonic_Audio_v5.0_internal_test/_internal/PySide6/qml/QtGraphs/designer/qtgraphs.metainfo,C4835765C98D12A74F59EAE0FBC3172DAA2510CB467140AD4510514C4DC96D3A,1170,qml:QtGraphs.designer,qml,POSSIBLY_UNUSED,PySide6 wheel tree SHA-256 match,,UNKNOWN
Release/External_Test/2026-07-30_audio-validation-fix/Qonic_Audio_v5.0_internal_test/_internal/PySide6/qml/QtGraphs/designer/qtgraphs2d.metainfo,AC1677B0D4EB57EDCD07DAD55157CEBDF20CDC327E24C1F3C8E30900A88AAC4B,2439,qml:QtGraphs.designer,qml,POSSIBLY_UNUSED,PySide6 wheel tree SHA-256 match,,UNKNOWN
Release/External_Test/2026-07-30_audio-validation-fix/Qonic_Audio_v5.0_internal_test/_internal/PySide6/qml/QtGraphs/designer/Scatter3DSpecifics.qml,3348E582C2363F3717786B9876549FAD815751A70DF8A3837E406173956D610A,2033,qml:QtGraphs.designer,qml,POSSIBLY_UNUSED,PySide6 wheel tree SHA-256 match,,UNKNOWN
Release/External_Test/2026-07-30_audio-validation-fix/Qonic_Audio_v5.0_internal_test/_internal/PySide6/qml/QtGraphs/designer/Surface3DSpecifics.qml,8B9016343B1C394FD11B36FF178A756F92CBC55B139ECE45852A781778297605,7441,qml:QtGraphs.designer,qml,POSSIBLY_UNUSED,PySide6 wheel tree SHA-256 match,,UNKNOWN
Release/External_Test/2026-07-30_audio-validation-fix/Qonic_Audio_v5.0_internal_test/_internal/PySide6/qml/QtGraphs/Graphs.qmltypes,829CEF8D9109039C84767AF6A33C4691644B2E0AE52F150D55DBDAD5C4BDF211,318885,qml:QtGraphs,qml,POSSIBLY_UNUSED,PySide6 wheel tree SHA-256 match,,UNKNOWN
Release/External_Test/2026-07-30_audio-validation-fix/Qonic_Audio_v5.0_internal_test/_internal/PySide6/qml/QtGraphs/graphsplugin.dll,F367E50B0B3FBD8FE25845BA9FE511D590486CF6D26FD236F5D8B328D6A82A2E,30520,qml:QtGraphs,qml,POSSIBLY_UNUSED,PySide6 wheel tree SHA-256 match,,UNKNOWN
Release/External_Test/2026-07-30_audio-validation-fix/Qonic_Audio_v5.0_internal_test/_internal/PySide6/qml/QtGraphs/qmldir,7921743F85E4004AF79ABFA450CF09B078CC774D37F142E0206B0D29F3263266,210,qml:QtGraphs,qml,POSSIBLY_UNUSED,PySide6 wheel tree SHA-256 match,,UNKNOWN
Release/External_Test/2026-07-30_audio-validation-fix/Qonic_Audio_v5.0_internal_test/_internal/PySide6/qml/QtLocation/declarative_locationplugin.dll,CEBEDD05335A4A8D5470C3DE8370ADD63EFCBDED1CBC21172673CE86C7B5B989,30520,qml:QtLocation,qml,POSSIBLY_UNUSED,PySide6 wheel tree SHA-256 match,,UNKNOWN
Release/External_Test/2026-07-30_audio-validation-fix/Qonic_Audio_v5.0_internal_test/_internal/PySide6/qml/QtLocation/MapView.qml,D8F1A050A55471B675DBD07BFA9E1845C9E24FA1E870C57E1540C9062576475F,6377,qml:QtLocation,qml,POSSIBLY_UNUSED,PySide6 wheel tree SHA-256 match,,UNKNOWN
Release/External_Test/2026-07-30_audio-validation-fix/Qonic_Audio_v5.0_internal_test/_internal/PySide6/qml/QtLocation/plugins.qmltypes,780E094D735DC69691A485EF32F7A1BF8461F9486C92CA1237A7B485A9477DF4,114252,qml:QtLocation,qml,POSSIBLY_UNUSED,PySide6 wheel tree SHA-256 match,,UNKNOWN
Release/External_Test/2026-07-30_audio-validation-fix/Qonic_Audio_v5.0_internal_test/_internal/PySide6/qml/QtLocation/qmldir,2E49AA79849FECB6CDF4EE90F67215E7D07E05036723D445534EC3F9E5DACC02,280,qml:QtLocation,qml,POSSIBLY_UNUSED,PySide6 wheel tree SHA-256 match,,UNKNOWN
Release/External_Test/2026-07-30_audio-validation-fix/Qonic_Audio_v5.0_internal_test/_internal/PySide6/qml/QtMultimedia/plugins.qmltypes,C9267709146BCE06CE08191D91C7CF343A47BA0EF8A8F6A4DE6BB37106CF3A13,81462,qml:QtMultimedia,qml,LIKELY_REQUIRED,PySide6 wheel tree SHA-256 match,,UNKNOWN
Release/External_Test/2026-07-30_audio-validation-fix/Qonic_Audio_v5.0_internal_test/_internal/PySide6/qml/QtMultimedia/qmldir,2A0F427A8594E31ED6B3FBC1B2242856976A02131CDDD8C59B23858DD3D67CF5,253,qml:QtMultimedia,qml,LIKELY_REQUIRED,PySide6 wheel tree SHA-256 match,,UNKNOWN
Release/External_Test/2026-07-30_audio-validation-fix/Qonic_Audio_v5.0_internal_test/_internal/PySide6/qml/QtMultimedia/quickmultimediaplugin.dll,60EFCC5F1EE255379946194AFE54235FC70103A6A53C7151785A20A25DDA6C15,32568,qml:QtMultimedia,qml,LIKELY_REQUIRED,PySide6 wheel tree SHA-256 match,,UNKNOWN
Release/External_Test/2026-07-30_audio-validation-fix/Qonic_Audio_v5.0_internal_test/_internal/PySide6/qml/QtMultimedia/Video.qml,C411BD6B4D7A9FDDBEAA7A664FAA9E0F9B34576352E01884FD12F973E68E1E83,12784,qml:QtMultimedia,qml,LIKELY_REQUIRED,PySide6 wheel tree SHA-256 match,,UNKNOWN
Release/External_Test/2026-07-30_audio-validation-fix/Qonic_Audio_v5.0_internal_test/_internal/PySide6/qml/QtNetwork/plugins.qmltypes,F2E96743DE7E467D34CD9AC43850BBEA3C2F98B4407E67B6A277F36583FF1F5D,20013,qml:QtNetwork,qml,POSSIBLY_UNUSED,PySide6 wheel tree SHA-256 match,,UNKNOWN
Release/External_Test/2026-07-30_audio-validation-fix/Qonic_Audio_v5.0_internal_test/_internal/PySide6/qml/QtNetwork/qmldir,722BFE4EF1DA11AA2F7A3770B07E30A3AABC37E821F6289EE55815B47BFF6973,225,qml:QtNetwork,qml,POSSIBLY_UNUSED,PySide6 wheel tree SHA-256 match,,UNKNOWN
Release/External_Test/2026-07-30_audio-validation-fix/Qonic_Audio_v5.0_internal_test/_internal/PySide6/qml/QtNetwork/qmlnetworkplugin.dll,0BD85035D81C112B1650C9FF427FCE14AF1C66CEE3DC5B26D29E6866DACBB5D7,30520,qml:QtNetwork,qml,POSSIBLY_UNUSED,PySide6 wheel tree SHA-256 match,,UNKNOWN
Release/External_Test/2026-07-30_audio-validation-fix/Qonic_Audio_v5.0_internal_test/_internal/PySide6/qml/QtPositioning/plugins.qmltypes,8D822EFDA41C70759FED1D5559E06E422F099886BE01B07CABA89ECD175D9158,49798,qml:QtPositioning,qml,POSSIBLY_UNUSED,PySide6 wheel tree SHA-256 match,,UNKNOWN
Release/External_Test/2026-07-30_audio-validation-fix/Qonic_Audio_v5.0_internal_test/_internal/PySide6/qml/QtPositioning/positioningquickplugin.dll,EE203379EC7C80FD6C0D29171B88365B16883FEC58C6C95B4A1FD5EA3F5453D5,61752,qml:QtPositioning,qml,POSSIBLY_UNUSED,PySide6 wheel tree SHA-256 match,,UNKNOWN
Release/External_Test/2026-07-30_audio-validation-fix/Qonic_Audio_v5.0_internal_test/_internal/PySide6/qml/QtPositioning/qmldir,FE61FF49B8DB3CDCD5A9C81789D2770A2E0D3F9B651627BA70DFD2D5875E92FA,234,qml:QtPositioning,qml,POSSIBLY_UNUSED,PySide6 wheel tree SHA-256 match,,UNKNOWN
Release/External_Test/2026-07-30_audio-validation-fix/Qonic_Audio_v5.0_internal_test/_internal/PySide6/qml/QtQml/Models/modelsplugin.dll,0528BF7E08DB3D92F8BBC2039BD3A38D9B61D3B1633E32055C00E37A062E481B,30520,qml:QtQml.Models,qml,LIKELY_REQUIRED,PySide6 wheel tree SHA-256 match,,UNKNOWN
Release/External_Test/2026-07-30_audio-validation-fix/Qonic_Audio_v5.0_internal_test/_internal/PySide6/qml/QtQml/Models/plugins.qmltypes,1B1DAD439D1B7B4FDFBF4394362E9F6C3828388871AB9903A734FE675DFEFDB8,80548,qml:QtQml.Models,qml,LIKELY_REQUIRED,PySide6 wheel tree SHA-256 match,,UNKNOWN
Release/External_Test/2026-07-30_audio-validation-fix/Qonic_Audio_v5.0_internal_test/_internal/PySide6/qml/QtQml/Models/qmldir,313CEC98E20382271B7627998F3AFBA3CBB1C69BC05204728406517000DB0247,222,qml:QtQml.Models,qml,LIKELY_REQUIRED,PySide6 wheel tree SHA-256 match,,UNKNOWN
Release/External_Test/2026-07-30_audio-validation-fix/Qonic_Audio_v5.0_internal_test/_internal/PySide6/qml/QtQml/plugins.qmltypes,4387CBC395E3964C16CC1E9F72551AF7CBB8A4455B3BF86D72BBABAD228DD658,7780,qml:QtQml,qml,LIKELY_REQUIRED,PySide6 wheel tree SHA-256 match,,UNKNOWN
Release/External_Test/2026-07-30_audio-validation-fix/Qonic_Audio_v5.0_internal_test/_internal/PySide6/qml/QtQml/qmldir,4487F30737A083FA69C5B9D408FC29856908CB50956A0652DB50C47B9683A289,253,qml:QtQml,qml,LIKELY_REQUIRED,PySide6 wheel tree SHA-256 match,,UNKNOWN
Release/External_Test/2026-07-30_audio-validation-fix/Qonic_Audio_v5.0_internal_test/_internal/PySide6/qml/QtQml/qmlplugin.dll,2C564570A7911F1715CEB8C26814D6B86E76F4D053C53136C02932FBA44CE763,30520,qml:QtQml,qml,LIKELY_REQUIRED,PySide6 wheel tree SHA-256 match,,UNKNOWN
Release/External_Test/2026-07-30_audio-validation-fix/Qonic_Audio_v5.0_internal_test/_internal/PySide6/qml/QtQml/StateMachine/plugins.qmltypes,D999607FFDC4726F7854F7C2E0EFCB56AB0D3D294DFD3A0FE6BFFC5B3C24FF94,14485,qml:QtQml.StateMachine,qml,LIKELY_REQUIRED,PySide6 wheel tree SHA-256 match,,UNKNOWN
Release/External_Test/2026-07-30_audio-validation-fix/Qonic_Audio_v5.0_internal_test/_internal/PySide6/qml/QtQml/StateMachine/qmldir,4FE18289824409798031AF67A6F5EF6B8FA2D1325F94978E9AAFC35E7EA82B3C,240,qml:QtQml.StateMachine,qml,LIKELY_REQUIRED,PySide6 wheel tree SHA-256 match,,UNKNOWN
Release/External_Test/2026-07-30_audio-validation-fix/Qonic_Audio_v5.0_internal_test/_internal/PySide6/qml/QtQml/StateMachine/qtqmlstatemachineplugin.dll,CF94B64E20D71F1771608B6955C7E62E74383951A2CAB8A59A4D3C5D7F66E51F,30520,qml:QtQml.StateMachine,qml,LIKELY_REQUIRED,PySide6 wheel tree SHA-256 match,,UNKNOWN
Release/External_Test/2026-07-30_audio-validation-fix/Qonic_Audio_v5.0_internal_test/_internal/PySide6/qml/QtQml/WorkerScript/plugins.qmltypes,701CD44FD43B9BDAE92685471D0E8F8CF6D7C743518AAA6FC3E544FB3989807D,1510,qml:QtQml.WorkerScript,qml,LIKELY_REQUIRED,PySide6 wheel tree SHA-256 match,,UNKNOWN
Release/External_Test/2026-07-30_audio-validation-fix/Qonic_Audio_v5.0_internal_test/_internal/PySide6/qml/QtQml/WorkerScript/qmldir,7E930397861106A9A5931F5448F76B3E981C0BC0C150A1E7BC6FBE6A049F9ED8,252,qml:QtQml.WorkerScript,qml,LIKELY_REQUIRED,PySide6 wheel tree SHA-256 match,,UNKNOWN
Release/External_Test/2026-07-30_audio-validation-fix/Qonic_Audio_v5.0_internal_test/_internal/PySide6/qml/QtQml/WorkerScript/workerscriptplugin.dll,E5EEFCACD5D871D8782061C502B858D0DD7CEBA3ED8E164A3AB303E86A4C36FA,30520,qml:QtQml.WorkerScript,qml,LIKELY_REQUIRED,PySide6 wheel tree SHA-256 match,,UNKNOWN
Release/External_Test/2026-07-30_audio-validation-fix/Qonic_Audio_v5.0_internal_test/_internal/PySide6/qml/QtQml/XmlListModel/plugins.qmltypes,8389CC8F4E78A12A32E0112B215AE329C0F6D90D7582EB9F9C685B753E727DE1,4798,qml:QtQml.XmlListModel,qml,LIKELY_REQUIRED,PySide6 wheel tree SHA-256 match,,UNKNOWN
Release/External_Test/2026-07-30_audio-validation-fix/Qonic_Audio_v5.0_internal_test/_internal/PySide6/qml/QtQml/XmlListModel/qmldir,12C038FC6883E7DC5255680D82AC5C6AC0219A29082806F23B77AD9D9FEC0B23,242,qml:QtQml.XmlListModel,qml,LIKELY_REQUIRED,PySide6 wheel tree SHA-256 match,,UNKNOWN
Release/External_Test/2026-07-30_audio-validation-fix/Qonic_Audio_v5.0_internal_test/_internal/PySide6/qml/QtQml/XmlListModel/qmlxmllistmodelplugin.dll,AD2AAA1E5927C17E7FB6FA2D9B80917EDEEBB09151F93FD02E6ED63579F775CC,30520,qml:QtQml.XmlListModel,qml,LIKELY_REQUIRED,PySide6 wheel tree SHA-256 match,,UNKNOWN
Release/External_Test/2026-07-30_audio-validation-fix/Qonic_Audio_v5.0_internal_test/_internal/PySide6/qml/QtQuick3D/AssetUtils/designer/assetutils.metainfo,6397280F1DADD6F89FC53820850EEA64B505A1E4EBDF26C9C2D8B3F3DBD910A0,572,qml:QtQuick3D.AssetUtils.designer,qml,LIKELY_REQUIRED,PySide6 wheel tree SHA-256 match,,UNKNOWN
Release/External_Test/2026-07-30_audio-validation-fix/Qonic_Audio_v5.0_internal_test/_internal/PySide6/qml/QtQuick3D/AssetUtils/designer/images/dummy.png,FBC370C541A931E22EEBA5157B47F30FC60C7E29580B9B4904703B6E17910BF3,375,qml:QtQuick3D.AssetUtils.designer,qml,LIKELY_REQUIRED,PySide6 wheel tree SHA-256 match,,UNKNOWN
Release/External_Test/2026-07-30_audio-validation-fix/Qonic_Audio_v5.0_internal_test/_internal/PySide6/qml/QtQuick3D/AssetUtils/designer/images/dummy16.png,20367ABDB3621F0BBBE473DC2C16708318303C600356DD3A53C9465C8A694E22,253,qml:QtQuick3D.AssetUtils.designer,qml,LIKELY_REQUIRED,PySide6 wheel tree SHA-256 match,,UNKNOWN
Release/External_Test/2026-07-30_audio-validation-fix/Qonic_Audio_v5.0_internal_test/_internal/PySide6/qml/QtQuick3D/AssetUtils/designer/images/dummy@2x.png,AC0CED9846290510F32FFB115D29E5329442FEC01B6527A863EBF541CA8C8ED5,499,qml:QtQuick3D.AssetUtils.designer,qml,LIKELY_REQUIRED,PySide6 wheel tree SHA-256 match,,UNKNOWN
Release/External_Test/2026-07-30_audio-validation-fix/Qonic_Audio_v5.0_internal_test/_internal/PySide6/qml/QtQuick3D/AssetUtils/designer/images/runtimeloader.png,3B0C1111157BD3A63FF510E0CD1B911391702E160169D8CED01F93C51C7D72ED,744,qml:QtQuick3D.AssetUtils.designer,qml,LIKELY_REQUIRED,PySide6 wheel tree SHA-256 match,,UNKNOWN
Release/External_Test/2026-07-30_audio-validation-fix/Qonic_Audio_v5.0_internal_test/_internal/PySide6/qml/QtQuick3D/AssetUtils/designer/images/runtimeloader16.png,1E22FC524E78E023F48A3CF4D23958824D098772F8724F2C6CFA235BCAC9A662,476,qml:QtQuick3D.AssetUtils.designer,qml,LIKELY_REQUIRED,PySide6 wheel tree SHA-256 match,,UNKNOWN
Release/External_Test/2026-07-30_audio-validation-fix/Qonic_Audio_v5.0_internal_test/_internal/PySide6/qml/QtQuick3D/AssetUtils/designer/images/runtimeloader@2x.png,CBCF7E6058C00B738FB595274781FC0C4A1DA1196A54324A92F0B2DE7F6165B2,1441,qml:QtQuick3D.AssetUtils.designer,qml,LIKELY_REQUIRED,PySide6 wheel tree SHA-256 match,,UNKNOWN
Release/External_Test/2026-07-30_audio-validation-fix/Qonic_Audio_v5.0_internal_test/_internal/PySide6/qml/QtQuick3D/AssetUtils/designer/NodeSection.qml,4F7635A15EA0041E49823D84A1F778B7E93FF1D8A4E42C67A668658E68FE59BC,12259,qml:QtQuick3D.AssetUtils.designer,qml,LIKELY_REQUIRED,PySide6 wheel tree SHA-256 match,,UNKNOWN
Release/External_Test/2026-07-30_audio-validation-fix/Qonic_Audio_v5.0_internal_test/_internal/PySide6/qml/QtQuick3D/AssetUtils/designer/RuntimeLoaderSection.qml,CC90032E51BAA18566F451D8CDFC2A6F07A82B1A99383301B6A21E09EFA1C9FE,1511,qml:QtQuick3D.AssetUtils.designer,qml,LIKELY_REQUIRED,PySide6 wheel tree SHA-256 match,,UNKNOWN
Release/External_Test/2026-07-30_audio-validation-fix/Qonic_Audio_v5.0_internal_test/_internal/PySide6/qml/QtQuick3D/AssetUtils/designer/RuntimeLoaderSpecifics.qml,E9D3BDEE909A601E02B0E817F82578E3BBEB90290B0E5BD25BA582B445767312,354,qml:QtQuick3D.AssetUtils.designer,qml,LIKELY_REQUIRED,PySide6 wheel tree SHA-256 match,,UNKNOWN
Release/External_Test/2026-07-30_audio-validation-fix/Qonic_Audio_v5.0_internal_test/_internal/PySide6/qml/QtQuick3D/AssetUtils/plugins.qmltypes,A757EB758BECAF5849C6F9EBC40667058C08BA73ECF6696EAE872E597C1AAF4E,2898,qml:QtQuick3D.AssetUtils,qml,LIKELY_REQUIRED,PySide6 wheel tree SHA-256 match,,UNKNOWN
Release/External_Test/2026-07-30_audio-validation-fix/Qonic_Audio_v5.0_internal_test/_internal/PySide6/qml/QtQuick3D/AssetUtils/qmldir,0AEAFB9B0037CF4ABD82712F4134652D17E28217D4C5E827D1EAEA6149B826DF,296,qml:QtQuick3D.AssetUtils,qml,LIKELY_REQUIRED,PySide6 wheel tree SHA-256 match,,UNKNOWN
Release/External_Test/2026-07-30_audio-validation-fix/Qonic_Audio_v5.0_internal_test/_internal/PySide6/qml/QtQuick3D/AssetUtils/qtquick3dassetutilsplugin.dll,D43FF02F0653097BE933E247110D38CA713F59E682B3DBB7D9D60845F92ADB26,30520,qml:QtQuick3D.AssetUtils,qml,LIKELY_REQUIRED,PySide6 wheel tree SHA-256 match,,UNKNOWN
Release/External_Test/2026-07-30_audio-validation-fix/Qonic_Audio_v5.0_internal_test/_internal/PySide6/qml/QtQuick3D/designer/AbstractLightSection.qml,EA7075D41212D401978E39A4B213A35E7F69861A675C3CA452E94F8F00F974DF,3162,qml:QtQuick3D.designer,qml,LIKELY_REQUIRED,PySide6 wheel tree SHA-256 match,,UNKNOWN
Release/External_Test/2026-07-30_audio-validation-fix/Qonic_Audio_v5.0_internal_test/_internal/PySide6/qml/QtQuick3D/designer/BufferInputSection.qml,8F3157282B60FA17D90174DC81B3A4053F859B06CF3C43545461872110167533,1393,qml:QtQuick3D.designer,qml,LIKELY_REQUIRED,PySide6 wheel tree SHA-256 match,,UNKNOWN
Release/External_Test/2026-07-30_audio-validation-fix/Qonic_Audio_v5.0_internal_test/_internal/PySide6/qml/QtQuick3D/designer/BufferInputSpecifics.qml,1C635FEF88BCAACEE777EBC94B4B83F4A41C7BE32B73F83C0B6982282F4AEDBA,295,qml:QtQuick3D.designer,qml,LIKELY_REQUIRED,PySide6 wheel tree SHA-256 match,,UNKNOWN
Release/External_Test/2026-07-30_audio-validation-fix/Qonic_Audio_v5.0_internal_test/_internal/PySide6/qml/QtQuick3D/designer/BufferSection.qml,99855CDF1A8744B784CE931BE416C4590D5BF15799B375CC2A9BC89814DF411D,3950,qml:QtQuick3D.designer,qml,LIKELY_REQUIRED,PySide6 wheel tree SHA-256 match,,UNKNOWN
Release/External_Test/2026-07-30_audio-validation-fix/Qonic_Audio_v5.0_internal_test/_internal/PySide6/qml/QtQuick3D/designer/BufferSpecifics.qml,FD2969400F4CFB4320360E49B15739693B2814EB4CB63D5FF6E922B46FB85F28,290,qml:QtQuick3D.designer,qml,LIKELY_REQUIRED,PySide6 wheel tree SHA-256 match,,UNKNOWN
Release/External_Test/2026-07-30_audio-validation-fix/Qonic_Audio_v5.0_internal_test/_internal/PySide6/qml/QtQuick3D/designer/CameraSection.qml,A5B51F74A6830E6C5B3A02EC7E7AEDBE6A0DF601F9419FCF109CBB77685244F2,2096,qml:QtQuick3D.designer,qml,LIKELY_REQUIRED,PySide6 wheel tree SHA-256 match,,UNKNOWN
Release/External_Test/2026-07-30_audio-validation-fix/Qonic_Audio_v5.0_internal_test/_internal/PySide6/qml/QtQuick3D/designer/CascadesSection.qml,4933430C86BEF6D13ED178624DFAF0AD5D914867E42528A295C87B57B35E1FB1,4726,qml:QtQuick3D.designer,qml,LIKELY_REQUIRED,PySide6 wheel tree SHA-256 match,,UNKNOWN
Release/External_Test/2026-07-30_audio-validation-fix/Qonic_Audio_v5.0_internal_test/_internal/PySide6/qml/QtQuick3D/designer/CubeMapTextureSpecifics.qml,04FB32970D61B72CC962218ACD2DDCF7CC968A4298CBA6CEE5F0332321E5E806,379,qml:QtQuick3D.designer,qml,LIKELY_REQUIRED,PySide6 wheel tree SHA-256 match,,UNKNOWN
Release/External_Test/2026-07-30_audio-validation-fix/Qonic_Audio_v5.0_internal_test/_internal/PySide6/qml/QtQuick3D/designer/CustomCameraSpecifics.qml,2E4A8CB91A91742EF182D96CC795D45E99B4E6C1A063BF090722BAAA183ED81E,476,qml:QtQuick3D.designer,qml,LIKELY_REQUIRED,PySide6 wheel tree SHA-256 match,,UNKNOWN
Release/External_Test/2026-07-30_audio-validation-fix/Qonic_Audio_v5.0_internal_test/_internal/PySide6/qml/QtQuick3D/designer/CustomMaterialSection.qml,BF14D114B7897C75CAE951E1AE0CBA4BEFC2A103B7E30D0E9DAC9331A313593C,4509,qml:QtQuick3D.designer,qml,LIKELY_REQUIRED,PySide6 wheel tree SHA-256 match,,UNKNOWN
Release/External_Test/2026-07-30_audio-validation-fix/Qonic_Audio_v5.0_internal_test/_internal/PySide6/qml/QtQuick3D/designer/CustomMaterialSpecifics.qml,D33DD65075CCC19206C4DDEA52952A5750CD17CEA5C54BDEB4400E9AC5735F96,359,qml:QtQuick3D.designer,qml,LIKELY_REQUIRED,PySide6 wheel tree SHA-256 match,,UNKNOWN
Release/External_Test/2026-07-30_audio-validation-fix/Qonic_Audio_v5.0_internal_test/_internal/PySide6/qml/QtQuick3D/designer/DebugSettingsSection.qml,312A517CC3599FB8E3592A8D462A6B308016E82EF021850D07F215B23982F7DB,1703,qml:QtQuick3D.designer,qml,LIKELY_REQUIRED,PySide6 wheel tree SHA-256 match,,UNKNOWN
Release/External_Test/2026-07-30_audio-validation-fix/Qonic_Audio_v5.0_internal_test/_internal/PySide6/qml/QtQuick3D/designer/DebugSettingsSpecifics.qml,2C748AC231E42213D058FBCA431E5165ED3657B0B8B8ECEE9123D0B182E05036,295,qml:QtQuick3D.designer,qml,LIKELY_REQUIRED,PySide6 wheel tree SHA-256 match,,UNKNOWN
Release/External_Test/2026-07-30_audio-validation-fix/Qonic_Audio_v5.0_internal_test/_internal/PySide6/qml/QtQuick3D/designer/DefaultMaterialSection.qml,8CF8A56372CA81D956F9DEF8CD5F1E24DD8EB132B4BEF1386A5DC4E340CE8AF8,22768,qml:QtQuick3D.designer,qml,LIKELY_REQUIRED,PySide6 wheel tree SHA-256 match,,UNKNOWN
Release/External_Test/2026-07-30_audio-validation-fix/Qonic_Audio_v5.0_internal_test/_internal/PySide6/qml/QtQuick3D/designer/DefaultMaterialSpecifics.qml,7FAC88E8FB532E29AF38216A7B2483A129150579D25F8EFE6B268785FF377C14,360,qml:QtQuick3D.designer,qml,LIKELY_REQUIRED,PySide6 wheel tree SHA-256 match,,UNKNOWN
Release/External_Test/2026-07-30_audio-validation-fix/Qonic_Audio_v5.0_internal_test/_internal/PySide6/qml/QtQuick3D/designer/DirectionalLightSection.qml,CF33A015BD84B337489A8C8099FA376802A9DC1874939A76916ED2ECAA8DA15F,231,qml:QtQuick3D.designer,qml,LIKELY_REQUIRED,PySide6 wheel tree SHA-256 match,,UNKNOWN
Release/External_Test/2026-07-30_audio-validation-fix/Qonic_Audio_v5.0_internal_test/_internal/PySide6/qml/QtQuick3D/designer/DirectionalLightSpecifics.qml,5F13A38768DD4813000063F38EA82C2B0D88FB63E11304622620F37B4CC433A7,358,qml:QtQuick3D.designer,qml,LIKELY_REQUIRED,PySide6 wheel tree SHA-256 match,,UNKNOWN
Release/External_Test/2026-07-30_audio-validation-fix/Qonic_Audio_v5.0_internal_test/_internal/PySide6/qml/QtQuick3D/designer/EffectSection.qml,E7CF499B4BCDCC645E063EB6325DC5802E4D517935BE900B88072241E183B6B8,1137,qml:QtQuick3D.designer,qml,LIKELY_REQUIRED,PySide6 wheel tree SHA-256 match,,UNKNOWN
Release/External_Test/2026-07-30_audio-validation-fix/Qonic_Audio_v5.0_internal_test/_internal/PySide6/qml/QtQuick3D/designer/EffectSpecifics.qml,9FCAE9653BC67397DB53290EAC2E0FF091B47A5C5977BDD952B2DB636F73232C,290,qml:QtQuick3D.designer,qml,LIKELY_REQUIRED,PySide6 wheel tree SHA-256 match,,UNKNOWN
Release/External_Test/2026-07-30_audio-validation-fix/Qonic_Audio_v5.0_internal_test/_internal/PySide6/qml/QtQuick3D/designer/FileInstancingSection.qml,D2365525868D8684A22F17196DD8365C0F456A86A28C4E2B863775112BF596E2,682,qml:QtQuick3D.designer,qml,LIKELY_REQUIRED,PySide6 wheel tree SHA-256 match,,UNKNOWN
Release/External_Test/2026-07-30_audio-validation-fix/Qonic_Audio_v5.0_internal_test/_internal/PySide6/qml/QtQuick3D/designer/FileInstancingSpecifics.qml,A6BC47BAD9C581910C4A3259404277DB2F77EAA34BB9B2B4344D9F396E3E8D91,361,qml:QtQuick3D.designer,qml,LIKELY_REQUIRED,PySide6 wheel tree SHA-256 match,,UNKNOWN
Release/External_Test/2026-07-30_audio-validation-fix/Qonic_Audio_v5.0_internal_test/_internal/PySide6/qml/QtQuick3D/designer/FogSection.qml,3C9F7DFFC663A1F5EBF9F6B4B283897EDECD0714C206F54B51443539C8100209,8626,qml:QtQuick3D.designer,qml,LIKELY_REQUIRED,PySide6 wheel tree SHA-256 match,,UNKNOWN
Release/External_Test/2026-07-30_audio-validation-fix/Qonic_Audio_v5.0_internal_test/_internal/PySide6/qml/QtQuick3D/designer/FogSpecifics.qml,768324BCBCEF57535DC23AD96DA22F70DF32435457D4C0D4133E16DF5A7D27D8,285,qml:QtQuick3D.designer,qml,LIKELY_REQUIRED,PySide6 wheel tree SHA-256 match,,UNKNOWN
Release/External_Test/2026-07-30_audio-validation-fix/Qonic_Audio_v5.0_internal_test/_internal/PySide6/qml/QtQuick3D/designer/FrustumCameraSection.qml,2EC5F0746F98879CB9B47A20C307565DDB04AFFFAE3F8AF4F4B9F9955E2E1D59,2601,qml:QtQuick3D.designer,qml,LIKELY_REQUIRED,PySide6 wheel tree SHA-256 match,,UNKNOWN
Release/External_Test/2026-07-30_audio-validation-fix/Qonic_Audio_v5.0_internal_test/_internal/PySide6/qml/QtQuick3D/designer/FrustumCameraSpecifics.qml,F065493DCF4E9D7A5556A9B51FAB34CA0B3F77E475F5CEB666DF188572ECD77D,483,qml:QtQuick3D.designer,qml,LIKELY_REQUIRED,PySide6 wheel tree SHA-256 match,,UNKNOWN
Release/External_Test/2026-07-30_audio-validation-fix/Qonic_Audio_v5.0_internal_test/_internal/PySide6/qml/QtQuick3D/designer/images/camera.png,6B729B7342A702FCB6597BD9DF20879FD240F61071D8883FC6790FC67CB1A7A6,276,qml:QtQuick3D.designer.images,qml,LIKELY_REQUIRED,PySide6 wheel tree SHA-256 match,,UNKNOWN
Release/External_Test/2026-07-30_audio-validation-fix/Qonic_Audio_v5.0_internal_test/_internal/PySide6/qml/QtQuick3D/designer/images/camera16.png,52D40DE87FC0F2909FD2B664580E9E4BA70816E485CD8DE6B8A95437F5C01C2A,241,qml:QtQuick3D.designer.images,qml,LIKELY_REQUIRED,PySide6 wheel tree SHA-256 match,,UNKNOWN
Release/External_Test/2026-07-30_audio-validation-fix/Qonic_Audio_v5.0_internal_test/_internal/PySide6/qml/QtQuick3D/designer/images/camera@2x.png,9337189D349AC1DD05B4882BEEBCF888CD6790DD97D14A55F41FE8E198A103BD,385,qml:QtQuick3D.designer.images,qml,LIKELY_REQUIRED,PySide6 wheel tree SHA-256 match,,UNKNOWN
Release/External_Test/2026-07-30_audio-validation-fix/Qonic_Audio_v5.0_internal_test/_internal/PySide6/qml/QtQuick3D/designer/images/cone.png,9ED3EBA5DB89D20F83101AA1E0DC05C4CAFBC5ED40EDCB463AC8A4259A98AE40,412,qml:QtQuick3D.designer.images,qml,LIKELY_REQUIRED,PySide6 wheel tree SHA-256 match,,UNKNOWN
Release/External_Test/2026-07-30_audio-validation-fix/Qonic_Audio_v5.0_internal_test/_internal/PySide6/qml/QtQuick3D/designer/images/cone16.png,0DEBC338D32740C84E9B75ED0E21CE1F6248D7B4DE7D682CEA58AEF2DBF9E991,277,qml:QtQuick3D.designer.images,qml,LIKELY_REQUIRED,PySide6 wheel tree SHA-256 match,,UNKNOWN
Release/External_Test/2026-07-30_audio-validation-fix/Qonic_Audio_v5.0_internal_test/_internal/PySide6/qml/QtQuick3D/designer/images/cone@2x.png,23A24F3B15CDDF7A57C775DD04280DE24D430104AAAD90555F4DE3D8D1575B80,731,qml:QtQuick3D.designer.images,qml,LIKELY_REQUIRED,PySide6 wheel tree SHA-256 match,,UNKNOWN
Release/External_Test/2026-07-30_audio-validation-fix/Qonic_Audio_v5.0_internal_test/_internal/PySide6/qml/QtQuick3D/designer/images/cube.png,C73D67B48492C645ED2E8FEDB3ECDF6B032D9CE73D9BAE4432537811B2172038,369,qml:QtQuick3D.designer.images,qml,LIKELY_REQUIRED,PySide6 wheel tree SHA-256 match,,UNKNOWN
Release/External_Test/2026-07-30_audio-validation-fix/Qonic_Audio_v5.0_internal_test/_internal/PySide6/qml/QtQuick3D/designer/images/cube16.png,3B33E04D7EF0ED5308F7AFEDA2C169FB52192BCC49F55A8AA6C6BAC639DC1DBD,190,qml:QtQuick3D.designer.images,qml,LIKELY_REQUIRED,PySide6 wheel tree SHA-256 match,,UNKNOWN
Release/External_Test/2026-07-30_audio-validation-fix/Qonic_Audio_v5.0_internal_test/_internal/PySide6/qml/QtQuick3D/designer/images/cube@2x.png,33BE3F86BB9C8460554260E331920F27DD9354F347820D208355401865CD509F,733,qml:QtQuick3D.designer.images,qml,LIKELY_REQUIRED,PySide6 wheel tree SHA-256 match,,UNKNOWN
Release/External_Test/2026-07-30_audio-validation-fix/Qonic_Audio_v5.0_internal_test/_internal/PySide6/qml/QtQuick3D/designer/images/cubemaptexture.png,4DB299B5A86276D216A37EEF66152FE3E76786673B7D40EF4D11922F5B13AF21,3182,qml:QtQuick3D.designer.images,qml,LIKELY_REQUIRED,PySide6 wheel tree SHA-256 match,,UNKNOWN
Release/External_Test/2026-07-30_audio-validation-fix/Qonic_Audio_v5.0_internal_test/_internal/PySide6/qml/QtQuick3D/designer/images/cubemaptexture16.png,91934BFE7E438886AC711BE05681788DD21FFEBFD06655272406CBFBACC997A6,258,qml:QtQuick3D.designer.images,qml,LIKELY_REQUIRED,PySide6 wheel tree SHA-256 match,,UNKNOWN
Release/External_Test/2026-07-30_audio-validation-fix/Qonic_Audio_v5.0_internal_test/_internal/PySide6/qml/QtQuick3D/designer/images/cubemaptexture@2x.png,03654B6AEFB74C54E12D6605EE09CB5F60CA5E4CC6D3D0185597BBF9EC7AA873,3237,qml:QtQuick3D.designer.images,qml,LIKELY_REQUIRED,PySide6 wheel tree SHA-256 match,,UNKNOWN
Release/External_Test/2026-07-30_audio-validation-fix/Qonic_Audio_v5.0_internal_test/_internal/PySide6/qml/QtQuick3D/designer/images/custommaterial.png,D95A7E080272F584ECE47A21150FA86A8F49538A3FF006A4FACFC492C5187AF1,563,qml:QtQuick3D.designer.images,qml,LIKELY_REQUIRED,PySide6 wheel tree SHA-256 match,,UNKNOWN
Release/External_Test/2026-07-30_audio-validation-fix/Qonic_Audio_v5.0_internal_test/_internal/PySide6/qml/QtQuick3D/designer/images/custommaterial16.png,094B15191562F79499C8A29340823A26BC6025141CFBE32E3E937325E2979DF0,347,qml:QtQuick3D.designer.images,qml,LIKELY_REQUIRED,PySide6 wheel tree SHA-256 match,,UNKNOWN
Release/External_Test/2026-07-30_audio-validation-fix/Qonic_Audio_v5.0_internal_test/_internal/PySide6/qml/QtQuick3D/designer/images/custommaterial@2x.png,20A9093E7484341241F4DF1EFAA3EA89EBC0691D1A01C655B1C6D3DC7820DF03,1171,qml:QtQuick3D.designer.images,qml,LIKELY_REQUIRED,PySide6 wheel tree SHA-256 match,,UNKNOWN
Release/External_Test/2026-07-30_audio-validation-fix/Qonic_Audio_v5.0_internal_test/_internal/PySide6/qml/QtQuick3D/designer/images/cylinder.png,9F6D91BDDF473139B03BCF5D9018AE7D697F1078CD82EA7CA2A7B9F05920F49A,445,qml:QtQuick3D.designer.images,qml,LIKELY_REQUIRED,PySide6 wheel tree SHA-256 match,,UNKNOWN
Release/External_Test/2026-07-30_audio-validation-fix/Qonic_Audio_v5.0_internal_test/_internal/PySide6/qml/QtQuick3D/designer/images/cylinder16.png,756333E9861E4486F661AD2F35DE6C7B7BE37BD9EFA3989FAE6C80B21C234CA3,336,qml:QtQuick3D.designer.images,qml,LIKELY_REQUIRED,PySide6 wheel tree SHA-256 match,,UNKNOWN
Release/External_Test/2026-07-30_audio-validation-fix/Qonic_Audio_v5.0_internal_test/_internal/PySide6/qml/QtQuick3D/designer/images/cylinder@2x.png,E196EAECFC364668AA71CE16C1B9482F24AC9F8F0A8A4CE771B2BDFB6FEBB65B,789,qml:QtQuick3D.designer.images,qml,LIKELY_REQUIRED,PySide6 wheel tree SHA-256 match,,UNKNOWN
Release/External_Test/2026-07-30_audio-validation-fix/Qonic_Audio_v5.0_internal_test/_internal/PySide6/qml/QtQuick3D/designer/images/debugsettings.png,9A6C3EC3A01E7836C9D83BA95C8EB13FDB7E84BAF0E76F91C01F1FA4A035684E,907,qml:QtQuick3D.designer.images,qml,LIKELY_REQUIRED,PySide6 wheel tree SHA-256 match,,UNKNOWN
Release/External_Test/2026-07-30_audio-validation-fix/Qonic_Audio_v5.0_internal_test/_internal/PySide6/qml/QtQuick3D/designer/images/debugsettings16.png,87C3EA0FB24DCBBF088A73FE68094C13F02DE4FB661D6A8EE8C7BC678225565E,731,qml:QtQuick3D.designer.images,qml,LIKELY_REQUIRED,PySide6 wheel tree SHA-256 match,,UNKNOWN
Release/External_Test/2026-07-30_audio-validation-fix/Qonic_Audio_v5.0_internal_test/_internal/PySide6/qml/QtQuick3D/designer/images/debugsettings@2x.png,D289959A7AF243C1C49A0111156BAB554DE17C0F9540DEF50FBC1191C36D5E01,1359,qml:QtQuick3D.designer.images,qml,LIKELY_REQUIRED,PySide6 wheel tree SHA-256 match,,UNKNOWN
Release/External_Test/2026-07-30_audio-validation-fix/Qonic_Audio_v5.0_internal_test/_internal/PySide6/qml/QtQuick3D/designer/images/dummy.png,FBC370C541A931E22EEBA5157B47F30FC60C7E29580B9B4904703B6E17910BF3,375,qml:QtQuick3D.designer.images,qml,LIKELY_REQUIRED,PySide6 wheel tree SHA-256 match,,UNKNOWN
Release/External_Test/2026-07-30_audio-validation-fix/Qonic_Audio_v5.0_internal_test/_internal/PySide6/qml/QtQuick3D/designer/images/dummy16.png,20367ABDB3621F0BBBE473DC2C16708318303C600356DD3A53C9465C8A694E22,253,qml:QtQuick3D.designer.images,qml,LIKELY_REQUIRED,PySide6 wheel tree SHA-256 match,,UNKNOWN
Release/External_Test/2026-07-30_audio-validation-fix/Qonic_Audio_v5.0_internal_test/_internal/PySide6/qml/QtQuick3D/designer/images/dummy@2x.png,AC0CED9846290510F32FFB115D29E5329442FEC01B6527A863EBF541CA8C8ED5,499,qml:QtQuick3D.designer.images,qml,LIKELY_REQUIRED,PySide6 wheel tree SHA-256 match,,UNKNOWN
Release/External_Test/2026-07-30_audio-validation-fix/Qonic_Audio_v5.0_internal_test/_internal/PySide6/qml/QtQuick3D/designer/images/effect.png,740F9DD817E0C14999B016FECE76C99DF4B28065ACB78CE819552BC6EC576773,411,qml:QtQuick3D.designer.images,qml,LIKELY_REQUIRED,PySide6 wheel tree SHA-256 match,,UNKNOWN
Release/External_Test/2026-07-30_audio-validation-fix/Qonic_Audio_v5.0_internal_test/_internal/PySide6/qml/QtQuick3D/designer/images/effect16.png,B33107A111E79A9F74993D8BD843EF3F55C132BDBB4038053D4321EA995E8DB1,321,qml:QtQuick3D.designer.images,qml,LIKELY_REQUIRED,PySide6 wheel tree SHA-256 match,,UNKNOWN
Release/External_Test/2026-07-30_audio-validation-fix/Qonic_Audio_v5.0_internal_test/_internal/PySide6/qml/QtQuick3D/designer/images/effect@2x.png,7C48754241A74A3AE698FD219293ADC84FC7EB5EFE8F81B218D776D4342BB26D,714,qml:QtQuick3D.designer.images,qml,LIKELY_REQUIRED,PySide6 wheel tree SHA-256 match,,UNKNOWN
Release/External_Test/2026-07-30_audio-validation-fix/Qonic_Audio_v5.0_internal_test/_internal/PySide6/qml/QtQuick3D/designer/images/fileinstancing.png,FA62E3FF27E0690AF718F6AD2FEC5C7020D2DCFFA08B076444431C11360EC0FB,597,qml:QtQuick3D.designer.images,qml,LIKELY_REQUIRED,PySide6 wheel tree SHA-256 match,,UNKNOWN
Release/External_Test/2026-07-30_audio-validation-fix/Qonic_Audio_v5.0_internal_test/_internal/PySide6/qml/QtQuick3D/designer/images/fileinstancing16.png,894835058EE9469A7E7971EE11C657272EE8D71DE0C6F0F7D00ECB151255D9DD,406,qml:QtQuick3D.designer.images,qml,LIKELY_REQUIRED,PySide6 wheel tree SHA-256 match,,UNKNOWN
Release/External_Test/2026-07-30_audio-validation-fix/Qonic_Audio_v5.0_internal_test/_internal/PySide6/qml/QtQuick3D/designer/images/fileinstancing@2x.png,B39E0C2C6E481FB786ED5803D90162D2F85E598453E8A1F2146429414A95ED0E,1223,qml:QtQuick3D.designer.images,qml,LIKELY_REQUIRED,PySide6 wheel tree SHA-256 match,,UNKNOWN
Release/External_Test/2026-07-30_audio-validation-fix/Qonic_Audio_v5.0_internal_test/_internal/PySide6/qml/QtQuick3D/designer/images/fog.png,DEF5F5F30D476076347DCB7986FF68B177193D837AAF642911C8A98A99195B34,793,qml:QtQuick3D.designer.images,qml,LIKELY_REQUIRED,PySide6 wheel tree SHA-256 match,,UNKNOWN
Release/External_Test/2026-07-30_audio-validation-fix/Qonic_Audio_v5.0_internal_test/_internal/PySide6/qml/QtQuick3D/designer/images/fog16.png,D721D22E030882118DF22D940C9B3C38033E09AE0BA435C67DB5C3718097EE77,748,qml:QtQuick3D.designer.images,qml,LIKELY_REQUIRED,PySide6 wheel tree SHA-256 match,,UNKNOWN
Release/External_Test/2026-07-30_audio-validation-fix/Qonic_Audio_v5.0_internal_test/_internal/PySide6/qml/QtQuick3D/designer/images/fog@2x.png,A8A66701D2725E660136DB204D0FFD5280E0E81B6844EAD8C8FF6FB069A201C2,1175,qml:QtQuick3D.designer.images,qml,LIKELY_REQUIRED,PySide6 wheel tree SHA-256 match,,UNKNOWN
Release/External_Test/2026-07-30_audio-validation-fix/Qonic_Audio_v5.0_internal_test/_internal/PySide6/qml/QtQuick3D/designer/images/group.png,F1EBE725DA4EEFDD292B12CB2A4EC2A803CE3FC1E0EA1D9E272F089F667703CF,496,qml:QtQuick3D.designer.images,qml,LIKELY_REQUIRED,PySide6 wheel tree SHA-256 match,,UNKNOWN
Release/External_Test/2026-07-30_audio-validation-fix/Qonic_Audio_v5.0_internal_test/_internal/PySide6/qml/QtQuick3D/designer/images/group16.png,EB34AFFA8C6104E9B5FAE1FA16A3C3762201FB2BB19339770D21504915D4DE84,284,qml:QtQuick3D.designer.images,qml,LIKELY_REQUIRED,PySide6 wheel tree SHA-256 match,,UNKNOWN
Release/External_Test/2026-07-30_audio-validation-fix/Qonic_Audio_v5.0_internal_test/_internal/PySide6/qml/QtQuick3D/designer/images/group@2x.png,B756535F7A9763E53C612C06D8E5062F82985B5390019E19B8C6B692D2C6B65C,822,qml:QtQuick3D.designer.images,qml,LIKELY_REQUIRED,PySide6 wheel tree SHA-256 match,,UNKNOWN
Release/External_Test/2026-07-30_audio-validation-fix/Qonic_Audio_v5.0_internal_test/_internal/PySide6/qml/QtQuick3D/designer/images/instancelist.png,EA87EBFD0D09D3FDF7834F5D2FBA5560988A749B3E76C991908E8B55AA906541,602,qml:QtQuick3D.designer.images,qml,LIKELY_REQUIRED,PySide6 wheel tree SHA-256 match,,UNKNOWN
Release/External_Test/2026-07-30_audio-validation-fix/Qonic_Audio_v5.0_internal_test/_internal/PySide6/qml/QtQuick3D/designer/images/instancelist16.png,A33BC23EAE61AC3E2929C7791A12BB4A210414E2E0ED632EA80FD07D5E85527F,395,qml:QtQuick3D.designer.images,qml,LIKELY_REQUIRED,PySide6 wheel tree SHA-256 match,,UNKNOWN
Release/External_Test/2026-07-30_audio-validation-fix/Qonic_Audio_v5.0_internal_test/_internal/PySide6/qml/QtQuick3D/designer/images/instancelist@2x.png,7DDD9F62EEB0B0C9E70647B1273B050228DCA09CC28A05903251757EB0AC172D,1119,qml:QtQuick3D.designer.images,qml,LIKELY_REQUIRED,PySide6 wheel tree SHA-256 match,,UNKNOWN
Release/External_Test/2026-07-30_audio-validation-fix/Qonic_Audio_v5.0_internal_test/_internal/PySide6/qml/QtQuick3D/designer/images/instancelistentry.png,9ABF5F81A50586DA84F90FDFF86302B43A80525019665C192BF1FA71067F39E3,462,qml:QtQuick3D.designer.images,qml,LIKELY_REQUIRED,PySide6 wheel tree SHA-256 match,,UNKNOWN
Release/External_Test/2026-07-30_audio-validation-fix/Qonic_Audio_v5.0_internal_test/_internal/PySide6/qml/QtQuick3D/designer/images/instancelistentry16.png,DA11556C8AE2A1BD80E9D969F46BA3FE02EF7B046381433A4EE286B0F3ABCAFB,308,qml:QtQuick3D.designer.images,qml,LIKELY_REQUIRED,PySide6 wheel tree SHA-256 match,,UNKNOWN
Release/External_Test/2026-07-30_audio-validation-fix/Qonic_Audio_v5.0_internal_test/_internal/PySide6/qml/QtQuick3D/designer/images/instancelistentry@2x.png,38EB4F81600FB6D3877469F8A95FA3558411D8E734C02A42C9838D49387FD361,742,qml:QtQuick3D.designer.images,qml,LIKELY_REQUIRED,PySide6 wheel tree SHA-256 match,,UNKNOWN
Release/External_Test/2026-07-30_audio-validation-fix/Qonic_Audio_v5.0_internal_test/_internal/PySide6/qml/QtQuick3D/designer/images/joint.png,A94896F60BD5BA93A8FEF590E54DD717096104505434C8218667E08387572752,530,qml:QtQuick3D.designer.images,qml,LIKELY_REQUIRED,PySide6 wheel tree SHA-256 match,,UNKNOWN
Release/External_Test/2026-07-30_audio-validation-fix/Qonic_Audio_v5.0_internal_test/_internal/PySide6/qml/QtQuick3D/designer/images/joint16.png,DA10520D14DA218F352B2E08EFB28563FFC3C3F48A6CCD467670DF45B5AC6BBD,349,qml:QtQuick3D.designer.images,qml,LIKELY_REQUIRED,PySide6 wheel tree SHA-256 match,,UNKNOWN
Release/External_Test/2026-07-30_audio-validation-fix/Qonic_Audio_v5.0_internal_test/_internal/PySide6/qml/QtQuick3D/designer/images/joint@2x.png,80C29B57F4AB377530934F9C2E06A2FD514C01693A9E0C66C571A2E06F7ADD45,1217,qml:QtQuick3D.designer.images,qml,LIKELY_REQUIRED,PySide6 wheel tree SHA-256 match,,UNKNOWN
Release/External_Test/2026-07-30_audio-validation-fix/Qonic_Audio_v5.0_internal_test/_internal/PySide6/qml/QtQuick3D/designer/images/lightdirectional.png,AC39EBBE88958E24103B7203B4569E26AC0E0C9D9C835DDBF33CEDB7022D19FC,269,qml:QtQuick3D.designer.images,qml,LIKELY_REQUIRED,PySide6 wheel tree SHA-256 match,,UNKNOWN
Release/External_Test/2026-07-30_audio-validation-fix/Qonic_Audio_v5.0_internal_test/_internal/PySide6/qml/QtQuick3D/designer/images/lightdirectional16.png,2FD0FFDCD7D6FE8496CFDD046BEEA8A7079EA918921DFF6D3631A2DE8DD03DCE,223,qml:QtQuick3D.designer.images,qml,LIKELY_REQUIRED,PySide6 wheel tree SHA-256 match,,UNKNOWN
Release/External_Test/2026-07-30_audio-validation-fix/Qonic_Audio_v5.0_internal_test/_internal/PySide6/qml/QtQuick3D/designer/images/lightdirectional@2x.png,344A33C29632393D25D70300B6DAC8137CE6447EF35EB8EFBE407DD9D4C9A100,457,qml:QtQuick3D.designer.images,qml,LIKELY_REQUIRED,PySide6 wheel tree SHA-256 match,,UNKNOWN
Release/External_Test/2026-07-30_audio-validation-fix/Qonic_Audio_v5.0_internal_test/_internal/PySide6/qml/QtQuick3D/designer/images/lightmapper.png,34BB921C85AD5E8882FB377CAD2E8DECA10EC87BB12B824556146D8DB8D3B23D,913,qml:QtQuick3D.designer.images,qml,LIKELY_REQUIRED,PySide6 wheel tree SHA-256 match,,UNKNOWN
Release/External_Test/2026-07-30_audio-validation-fix/Qonic_Audio_v5.0_internal_test/_internal/PySide6/qml/QtQuick3D/designer/images/lightmapper16.png,9A8C1B8DF5209A84409A48C0A0DB84D898B9C984BB35AD942A1E1DC4F5AFFD95,760,qml:QtQuick3D.designer.images,qml,LIKELY_REQUIRED,PySide6 wheel tree SHA-256 match,,UNKNOWN
Release/External_Test/2026-07-30_audio-validation-fix/Qonic_Audio_v5.0_internal_test/_internal/PySide6/qml/QtQuick3D/designer/images/lightmapper@2x.png,DADDDA5755D7025EF2BAB97B460008C3BBE4B200783E73CF9EACAAC3A3BD3D8E,1402,qml:QtQuick3D.designer.images,qml,LIKELY_REQUIRED,PySide6 wheel tree SHA-256 match,,UNKNOWN
Release/External_Test/2026-07-30_audio-validation-fix/Qonic_Audio_v5.0_internal_test/_internal/PySide6/qml/QtQuick3D/designer/images/lightpoint.png,201B5E77534F3C87EA9E7AA31A17207D23FF794CEFF2FFD4132A15353AF50AE1,559,qml:QtQuick3D.designer.images,qml,LIKELY_REQUIRED,PySide6 wheel tree SHA-256 match,,UNKNOWN
Release/External_Test/2026-07-30_audio-validation-fix/Qonic_Audio_v5.0_internal_test/_internal/PySide6/qml/QtQuick3D/designer/images/lightpoint16.png,55E9532536B3A0955F30308EFEF3979F8AADCA5947FEF7E5BA3ED2AA39BE2C64,367,qml:QtQuick3D.designer.images,qml,LIKELY_REQUIRED,PySide6 wheel tree SHA-256 match,,UNKNOWN
Release/External_Test/2026-07-30_audio-validation-fix/Qonic_Audio_v5.0_internal_test/_internal/PySide6/qml/QtQuick3D/designer/images/lightpoint@2x.png,27AE7ADD140DE90111D6D830D9EDEBD5DDB4C04358C845977079BF77ADD14D04,1033,qml:QtQuick3D.designer.images,qml,LIKELY_REQUIRED,PySide6 wheel tree SHA-256 match,,UNKNOWN
Release/External_Test/2026-07-30_audio-validation-fix/Qonic_Audio_v5.0_internal_test/_internal/PySide6/qml/QtQuick3D/designer/images/lightspot.png,784DB6A900E28477EAC6E8FCAEB8A72632FCA1CB38DD7586121C1AFA44A67301,491,qml:QtQuick3D.designer.images,qml,LIKELY_REQUIRED,PySide6 wheel tree SHA-256 match,,UNKNOWN
Release/External_Test/2026-07-30_audio-validation-fix/Qonic_Audio_v5.0_internal_test/_internal/PySide6/qml/QtQuick3D/designer/images/lightspot16.png,7C02E9912C07FB681167D72E108F1D69C2654AC813397EE6351C4A13042101AB,358,qml:QtQuick3D.designer.images,qml,LIKELY_REQUIRED,PySide6 wheel tree SHA-256 match,,UNKNOWN
Release/External_Test/2026-07-30_audio-validation-fix/Qonic_Audio_v5.0_internal_test/_internal/PySide6/qml/QtQuick3D/designer/images/lightspot@2x.png,9D6F896AA1A2C5CD681814DAE80DC0EDAAF7CA23724B1E10E4043EBE157DF367,964,qml:QtQuick3D.designer.images,qml,LIKELY_REQUIRED,PySide6 wheel tree SHA-256 match,,UNKNOWN
Release/External_Test/2026-07-30_audio-validation-fix/Qonic_Audio_v5.0_internal_test/_internal/PySide6/qml/QtQuick3D/designer/images/loader3d.png,7DB9B2B5064D335F90AA6526CD7081EC7F1A26261075BF4516FD0F3C2B1F406C,546,qml:QtQuick3D.designer.images,qml,LIKELY_REQUIRED,PySide6 wheel tree SHA-256 match,,UNKNOWN
Release/External_Test/2026-07-30_audio-validation-fix/Qonic_Audio_v5.0_internal_test/_internal/PySide6/qml/QtQuick3D/designer/images/loader3d16.png,05EEA9635F5DC43F44D4D46EDF153717E3E61F8EAE95B538C47CEAC299D6FBD2,376,qml:QtQuick3D.designer.images,qml,LIKELY_REQUIRED,PySide6 wheel tree SHA-256 match,,UNKNOWN
Release/External_Test/2026-07-30_audio-validation-fix/Qonic_Audio_v5.0_internal_test/_internal/PySide6/qml/QtQuick3D/designer/images/loader3d@2x.png,9FE448F495218C0D58AA918E09865BC789FAFCE4C7178D153B1ABD9CAED35ECB,887,qml:QtQuick3D.designer.images,qml,LIKELY_REQUIRED,PySide6 wheel tree SHA-256 match,,UNKNOWN
Release/External_Test/2026-07-30_audio-validation-fix/Qonic_Audio_v5.0_internal_test/_internal/PySide6/qml/QtQuick3D/designer/images/material.png,CC1E1674B239730BCEC93BE0E2B93C665ECC20E57098BE637DA401ABAC4CA05B,333,qml:QtQuick3D.designer.images,qml,LIKELY_REQUIRED,PySide6 wheel tree SHA-256 match,,UNKNOWN
Release/External_Test/2026-07-30_audio-validation-fix/Qonic_Audio_v5.0_internal_test/_internal/PySide6/qml/QtQuick3D/designer/images/material16.png,28DC5A98224BA3418BD64BAEC84CE3BC9E16DEDE7838F797F085210D90409497,314,qml:QtQuick3D.designer.images,qml,LIKELY_REQUIRED,PySide6 wheel tree SHA-256 match,,UNKNOWN
Release/External_Test/2026-07-30_audio-validation-fix/Qonic_Audio_v5.0_internal_test/_internal/PySide6/qml/QtQuick3D/designer/images/material@2x.png,8ABE051DF801948A8768A405EF6C61ECCE60BDCC6C6CBFE68E0B715E12AE25A7,621,qml:QtQuick3D.designer.images,qml,LIKELY_REQUIRED,PySide6 wheel tree SHA-256 match,,UNKNOWN
Release/External_Test/2026-07-30_audio-validation-fix/Qonic_Audio_v5.0_internal_test/_internal/PySide6/qml/QtQuick3D/designer/images/model16.png,3B33E04D7EF0ED5308F7AFEDA2C169FB52192BCC49F55A8AA6C6BAC639DC1DBD,190,qml:QtQuick3D.designer.images,qml,LIKELY_REQUIRED,PySide6 wheel tree SHA-256 match,,UNKNOWN
Release/External_Test/2026-07-30_audio-validation-fix/Qonic_Audio_v5.0_internal_test/_internal/PySide6/qml/QtQuick3D/designer/images/morphtarget.png,6F3B89971C208746756C95E7264F3C52D467524287EB258650B99A0C57F210A8,394,qml:QtQuick3D.designer.images,qml,LIKELY_REQUIRED,PySide6 wheel tree SHA-256 match,,UNKNOWN
Release/External_Test/2026-07-30_audio-validation-fix/Qonic_Audio_v5.0_internal_test/_internal/PySide6/qml/QtQuick3D/designer/images/morphtarget16.png,5172B94EE6AE042F19E44F21F1EE85DEB65EFB3F3120C28CDFF988A2BA614310,265,qml:QtQuick3D.designer.images,qml,LIKELY_REQUIRED,PySide6 wheel tree SHA-256 match,,UNKNOWN
Release/External_Test/2026-07-30_audio-validation-fix/Qonic_Audio_v5.0_internal_test/_internal/PySide6/qml/QtQuick3D/designer/images/morphtarget@2x.png,7DEB876818FE000DF2647A8F478C19329912B9B36FB86AFC84924E9DA8365D30,703,qml:QtQuick3D.designer.images,qml,LIKELY_REQUIRED,PySide6 wheel tree SHA-256 match,,UNKNOWN
Release/External_Test/2026-07-30_audio-validation-fix/Qonic_Audio_v5.0_internal_test/_internal/PySide6/qml/QtQuick3D/designer/images/plane.png,A3F434324F162A428E046E1D6F0215158228EC29B6B9A0D57A39BF40F414F819,154,qml:QtQuick3D.designer.images,qml,LIKELY_REQUIRED,PySide6 wheel tree SHA-256 match,,UNKNOWN
Release/External_Test/2026-07-30_audio-validation-fix/Qonic_Audio_v5.0_internal_test/_internal/PySide6/qml/QtQuick3D/designer/images/plane16.png,9A5F6892A99DEE0D0FC5800A8E48057515FC9EA5556B701A7C3F3B8B955BBBEC,204,qml:QtQuick3D.designer.images,qml,LIKELY_REQUIRED,PySide6 wheel tree SHA-256 match,,UNKNOWN
Release/External_Test/2026-07-30_audio-validation-fix/Qonic_Audio_v5.0_internal_test/_internal/PySide6/qml/QtQuick3D/designer/images/plane@2x.png,E9E25CC1B2ED62131864B2B76E500BF2F481C8F7B8DA27FC54191E10DC668682,181,qml:QtQuick3D.designer.images,qml,LIKELY_REQUIRED,PySide6 wheel tree SHA-256 match,,UNKNOWN
Release/External_Test/2026-07-30_audio-validation-fix/Qonic_Audio_v5.0_internal_test/_internal/PySide6/qml/QtQuick3D/designer/images/reflectionProbe.png,2ADAFF33D032BCC719C7835CA20B076C4323B9220BED03077A3C7B95E14015FE,3210,qml:QtQuick3D.designer.images,qml,LIKELY_REQUIRED,PySide6 wheel tree SHA-256 match,,UNKNOWN
Release/External_Test/2026-07-30_audio-validation-fix/Qonic_Audio_v5.0_internal_test/_internal/PySide6/qml/QtQuick3D/designer/images/reflectionProbe16.png,74F444703617D1F82FC7484A23166C695F096B372C06D59DF83AA235728B966C,3033,qml:QtQuick3D.designer.images,qml,LIKELY_REQUIRED,PySide6 wheel tree SHA-256 match,,UNKNOWN
Release/External_Test/2026-07-30_audio-validation-fix/Qonic_Audio_v5.0_internal_test/_internal/PySide6/qml/QtQuick3D/designer/images/reflectionProbe@2x.png,0C23B11554E2BED27F12301E6E7E05D6A0C719170E4875A55D424F4F1250478D,3786,qml:QtQuick3D.designer.images,qml,LIKELY_REQUIRED,PySide6 wheel tree SHA-256 match,,UNKNOWN
Release/External_Test/2026-07-30_audio-validation-fix/Qonic_Audio_v5.0_internal_test/_internal/PySide6/qml/QtQuick3D/designer/images/repeater3d.png,CBBE0D2CCC5FCCD0AD61EB71C2BB060C0457EC6D340D2B635DFC531A87B63206,588,qml:QtQuick3D.designer.images,qml,LIKELY_REQUIRED,PySide6 wheel tree SHA-256 match,,UNKNOWN
Release/External_Test/2026-07-30_audio-validation-fix/Qonic_Audio_v5.0_internal_test/_internal/PySide6/qml/QtQuick3D/designer/images/repeater3d16.png,41C9240FFB0BC65AC8F25E1F2C20A17760D82533EFFBF47E32E9045E53F0847E,379,qml:QtQuick3D.designer.images,qml,LIKELY_REQUIRED,PySide6 wheel tree SHA-256 match,,UNKNOWN
Release/External_Test/2026-07-30_audio-validation-fix/Qonic_Audio_v5.0_internal_test/_internal/PySide6/qml/QtQuick3D/designer/images/repeater3d@2x.png,2FAA3BBD6206CBB256816B33E1DAFFF71C5D23C88722CEA10000337AC7B4F07E,919,qml:QtQuick3D.designer.images,qml,LIKELY_REQUIRED,PySide6 wheel tree SHA-256 match,,UNKNOWN
Release/External_Test/2026-07-30_audio-validation-fix/Qonic_Audio_v5.0_internal_test/_internal/PySide6/qml/QtQuick3D/designer/images/resourceloader.png,2AA505AF77BE3014B77AEF73BCDDC77BBE8CC235DAD3E52CDC616D925949EE4A,900,qml:QtQuick3D.designer.images,qml,LIKELY_REQUIRED,PySide6 wheel tree SHA-256 match,,UNKNOWN
Release/External_Test/2026-07-30_audio-validation-fix/Qonic_Audio_v5.0_internal_test/_internal/PySide6/qml/QtQuick3D/designer/images/resourceloader16.png,B77AA81C80179FFAFB8AE147F1AC38B28A02A288506C927EDD34FCA1BCBDEDF6,719,qml:QtQuick3D.designer.images,qml,LIKELY_REQUIRED,PySide6 wheel tree SHA-256 match,,UNKNOWN
Release/External_Test/2026-07-30_audio-validation-fix/Qonic_Audio_v5.0_internal_test/_internal/PySide6/qml/QtQuick3D/designer/images/resourceloader@2x.png,9B8019ABBB1DB2BF16842E9066D349B10F26C9E4ECB36B17767205CB6D29B024,1318,qml:QtQuick3D.designer.images,qml,LIKELY_REQUIRED,PySide6 wheel tree SHA-256 match,,UNKNOWN
Release/External_Test/2026-07-30_audio-validation-fix/Qonic_Audio_v5.0_internal_test/_internal/PySide6/qml/QtQuick3D/designer/images/scene.png,F188787B3B5601FBE03298515C5A95416CBB20AAC0092B2CAE6EAC80F14CB69A,172,qml:QtQuick3D.designer.images,qml,LIKELY_REQUIRED,PySide6 wheel tree SHA-256 match,,UNKNOWN
Release/External_Test/2026-07-30_audio-validation-fix/Qonic_Audio_v5.0_internal_test/_internal/PySide6/qml/QtQuick3D/designer/images/scene16.png,2156BCE7BFCD291BF3C51170ACBA4F4088F6495E1A0442A4198EABB934A39B86,219,qml:QtQuick3D.designer.images,qml,LIKELY_REQUIRED,PySide6 wheel tree SHA-256 match,,UNKNOWN
Release/External_Test/2026-07-30_audio-validation-fix/Qonic_Audio_v5.0_internal_test/_internal/PySide6/qml/QtQuick3D/designer/images/scene@2x.png,43C5F674A0635921AE66DA215F328D2BE153CF8AEEEF48C6E805168E7CB614DD,201,qml:QtQuick3D.designer.images,qml,LIKELY_REQUIRED,PySide6 wheel tree SHA-256 match,,UNKNOWN
Release/External_Test/2026-07-30_audio-validation-fix/Qonic_Audio_v5.0_internal_test/_internal/PySide6/qml/QtQuick3D/designer/images/shadercommand.png,A52BE37E748BF1CE65A56089AEFAE0602034FE28840C306F15EA61389DA00287,160,qml:QtQuick3D.designer.images,qml,LIKELY_REQUIRED,PySide6 wheel tree SHA-256 match,,UNKNOWN
Release/External_Test/2026-07-30_audio-validation-fix/Qonic_Audio_v5.0_internal_test/_internal/PySide6/qml/QtQuick3D/designer/images/shadercommand16.png,218CE40EDE337EC7A2B0D344B08F31E51B03785C617CC07B5338CBEA91067786,112,qml:QtQuick3D.designer.images,qml,LIKELY_REQUIRED,PySide6 wheel tree SHA-256 match,,UNKNOWN
Release/External_Test/2026-07-30_audio-validation-fix/Qonic_Audio_v5.0_internal_test/_internal/PySide6/qml/QtQuick3D/designer/images/shadercommand@2x.png,325759E7B7C208ECFF3CB181E0833B8AD4DF81778588C2BE1F1DF04E31714764,145,qml:QtQuick3D.designer.images,qml,LIKELY_REQUIRED,PySide6 wheel tree SHA-256 match,,UNKNOWN
Release/External_Test/2026-07-30_audio-validation-fix/Qonic_Audio_v5.0_internal_test/_internal/PySide6/qml/QtQuick3D/designer/images/shaderutil.png,3C097B468E0CE8E50F4F0BB91FB612150F9FC8A2566EFA74D839B52BCE7DD05B,304,qml:QtQuick3D.designer.images,qml,LIKELY_REQUIRED,PySide6 wheel tree SHA-256 match,,UNKNOWN
Release/External_Test/2026-07-30_audio-validation-fix/Qonic_Audio_v5.0_internal_test/_internal/PySide6/qml/QtQuick3D/designer/images/shaderutil16.png,32237A87AF29A627566FD01B045B864BF8916DC502E26F45FE6A7A85B0F0C70F,191,qml:QtQuick3D.designer.images,qml,LIKELY_REQUIRED,PySide6 wheel tree SHA-256 match,,UNKNOWN
Release/External_Test/2026-07-30_audio-validation-fix/Qonic_Audio_v5.0_internal_test/_internal/PySide6/qml/QtQuick3D/designer/images/shaderutil@2x.png,6BFBBD3CEA48D9771236375BFA8437FACD1E45FAE082E0E67441CF57DD1A8CDE,525,qml:QtQuick3D.designer.images,qml,LIKELY_REQUIRED,PySide6 wheel tree SHA-256 match,,UNKNOWN
Release/External_Test/2026-07-30_audio-validation-fix/Qonic_Audio_v5.0_internal_test/_internal/PySide6/qml/QtQuick3D/designer/images/skeleton.png,8DEC0124C3EE0849367B02447D994C7D817523754AA87395A91E1FB14ADA8197,524,qml:QtQuick3D.designer.images,qml,LIKELY_REQUIRED,PySide6 wheel tree SHA-256 match,,UNKNOWN
Release/External_Test/2026-07-30_audio-validation-fix/Qonic_Audio_v5.0_internal_test/_internal/PySide6/qml/QtQuick3D/designer/images/skeleton16.png,AD2A7F5437A11DFB0684DCAB67A038C5E39A28F51045B7979F15ED7C033DC129,349,qml:QtQuick3D.designer.images,qml,LIKELY_REQUIRED,PySide6 wheel tree SHA-256 match,,UNKNOWN
Release/External_Test/2026-07-30_audio-validation-fix/Qonic_Audio_v5.0_internal_test/_internal/PySide6/qml/QtQuick3D/designer/images/skeleton@2x.png,D254E496728B8A6CD7D71D21CE5C7EB770586EA7141F35EFDAD82F12BD75BEBF,1157,qml:QtQuick3D.designer.images,qml,LIKELY_REQUIRED,PySide6 wheel tree SHA-256 match,,UNKNOWN
Release/External_Test/2026-07-30_audio-validation-fix/Qonic_Audio_v5.0_internal_test/_internal/PySide6/qml/QtQuick3D/designer/images/skin.png,521EDB9CDE5EEA7A9479B24B2AF7315FE3A385B84E476097F2024259895B4A41,863,qml:QtQuick3D.designer.images,qml,LIKELY_REQUIRED,PySide6 wheel tree SHA-256 match,,UNKNOWN
Release/External_Test/2026-07-30_audio-validation-fix/Qonic_Audio_v5.0_internal_test/_internal/PySide6/qml/QtQuick3D/designer/images/skin16.png,5E2D4ED3F31D319B3E98BD19F16B8ECF2E7F1D696AD76E5D73D46F2164547C42,743,qml:QtQuick3D.designer.images,qml,LIKELY_REQUIRED,PySide6 wheel tree SHA-256 match,,UNKNOWN
Release/External_Test/2026-07-30_audio-validation-fix/Qonic_Audio_v5.0_internal_test/_internal/PySide6/qml/QtQuick3D/designer/images/skin@2x.png,8C74969E9FC2C6F6642AAA40FA8B1B71D1FF7D7CBB960B6D64B19A598EABD98E,1354,qml:QtQuick3D.designer.images,qml,LIKELY_REQUIRED,PySide6 wheel tree SHA-256 match,,UNKNOWN
Release/External_Test/2026-07-30_audio-validation-fix/Qonic_Audio_v5.0_internal_test/_internal/PySide6/qml/QtQuick3D/designer/images/sphere.png,629CD8166C5982C5FD23C77279A82E4789A8540CEC810FFE69BFE84626B8711D,233,qml:QtQuick3D.designer.images,qml,LIKELY_REQUIRED,PySide6 wheel tree SHA-256 match,,UNKNOWN
Release/External_Test/2026-07-30_audio-validation-fix/Qonic_Audio_v5.0_internal_test/_internal/PySide6/qml/QtQuick3D/designer/images/sphere16.png,80E55974310ACC26B5F092FEE148CAF8C7C6C4C2ABF8058D6126489504AA3B86,212,qml:QtQuick3D.designer.images,qml,LIKELY_REQUIRED,PySide6 wheel tree SHA-256 match,,UNKNOWN
Release/External_Test/2026-07-30_audio-validation-fix/Qonic_Audio_v5.0_internal_test/_internal/PySide6/qml/QtQuick3D/designer/images/sphere@2x.png,698EF5F1A2E719AAB395DBB22BFE988CC814FDB4F9595A59579CFC57B05C25AF,381,qml:QtQuick3D.designer.images,qml,LIKELY_REQUIRED,PySide6 wheel tree SHA-256 match,,UNKNOWN
Release/External_Test/2026-07-30_audio-validation-fix/Qonic_Audio_v5.0_internal_test/_internal/PySide6/qml/QtQuick3D/designer/images/texture.png,5EC0CAC93F6A7C64115543E37C6CFBBECA05C04F3D55EE01C455BADB88665901,278,qml:QtQuick3D.designer.images,qml,LIKELY_REQUIRED,PySide6 wheel tree SHA-256 match,,UNKNOWN
Release/External_Test/2026-07-30_audio-validation-fix/Qonic_Audio_v5.0_internal_test/_internal/PySide6/qml/QtQuick3D/designer/images/texture16.png,104E671505378D6D4425EE6B4835D453880ABACF9C4DBF85FD9D75AB40A4D14B,300,qml:QtQuick3D.designer.images,qml,LIKELY_REQUIRED,PySide6 wheel tree SHA-256 match,,UNKNOWN
Release/External_Test/2026-07-30_audio-validation-fix/Qonic_Audio_v5.0_internal_test/_internal/PySide6/qml/QtQuick3D/designer/images/texture@2x.png,D7DD82E076410A193CDEFDC5AB2625E80FDEAB5B381B44476A4FF0E1BC6EB93C,433,qml:QtQuick3D.designer.images,qml,LIKELY_REQUIRED,PySide6 wheel tree SHA-256 match,,UNKNOWN
Release/External_Test/2026-07-30_audio-validation-fix/Qonic_Audio_v5.0_internal_test/_internal/PySide6/qml/QtQuick3D/designer/images/view3D.png,E20D60904087B088ECD4E5F2E4175BB4BE9B2C054F943B1DB01EDC210618A624,255,qml:QtQuick3D.designer.images,qml,LIKELY_REQUIRED,PySide6 wheel tree SHA-256 match,,UNKNOWN
Release/External_Test/2026-07-30_audio-validation-fix/Qonic_Audio_v5.0_internal_test/_internal/PySide6/qml/QtQuick3D/designer/images/view3D16.png,642FD00521BEAE88D9112DB38EAE568605674DC2425F10865229863FC90CDE1D,242,qml:QtQuick3D.designer.images,qml,LIKELY_REQUIRED,PySide6 wheel tree SHA-256 match,,UNKNOWN
Release/External_Test/2026-07-30_audio-validation-fix/Qonic_Audio_v5.0_internal_test/_internal/PySide6/qml/QtQuick3D/designer/images/view3D@2x.png,E53661499352A9A0D6CBAE1BEA9266798880DE5B572825A634550CD9704EC110,411,qml:QtQuick3D.designer.images,qml,LIKELY_REQUIRED,PySide6 wheel tree SHA-256 match,,UNKNOWN
Release/External_Test/2026-07-30_audio-validation-fix/Qonic_Audio_v5.0_internal_test/_internal/PySide6/qml/QtQuick3D/designer/InstanceListEntrySection.qml,F61F50CC941D10A63F57CECA5BBFDD44DC646AD0DA718B0BF948F5FB1AF7A830,8601,qml:QtQuick3D.designer,qml,LIKELY_REQUIRED,PySide6 wheel tree SHA-256 match,,UNKNOWN
Release/External_Test/2026-07-30_audio-validation-fix/Qonic_Audio_v5.0_internal_test/_internal/PySide6/qml/QtQuick3D/designer/InstanceListEntrySpecifics.qml,1A6228E13052D51A157D2A1EE2BB4E709A28459565853CCF5C5112F23045018B,301,qml:QtQuick3D.designer,qml,LIKELY_REQUIRED,PySide6 wheel tree SHA-256 match,,UNKNOWN
Release/External_Test/2026-07-30_audio-validation-fix/Qonic_Audio_v5.0_internal_test/_internal/PySide6/qml/QtQuick3D/designer/InstanceListSection.qml,8FC98982171637897E2C86DC831D7F092C13A91D415ABC12812DB211FB6CEF4F,1227,qml:QtQuick3D.designer,qml,LIKELY_REQUIRED,PySide6 wheel tree SHA-256 match,,UNKNOWN
Release/External_Test/2026-07-30_audio-validation-fix/Qonic_Audio_v5.0_internal_test/_internal/PySide6/qml/QtQuick3D/designer/InstanceListSpecifics.qml,2F94632B39D4004A2E1658604E9B4350438E1785512065F667714C400B2E4F26,359,qml:QtQuick3D.designer,qml,LIKELY_REQUIRED,PySide6 wheel tree SHA-256 match,,UNKNOWN
Release/External_Test/2026-07-30_audio-validation-fix/Qonic_Audio_v5.0_internal_test/_internal/PySide6/qml/QtQuick3D/designer/InstancingSection.qml,97B5580735FC9BC994CBA6D997C5D53E79873EB46CE08AF690275B9E83B572FC,2198,qml:QtQuick3D.designer,qml,LIKELY_REQUIRED,PySide6 wheel tree SHA-256 match,,UNKNOWN
Release/External_Test/2026-07-30_audio-validation-fix/Qonic_Audio_v5.0_internal_test/_internal/PySide6/qml/QtQuick3D/designer/JointSection.qml,A5A4E33F5593F4D717E5B32BA0FF5CB4025857F7F12E0B40B41CEFB21C29F2A7,1419,qml:QtQuick3D.designer,qml,LIKELY_REQUIRED,PySide6 wheel tree SHA-256 match,,UNKNOWN
Release/External_Test/2026-07-30_audio-validation-fix/Qonic_Audio_v5.0_internal_test/_internal/PySide6/qml/QtQuick3D/designer/JointSpecifics.qml,AA6A53AB6402C4DDB7DEB50582CB1C7762E2B6D6BE3573D7BD27954C836555C7,289,qml:QtQuick3D.designer,qml,LIKELY_REQUIRED,PySide6 wheel tree SHA-256 match,,UNKNOWN
Release/External_Test/2026-07-30_audio-validation-fix/Qonic_Audio_v5.0_internal_test/_internal/PySide6/qml/QtQuick3D/designer/LightmapperSection.qml,0F0C62F7BEF226518E52BC246B2DF9BA8B66E61BBDB0DE61BD49BE28E1B06B20,5854,qml:QtQuick3D.designer,qml,LIKELY_REQUIRED,PySide6 wheel tree SHA-256 match,,UNKNOWN
Release/External_Test/2026-07-30_audio-validation-fix/Qonic_Audio_v5.0_internal_test/_internal/PySide6/qml/QtQuick3D/designer/LightmapperSpecifics.qml,61D910FD5567A5F8D9A5B07537F993E45288FF23D3C00DA4B11B1044E66EF6FD,295,qml:QtQuick3D.designer,qml,LIKELY_REQUIRED,PySide6 wheel tree SHA-256 match,,UNKNOWN
Release/External_Test/2026-07-30_audio-validation-fix/Qonic_Audio_v5.0_internal_test/_internal/PySide6/qml/QtQuick3D/designer/Loader3DSection.qml,238614147004E45E95432FB0A3EA29E9CE3E194B0F65C9C4A66FF76EF70E8A85,2285,qml:QtQuick3D.designer,qml,LIKELY_REQUIRED,PySide6 wheel tree SHA-256 match,,UNKNOWN
Release/External_Test/2026-07-30_audio-validation-fix/Qonic_Audio_v5.0_internal_test/_internal/PySide6/qml/QtQuick3D/designer/Loader3DSpecifics.qml,48D59B3F907168306AD2F1550F1CA9C6B3604F707253A3C346CF3302091D8CBE,349,qml:QtQuick3D.designer,qml,LIKELY_REQUIRED,PySide6 wheel tree SHA-256 match,,UNKNOWN
Release/External_Test/2026-07-30_audio-validation-fix/Qonic_Audio_v5.0_internal_test/_internal/PySide6/qml/QtQuick3D/designer/MaterialSection.qml,1F959523DAC7C7EB47498C702221C09EB8925845138F1359668164AFB757B2B2,2296,qml:QtQuick3D.designer,qml,LIKELY_REQUIRED,PySide6 wheel tree SHA-256 match,,UNKNOWN
Release/External_Test/2026-07-30_audio-validation-fix/Qonic_Audio_v5.0_internal_test/_internal/PySide6/qml/QtQuick3D/designer/ModelSection.qml,1C143FAFCE09D44E5335E70A7A0F4D04AC8B76AE6A89AA062D47ED29B4E65F78,13321,qml:QtQuick3D.designer,qml,LIKELY_REQUIRED,PySide6 wheel tree SHA-256 match,,UNKNOWN
Release/External_Test/2026-07-30_audio-validation-fix/Qonic_Audio_v5.0_internal_test/_internal/PySide6/qml/QtQuick3D/designer/ModelSpecifics.qml,A2996EF29FF568564EFFE280060706A2BC042B0B903E597548563D9E00FDEA78,346,qml:QtQuick3D.designer,qml,LIKELY_REQUIRED,PySide6 wheel tree SHA-256 match,,UNKNOWN
Release/External_Test/2026-07-30_audio-validation-fix/Qonic_Audio_v5.0_internal_test/_internal/PySide6/qml/QtQuick3D/designer/MorphTargetSection.qml,EBD173D27FD46BFFF33724CDDCA7C3CD200B6D35EC5512BD5AD64A993E993990,1498,qml:QtQuick3D.designer,qml,LIKELY_REQUIRED,PySide6 wheel tree SHA-256 match,,UNKNOWN
Release/External_Test/2026-07-30_audio-validation-fix/Qonic_Audio_v5.0_internal_test/_internal/PySide6/qml/QtQuick3D/designer/MorphTargetSpecifics.qml,0A0D7F3A6CA8BAE52E01FE605FA004886163862F6D517AC2BCE7DA33D92CF906,295,qml:QtQuick3D.designer,qml,LIKELY_REQUIRED,PySide6 wheel tree SHA-256 match,,UNKNOWN
Release/External_Test/2026-07-30_audio-validation-fix/Qonic_Audio_v5.0_internal_test/_internal/PySide6/qml/QtQuick3D/designer/NodeSection.qml,BB73FB980C6174DD316B83860307C95BD055EDB44C67EF0AB416AF8A570C2D98,12259,qml:QtQuick3D.designer,qml,LIKELY_REQUIRED,PySide6 wheel tree SHA-256 match,,UNKNOWN
Release/External_Test/2026-07-30_audio-validation-fix/Qonic_Audio_v5.0_internal_test/_internal/PySide6/qml/QtQuick3D/designer/NodeSpecifics.qml,28B63DBEFE7F97205EA9C6BCD7C5DEF0721155B3CC4FF787BC9AE9DFBFAFB343,288,qml:QtQuick3D.designer,qml,LIKELY_REQUIRED,PySide6 wheel tree SHA-256 match,,UNKNOWN
Release/External_Test/2026-07-30_audio-validation-fix/Qonic_Audio_v5.0_internal_test/_internal/PySide6/qml/QtQuick3D/designer/Object3DSection.qml,1C814F166A3B48CB9A3A16A40EDBCA8B995EEA9EA53700CD19E2EB62F3B3FC3E,236,qml:QtQuick3D.designer,qml,LIKELY_REQUIRED,PySide6 wheel tree SHA-256 match,,UNKNOWN
Release/External_Test/2026-07-30_audio-validation-fix/Qonic_Audio_v5.0_internal_test/_internal/PySide6/qml/QtQuick3D/designer/OrthographicCameraSection.qml,F9A88C1E6CE655A417EA74AA2C8A96FEA4F9C9968F3A449E827D198400F7EA96,2789,qml:QtQuick3D.designer,qml,LIKELY_REQUIRED,PySide6 wheel tree SHA-256 match,,UNKNOWN
Release/External_Test/2026-07-30_audio-validation-fix/Qonic_Audio_v5.0_internal_test/_internal/PySide6/qml/QtQuick3D/designer/OrthographicCameraSpecifics.qml,F701948A7ED1C43B0F55CF3164F30AD95AC24EAD23516F09A7045AD81CABEB67,418,qml:QtQuick3D.designer,qml,LIKELY_REQUIRED,PySide6 wheel tree SHA-256 match,,UNKNOWN
Release/External_Test/2026-07-30_audio-validation-fix/Qonic_Audio_v5.0_internal_test/_internal/PySide6/qml/QtQuick3D/designer/PassSection.qml,3B915635CDA805C5C8ACCE9D71D06D2BAC1BF2D7D0AB76B73D2458C791B0C5FF,2475,qml:QtQuick3D.designer,qml,LIKELY_REQUIRED,PySide6 wheel tree SHA-256 match,,UNKNOWN
Release/External_Test/2026-07-30_audio-validation-fix/Qonic_Audio_v5.0_internal_test/_internal/PySide6/qml/QtQuick3D/designer/PassSpecifics.qml,4633F8A38AF4785F685953EF837B677EC32D69F801F214501871027E2B0B8118,288,qml:QtQuick3D.designer,qml,LIKELY_REQUIRED,PySide6 wheel tree SHA-256 match,,UNKNOWN
Release/External_Test/2026-07-30_audio-validation-fix/Qonic_Audio_v5.0_internal_test/_internal/PySide6/qml/QtQuick3D/designer/PerspectiveCameraSection.qml,A161FD17F314DD6F70755DE42433021EAE338B7EE4B00E26E9502389051BAE98,2724,qml:QtQuick3D.designer,qml,LIKELY_REQUIRED,PySide6 wheel tree SHA-256 match,,UNKNOWN
Release/External_Test/2026-07-30_audio-validation-fix/Qonic_Audio_v5.0_internal_test/_internal/PySide6/qml/QtQuick3D/designer/PerspectiveCameraSpecifics.qml,EFD1D2783B9F1055E50D1AB7DB19EE2601A6F6B11AD2FB71D0FBAFB376B18148,417,qml:QtQuick3D.designer,qml,LIKELY_REQUIRED,PySide6 wheel tree SHA-256 match,,UNKNOWN
Release/External_Test/2026-07-30_audio-validation-fix/Qonic_Audio_v5.0_internal_test/_internal/PySide6/qml/QtQuick3D/designer/PointLightSection.qml,A7D8AEEDCB6AABF0DC2068376E5A1035B90089FFC1B7B2E51B74B24902D20214,2139,qml:QtQuick3D.designer,qml,LIKELY_REQUIRED,PySide6 wheel tree SHA-256 match,,UNKNOWN
Release/External_Test/2026-07-30_audio-validation-fix/Qonic_Audio_v5.0_internal_test/_internal/PySide6/qml/QtQuick3D/designer/PointLightSpecifics.qml,B23C6DF317F27C596C241F19A61D117ADDBEA1068ECF57D69F19E7C771C2BFA3,360,qml:QtQuick3D.designer,qml,LIKELY_REQUIRED,PySide6 wheel tree SHA-256 match,,UNKNOWN
Release/External_Test/2026-07-30_audio-validation-fix/Qonic_Audio_v5.0_internal_test/_internal/PySide6/qml/QtQuick3D/designer/PrincipledMaterialSection.qml,226725BC511E86AD1D5A5E1FD46AFCB0ADE75BA4094405B15F75740AFABF50B3,52724,qml:QtQuick3D.designer,qml,LIKELY_REQUIRED,PySide6 wheel tree SHA-256 match,,UNKNOWN
Release/External_Test/2026-07-30_audio-validation-fix/Qonic_Audio_v5.0_internal_test/_internal/PySide6/qml/QtQuick3D/designer/PrincipledMaterialSpecifics.qml,565C57402B5D6C843A171AD207C414DB5BE36794B26D27D4D1ACD539ADA7AD1F,363,qml:QtQuick3D.designer,qml,LIKELY_REQUIRED,PySide6 wheel tree SHA-256 match,,UNKNOWN
Release/External_Test/2026-07-30_audio-validation-fix/Qonic_Audio_v5.0_internal_test/_internal/PySide6/qml/QtQuick3D/designer/propertyGroups.json,2AEC9312EAEDF4DC63AB3695CCFC8D77E0CD473E86FCB310E070BB13717C81FC,5043,qml:QtQuick3D.designer,qml,LIKELY_REQUIRED,PySide6 wheel tree SHA-256 match,,UNKNOWN
Release/External_Test/2026-07-30_audio-validation-fix/Qonic_Audio_v5.0_internal_test/_internal/PySide6/qml/QtQuick3D/designer/quick3d.metainfo,19C7F65125885F9715F8D815CCF468BC6B8EC3A70285394F29CF66BEE26A3E0E,26943,qml:QtQuick3D.designer,qml,LIKELY_REQUIRED,PySide6 wheel tree SHA-256 match,,UNKNOWN
Release/External_Test/2026-07-30_audio-validation-fix/Qonic_Audio_v5.0_internal_test/_internal/PySide6/qml/QtQuick3D/designer/ReflectionProbeSection.qml,733BF8B7A2B73B0DD86F74EC9167EFB23140D5A8F10EFB5DC1FB1E3996EA044D,8587,qml:QtQuick3D.designer,qml,LIKELY_REQUIRED,PySide6 wheel tree SHA-256 match,,UNKNOWN
Release/External_Test/2026-07-30_audio-validation-fix/Qonic_Audio_v5.0_internal_test/_internal/PySide6/qml/QtQuick3D/designer/ReflectionProbeSpecifics.qml,64571F3BC5FD5F80F7995EF548A381C8197AFDEB6272FF212EA160A8FD4F2524,356,qml:QtQuick3D.designer,qml,LIKELY_REQUIRED,PySide6 wheel tree SHA-256 match,,UNKNOWN
Release/External_Test/2026-07-30_audio-validation-fix/Qonic_Audio_v5.0_internal_test/_internal/PySide6/qml/QtQuick3D/designer/Repeater3DSection.qml,F56C768D0613376D03C962066B31CB37F8B9AC7F535EA917C3EC63ED8BBA04FE,1581,qml:QtQuick3D.designer,qml,LIKELY_REQUIRED,PySide6 wheel tree SHA-256 match,,UNKNOWN
Release/External_Test/2026-07-30_audio-validation-fix/Qonic_Audio_v5.0_internal_test/_internal/PySide6/qml/QtQuick3D/designer/Repeater3DSpecifics.qml,CB610D28DB184C3E0DD9ACAF71108AAC9D7BF105BA84C1E73D741D6823A46331,351,qml:QtQuick3D.designer,qml,LIKELY_REQUIRED,PySide6 wheel tree SHA-256 match,,UNKNOWN
Release/External_Test/2026-07-30_audio-validation-fix/Qonic_Audio_v5.0_internal_test/_internal/PySide6/qml/QtQuick3D/designer/ResourceLoaderSection.qml,6096D7AA5BAF28C74A6D8D16EB208DBD7EB8CEBBCE7E461FAFACD75498118526,3212,qml:QtQuick3D.designer,qml,LIKELY_REQUIRED,PySide6 wheel tree SHA-256 match,,UNKNOWN
Release/External_Test/2026-07-30_audio-validation-fix/Qonic_Audio_v5.0_internal_test/_internal/PySide6/qml/QtQuick3D/designer/ResourceLoaderSpecifics.qml,DE79F1BEAF9507C0253956275061C515724451B0E6CA24542ACD0C7865CC6D36,298,qml:QtQuick3D.designer,qml,LIKELY_REQUIRED,PySide6 wheel tree SHA-256 match,,UNKNOWN
Release/External_Test/2026-07-30_audio-validation-fix/Qonic_Audio_v5.0_internal_test/_internal/PySide6/qml/QtQuick3D/designer/SceneEnvironmentSection.qml,2A8E3C3F59C5AD0BD3B87A92A34C7C4B9433F17ACBB73DAB78910ABB847ACDDB,26070,qml:QtQuick3D.designer,qml,LIKELY_REQUIRED,PySide6 wheel tree SHA-256 match,,UNKNOWN
Release/External_Test/2026-07-30_audio-validation-fix/Qonic_Audio_v5.0_internal_test/_internal/PySide6/qml/QtQuick3D/designer/SceneEnvironmentSpecifics.qml,0D4D9E38655486800671CF63FEBC6029D477541474A731E97CFD8AB6B2E53877,300,qml:QtQuick3D.designer,qml,LIKELY_REQUIRED,PySide6 wheel tree SHA-256 match,,UNKNOWN
Release/External_Test/2026-07-30_audio-validation-fix/Qonic_Audio_v5.0_internal_test/_internal/PySide6/qml/QtQuick3D/designer/SetUniformValueSection.qml,C243BEEBD65C0AC2454199D5B91A32C1774F4A1DD3A762CDBA082AB32D7DC7B0,1474,qml:QtQuick3D.designer,qml,LIKELY_REQUIRED,PySide6 wheel tree SHA-256 match,,UNKNOWN
Release/External_Test/2026-07-30_audio-validation-fix/Qonic_Audio_v5.0_internal_test/_internal/PySide6/qml/QtQuick3D/designer/SetUniformValueSpecifics.qml,DFB430AE091D9D6C8D444E51AE137EEE4D898317B04CF4D918E7E184F2BBD943,299,qml:QtQuick3D.designer,qml,LIKELY_REQUIRED,PySide6 wheel tree SHA-256 match,,UNKNOWN
Release/External_Test/2026-07-30_audio-validation-fix/Qonic_Audio_v5.0_internal_test/_internal/PySide6/qml/QtQuick3D/designer/ShaderSection.qml,925D018D0187D657BE297D5DC0F33F0401B9E12026EE4A53AC780E7FD107C893,1226,qml:QtQuick3D.designer,qml,LIKELY_REQUIRED,PySide6 wheel tree SHA-256 match,,UNKNOWN
Release/External_Test/2026-07-30_audio-validation-fix/Qonic_Audio_v5.0_internal_test/_internal/PySide6/qml/QtQuick3D/designer/ShaderSpecifics.qml,0A5018D9785A555E0CE3C6B5C500DD1CE740A0627AEDC07CF58263689BB23774,290,qml:QtQuick3D.designer,qml,LIKELY_REQUIRED,PySide6 wheel tree SHA-256 match,,UNKNOWN
Release/External_Test/2026-07-30_audio-validation-fix/Qonic_Audio_v5.0_internal_test/_internal/PySide6/qml/QtQuick3D/designer/ShadowSection.qml,803DEC37EB4225CACFEB8A8AB80FCE2D7B29E1FDA9C2BBFE3DD05C326A469433,6290,qml:QtQuick3D.designer,qml,LIKELY_REQUIRED,PySide6 wheel tree SHA-256 match,,UNKNOWN
Release/External_Test/2026-07-30_audio-validation-fix/Qonic_Audio_v5.0_internal_test/_internal/PySide6/qml/QtQuick3D/designer/SkinSection.qml,24EED5E2F02901320B92159E19ACDC07C2AEB456B7402BE3B0F4D78D7E5D4BB2,328,qml:QtQuick3D.designer,qml,LIKELY_REQUIRED,PySide6 wheel tree SHA-256 match,,UNKNOWN
Release/External_Test/2026-07-30_audio-validation-fix/Qonic_Audio_v5.0_internal_test/_internal/PySide6/qml/QtQuick3D/designer/SkinSpecifics.qml,2B7C118A97D3AECDED26F78B0338989C57155AE6CB8880DD93A970987601EA4B,288,qml:QtQuick3D.designer,qml,LIKELY_REQUIRED,PySide6 wheel tree SHA-256 match,,UNKNOWN
Release/External_Test/2026-07-30_audio-validation-fix/Qonic_Audio_v5.0_internal_test/_internal/PySide6/qml/QtQuick3D/designer/source/custom_material_default_shader.frag,D4D0F1A78D1BDDE502F0102173024817C5B67AA9251994723143A9DA09022A53,65,qml:QtQuick3D.designer.source,qml,LIKELY_REQUIRED,PySide6 wheel tree SHA-256 match,,UNKNOWN
Release/External_Test/2026-07-30_audio-validation-fix/Qonic_Audio_v5.0_internal_test/_internal/PySide6/qml/QtQuick3D/designer/source/effect_default_shader.frag,3CE48C23D0C55DE0FDEA89B51487A88ACE80C758800186E142BBF2DFD94568B9,149,qml:QtQuick3D.designer.source,qml,LIKELY_REQUIRED,PySide6 wheel tree SHA-256 match,,UNKNOWN
Release/External_Test/2026-07-30_audio-validation-fix/Qonic_Audio_v5.0_internal_test/_internal/PySide6/qml/QtQuick3D/designer/source/effect_template.qml,34E70FBADB4124013448FAB3518231C1204E8D33B307C7853B52187E73D56162,389,qml:QtQuick3D.designer.source,qml,LIKELY_REQUIRED,PySide6 wheel tree SHA-256 match,,UNKNOWN
Release/External_Test/2026-07-30_audio-validation-fix/Qonic_Audio_v5.0_internal_test/_internal/PySide6/qml/QtQuick3D/designer/source/view3D_template.qml,EA983E7CC0232C95D8F12CDD3DBAA9C9CA8C9FCAAE8DEAD81DCE1FB47D12B4B7,756,qml:QtQuick3D.designer.source,qml,LIKELY_REQUIRED,PySide6 wheel tree SHA-256 match,,UNKNOWN
Release/External_Test/2026-07-30_audio-validation-fix/Qonic_Audio_v5.0_internal_test/_internal/PySide6/qml/QtQuick3D/designer/SpecularGlossyMaterialSection.qml,6035AF2B09C4A75768D4C9CF3EC943ACFDE9476AA5355D8BB58C80807D566242,47864,qml:QtQuick3D.designer,qml,LIKELY_REQUIRED,PySide6 wheel tree SHA-256 match,,UNKNOWN
Release/External_Test/2026-07-30_audio-validation-fix/Qonic_Audio_v5.0_internal_test/_internal/PySide6/qml/QtQuick3D/designer/SpecularGlossyMaterialSpecifics.qml,730C59FC54384E33BAC3015A0794F7D6D916498A786C2BA3812BE8538A538165,367,qml:QtQuick3D.designer,qml,LIKELY_REQUIRED,PySide6 wheel tree SHA-256 match,,UNKNOWN
Release/External_Test/2026-07-30_audio-validation-fix/Qonic_Audio_v5.0_internal_test/_internal/PySide6/qml/QtQuick3D/designer/SpotLightSection.qml,7E38EC6D034C0E4D3387486AE7E8017EA63AB732DF1EFE66F1B4985B5386A376,3254,qml:QtQuick3D.designer,qml,LIKELY_REQUIRED,PySide6 wheel tree SHA-256 match,,UNKNOWN
Release/External_Test/2026-07-30_audio-validation-fix/Qonic_Audio_v5.0_internal_test/_internal/PySide6/qml/QtQuick3D/designer/SpotLightSpecifics.qml,9158121F507968A7052570F179BECEE4CD0A9F88ED829B1606F82213ACD2AE46,359,qml:QtQuick3D.designer,qml,LIKELY_REQUIRED,PySide6 wheel tree SHA-256 match,,UNKNOWN
Release/External_Test/2026-07-30_audio-validation-fix/Qonic_Audio_v5.0_internal_test/_internal/PySide6/qml/QtQuick3D/designer/TextureInputSection.qml,D6CF6F22B760F5DBE98E59D5C55C82724FDE64F08BFB165805AA9C1362819417,1350,qml:QtQuick3D.designer,qml,LIKELY_REQUIRED,PySide6 wheel tree SHA-256 match,,UNKNOWN
Release/External_Test/2026-07-30_audio-validation-fix/Qonic_Audio_v5.0_internal_test/_internal/PySide6/qml/QtQuick3D/designer/TextureInputSpecifics.qml,30DB9FC51F3F5099F8F845B99E8DF365E9B1F7D86082ECAC947714C3F3C47CF9,296,qml:QtQuick3D.designer,qml,LIKELY_REQUIRED,PySide6 wheel tree SHA-256 match,,UNKNOWN
Release/External_Test/2026-07-30_audio-validation-fix/Qonic_Audio_v5.0_internal_test/_internal/PySide6/qml/QtQuick3D/designer/TextureSection.qml,B12DCB69EC4158DDD250FFB47E1C7E16E504EFD0B09A290BFA3E8F2B24B3FBFE,13268,qml:QtQuick3D.designer,qml,LIKELY_REQUIRED,PySide6 wheel tree SHA-256 match,,UNKNOWN
Release/External_Test/2026-07-30_audio-validation-fix/Qonic_Audio_v5.0_internal_test/_internal/PySide6/qml/QtQuick3D/designer/TextureSpecifics.qml,195DD8FC49EB54E5D84C31DCF971161BB52A41FF6DB6C8C9FAA51C5FACBD0009,291,qml:QtQuick3D.designer,qml,LIKELY_REQUIRED,PySide6 wheel tree SHA-256 match,,UNKNOWN
Release/External_Test/2026-07-30_audio-validation-fix/Qonic_Audio_v5.0_internal_test/_internal/PySide6/qml/QtQuick3D/designer/View3DSection.qml,07A5D9A523B837D6D74E2AEF08081B4B34D2FE778DB9D390109F900CE105D147,2529,qml:QtQuick3D.designer,qml,LIKELY_REQUIRED,PySide6 wheel tree SHA-256 match,,UNKNOWN
Release/External_Test/2026-07-30_audio-validation-fix/Qonic_Audio_v5.0_internal_test/_internal/PySide6/qml/QtQuick3D/designer/View3DSpecifics.qml,29641C85C6E66FF7B641928EFF95889BDBF389367F1C9D6F2EC9727A2094414B,290,qml:QtQuick3D.designer,qml,LIKELY_REQUIRED,PySide6 wheel tree SHA-256 match,,UNKNOWN
Release/External_Test/2026-07-30_audio-validation-fix/Qonic_Audio_v5.0_internal_test/_internal/PySide6/qml/QtQuick3D/Effects/AdditiveColorGradient.qml,8E0DC0AF2B153D89D220E75679B540B64CEE30CE18A4B170D910D3E22F6B4940,552,qml:QtQuick3D.Effects,qml,LIKELY_REQUIRED,PySide6 wheel tree SHA-256 match,,UNKNOWN
Release/External_Test/2026-07-30_audio-validation-fix/Qonic_Audio_v5.0_internal_test/_internal/PySide6/qml/QtQuick3D/Effects/Blur.qml,2E9BC9584BE5B25367BA135D51E2BFC01E8F4CCE5D954585C8662D16B43C3A66,410,qml:QtQuick3D.Effects,qml,LIKELY_REQUIRED,PySide6 wheel tree SHA-256 match,,UNKNOWN
Release/External_Test/2026-07-30_audio-validation-fix/Qonic_Audio_v5.0_internal_test/_internal/PySide6/qml/QtQuick3D/Effects/BrushStrokes.qml,872DC1DB2C9FCD76273C04135539FA8B3BACBF484E9168700B0EEB3255F6471D,1071,qml:QtQuick3D.Effects,qml,LIKELY_REQUIRED,PySide6 wheel tree SHA-256 match,,UNKNOWN
Release/External_Test/2026-07-30_audio-validation-fix/Qonic_Audio_v5.0_internal_test/_internal/PySide6/qml/QtQuick3D/Effects/ChromaticAberration.qml,17D0074213094541F4EF2E53689CD06F93A9776DAE28FA05AAC289EEDF7F758B,757,qml:QtQuick3D.Effects,qml,LIKELY_REQUIRED,PySide6 wheel tree SHA-256 match,,UNKNOWN
Release/External_Test/2026-07-30_audio-validation-fix/Qonic_Audio_v5.0_internal_test/_internal/PySide6/qml/QtQuick3D/Effects/ColorMaster.qml,81B2510585F489AC30386A6426FABFB50F387056EB8F4D540B1406ED288666F9,600,qml:QtQuick3D.Effects,qml,LIKELY_REQUIRED,PySide6 wheel tree SHA-256 match,,UNKNOWN
Release/External_Test/2026-07-30_audio-validation-fix/Qonic_Audio_v5.0_internal_test/_internal/PySide6/qml/QtQuick3D/Effects/DepthOfFieldHQBlur.qml,0875ADA4C24FF3C42FA4913F867D24C4DA8BE1B2C7ABBBE5AD74A4536A9CB1B0,1787,qml:QtQuick3D.Effects,qml,LIKELY_REQUIRED,PySide6 wheel tree SHA-256 match,,UNKNOWN
Release/External_Test/2026-07-30_audio-validation-fix/Qonic_Audio_v5.0_internal_test/_internal/PySide6/qml/QtQuick3D/Effects/Desaturate.qml,B5185D55BCB322ABCBAC44B3E3FF95C6B8AAA625DED4A140711934B3FCF49E57,427,qml:QtQuick3D.Effects,qml,LIKELY_REQUIRED,PySide6 wheel tree SHA-256 match,,UNKNOWN
Release/External_Test/2026-07-30_audio-validation-fix/Qonic_Audio_v5.0_internal_test/_internal/PySide6/qml/QtQuick3D/Effects/designer/AdditiveColorGradientSection.qml,ED1746DAEF7766B8F1D531F97C029FEBD912676EF50057C86E6CB9175D014123,722,qml:QtQuick3D.Effects.designer,qml,LIKELY_REQUIRED,PySide6 wheel tree SHA-256 match,,UNKNOWN
Release/External_Test/2026-07-30_audio-validation-fix/Qonic_Audio_v5.0_internal_test/_internal/PySide6/qml/QtQuick3D/Effects/designer/AdditiveColorGradientSpecifics.qml,E2BCF210AE4913B338D151E62DC3FF08486D799A0E36A20E4ED7718B14971914,305,qml:QtQuick3D.Effects.designer,qml,LIKELY_REQUIRED,PySide6 wheel tree SHA-256 match,,UNKNOWN
Release/External_Test/2026-07-30_audio-validation-fix/Qonic_Audio_v5.0_internal_test/_internal/PySide6/qml/QtQuick3D/Effects/designer/BlurSection.qml,2C7E64AC75695E138916BA65B1244F57FA5E3B3CD37D8FD51A4BB3F45A7046B3,893,qml:QtQuick3D.Effects.designer,qml,LIKELY_REQUIRED,PySide6 wheel tree SHA-256 match,,UNKNOWN
Release/External_Test/2026-07-30_audio-validation-fix/Qonic_Audio_v5.0_internal_test/_internal/PySide6/qml/QtQuick3D/Effects/designer/BlurSpecifics.qml,03F17D4C2D05A259A16955DBDD95140191482F3A30DD2CB8A5E067B0E7500EB4,288,qml:QtQuick3D.Effects.designer,qml,LIKELY_REQUIRED,PySide6 wheel tree SHA-256 match,,UNKNOWN
Release/External_Test/2026-07-30_audio-validation-fix/Qonic_Audio_v5.0_internal_test/_internal/PySide6/qml/QtQuick3D/Effects/designer/BrushStrokesSection.qml,05E6710FB3A71481B5E5A5D926FAF05F6D784CE6D0D365F4D8612EA5D0A553A1,2978,qml:QtQuick3D.Effects.designer,qml,LIKELY_REQUIRED,PySide6 wheel tree SHA-256 match,,UNKNOWN
Release/External_Test/2026-07-30_audio-validation-fix/Qonic_Audio_v5.0_internal_test/_internal/PySide6/qml/QtQuick3D/Effects/designer/BrushStrokesSpecifics.qml,CA5DBE30421FF8545FE330ED7CB38895E66C91708B12B36FF03958BC5DD2612E,296,qml:QtQuick3D.Effects.designer,qml,LIKELY_REQUIRED,PySide6 wheel tree SHA-256 match,,UNKNOWN
Release/External_Test/2026-07-30_audio-validation-fix/Qonic_Audio_v5.0_internal_test/_internal/PySide6/qml/QtQuick3D/Effects/designer/ChromaticAberrationSection.qml,266B0585E97E260B7133BE9657EFA621D1C22B9AD68FD87A9BB2CC0DA0E04082,2369,qml:QtQuick3D.Effects.designer,qml,LIKELY_REQUIRED,PySide6 wheel tree SHA-256 match,,UNKNOWN
Release/External_Test/2026-07-30_audio-validation-fix/Qonic_Audio_v5.0_internal_test/_internal/PySide6/qml/QtQuick3D/Effects/designer/ChromaticAberrationSpecifics.qml,9D4F23348F51E757EECC59A4C3403173F140CC20274233D79410BE21F9E57436,303,qml:QtQuick3D.Effects.designer,qml,LIKELY_REQUIRED,PySide6 wheel tree SHA-256 match,,UNKNOWN
Release/External_Test/2026-07-30_audio-validation-fix/Qonic_Audio_v5.0_internal_test/_internal/PySide6/qml/QtQuick3D/Effects/designer/ColorMasterSection.qml,403C2FD9FC8E3FEA28FFB7D84FE82CAE630A8AFE4BE368430A18F13F087E76DF,2607,qml:QtQuick3D.Effects.designer,qml,LIKELY_REQUIRED,PySide6 wheel tree SHA-256 match,,UNKNOWN
Release/External_Test/2026-07-30_audio-validation-fix/Qonic_Audio_v5.0_internal_test/_internal/PySide6/qml/QtQuick3D/Effects/designer/ColorMasterSpecifics.qml,D49F38F751D28C4FCED7BC835CC61A6A114F6CD6685D33FDEAB177F1B38BC6C2,295,qml:QtQuick3D.Effects.designer,qml,LIKELY_REQUIRED,PySide6 wheel tree SHA-256 match,,UNKNOWN
Release/External_Test/2026-07-30_audio-validation-fix/Qonic_Audio_v5.0_internal_test/_internal/PySide6/qml/QtQuick3D/Effects/designer/DepthOfFieldHQBlurSection.qml,5E6F2E116728353E580BDFE30EF1DE36A58A0DE05AD298297AF9BEC9DEAB1154,1968,qml:QtQuick3D.Effects.designer,qml,LIKELY_REQUIRED,PySide6 wheel tree SHA-256 match,,UNKNOWN
Release/External_Test/2026-07-30_audio-validation-fix/Qonic_Audio_v5.0_internal_test/_internal/PySide6/qml/QtQuick3D/Effects/designer/DepthOfFieldHQBlurSpecifics.qml,01D99DC52F10D6814B91ED1CBFDE12780E09215BED07008B17EFEC37D3AA5275,302,qml:QtQuick3D.Effects.designer,qml,LIKELY_REQUIRED,PySide6 wheel tree SHA-256 match,,UNKNOWN
Release/External_Test/2026-07-30_audio-validation-fix/Qonic_Audio_v5.0_internal_test/_internal/PySide6/qml/QtQuick3D/Effects/designer/DesaturateSection.qml,F9A5DEFE5AE61A069C808132B3B96FBB7CCC9FEDBE169906D15C9C750DC3A879,903,qml:QtQuick3D.Effects.designer,qml,LIKELY_REQUIRED,PySide6 wheel tree SHA-256 match,,UNKNOWN
Release/External_Test/2026-07-30_audio-validation-fix/Qonic_Audio_v5.0_internal_test/_internal/PySide6/qml/QtQuick3D/Effects/designer/DesaturateSpecifics.qml,8127F76FBED7CAC7CDE9B0A931344DF1D32DE6DF8952F1780015EA334A8A251C,294,qml:QtQuick3D.Effects.designer,qml,LIKELY_REQUIRED,PySide6 wheel tree SHA-256 match,,UNKNOWN
Release/External_Test/2026-07-30_audio-validation-fix/Qonic_Audio_v5.0_internal_test/_internal/PySide6/qml/QtQuick3D/Effects/designer/DistortionRippleSection.qml,004B59B4EDA3BE172FA7BE4FF4E50DC06274B447A4EC3988B4F69C139B627FAF,3821,qml:QtQuick3D.Effects.designer,qml,LIKELY_REQUIRED,PySide6 wheel tree SHA-256 match,,UNKNOWN
Release/External_Test/2026-07-30_audio-validation-fix/Qonic_Audio_v5.0_internal_test/_internal/PySide6/qml/QtQuick3D/Effects/designer/DistortionRippleSpecifics.qml,88E79E8519B2729EF96A719B31FCEF3DF59E2A2279461CA275F0B3C951E75BC0,300,qml:QtQuick3D.Effects.designer,qml,LIKELY_REQUIRED,PySide6 wheel tree SHA-256 match,,UNKNOWN
Release/External_Test/2026-07-30_audio-validation-fix/Qonic_Audio_v5.0_internal_test/_internal/PySide6/qml/QtQuick3D/Effects/designer/DistortionSphereSection.qml,D95D4FD6AE7196457A78154948B12F8BACDC468E1942F897C8BCE3DD446B081A,2784,qml:QtQuick3D.Effects.designer,qml,LIKELY_REQUIRED,PySide6 wheel tree SHA-256 match,,UNKNOWN
Release/External_Test/2026-07-30_audio-validation-fix/Qonic_Audio_v5.0_internal_test/_internal/PySide6/qml/QtQuick3D/Effects/designer/DistortionSphereSpecifics.qml,CEAFFB1FEC01B1E88F06721DF73C7B711DA0AFC9109493F7D4201348268AEB9E,300,qml:QtQuick3D.Effects.designer,qml,LIKELY_REQUIRED,PySide6 wheel tree SHA-256 match,,UNKNOWN
Release/External_Test/2026-07-30_audio-validation-fix/Qonic_Audio_v5.0_internal_test/_internal/PySide6/qml/QtQuick3D/Effects/designer/DistortionSpiralSection.qml,442F5571BE414FC2F1BB3351F2C2168BF53969AB26DBA04A01BCC84A92E4B994,2761,qml:QtQuick3D.Effects.designer,qml,LIKELY_REQUIRED,PySide6 wheel tree SHA-256 match,,UNKNOWN
Release/External_Test/2026-07-30_audio-validation-fix/Qonic_Audio_v5.0_internal_test/_internal/PySide6/qml/QtQuick3D/Effects/designer/DistortionSpiralSpecifics.qml,F105554A349DF08A91E76745E2C1F203E6C68CD714C260E60F8FD09D4B6C2CF2,300,qml:QtQuick3D.Effects.designer,qml,LIKELY_REQUIRED,PySide6 wheel tree SHA-256 match,,UNKNOWN
Release/External_Test/2026-07-30_audio-validation-fix/Qonic_Audio_v5.0_internal_test/_internal/PySide6/qml/QtQuick3D/Effects/designer/EdgeDetectSection.qml,23E9942E2F03FD4159AF87C45F13C06DC99091A023EF51A4F20C6782C88890DA,898,qml:QtQuick3D.Effects.designer,qml,LIKELY_REQUIRED,PySide6 wheel tree SHA-256 match,,UNKNOWN
Release/External_Test/2026-07-30_audio-validation-fix/Qonic_Audio_v5.0_internal_test/_internal/PySide6/qml/QtQuick3D/Effects/designer/EdgeDetectSpecifics.qml,75DE4D0189CF2504DE1D8F2868A84A1DC0C6F1E207C535E1141D6F2F69A86CAA,294,qml:QtQuick3D.Effects.designer,qml,LIKELY_REQUIRED,PySide6 wheel tree SHA-256 match,,UNKNOWN
Release/External_Test/2026-07-30_audio-validation-fix/Qonic_Audio_v5.0_internal_test/_internal/PySide6/qml/QtQuick3D/Effects/designer/effectlib.metainfo,0DCFB7E1A8D8E9205A5D18CA27BD8D433EFB8666BF32855CF091208B10D895B0,11436,qml:QtQuick3D.Effects.designer,qml,LIKELY_REQUIRED,PySide6 wheel tree SHA-256 match,,UNKNOWN
Release/External_Test/2026-07-30_audio-validation-fix/Qonic_Audio_v5.0_internal_test/_internal/PySide6/qml/QtQuick3D/Effects/designer/EmbossSection.qml,5B289B4E498A7CC7F413036CE39F03EF97ECC9861E121B2D44B254F47AEF4661,899,qml:QtQuick3D.Effects.designer,qml,LIKELY_REQUIRED,PySide6 wheel tree SHA-256 match,,UNKNOWN
Release/External_Test/2026-07-30_audio-validation-fix/Qonic_Audio_v5.0_internal_test/_internal/PySide6/qml/QtQuick3D/Effects/designer/EmbossSpecifics.qml,AF2142238368284D94DECF55B510DF7333A7AA27878E336E8F4D73A304A3915F,290,qml:QtQuick3D.Effects.designer,qml,LIKELY_REQUIRED,PySide6 wheel tree SHA-256 match,,UNKNOWN
Release/External_Test/2026-07-30_audio-validation-fix/Qonic_Audio_v5.0_internal_test/_internal/PySide6/qml/QtQuick3D/Effects/designer/FlipSection.qml,EAB8EED46858005BA427A9C3A67D6BED9EF13FCC1370A180BD044EA0F369B980,1354,qml:QtQuick3D.Effects.designer,qml,LIKELY_REQUIRED,PySide6 wheel tree SHA-256 match,,UNKNOWN
Release/External_Test/2026-07-30_audio-validation-fix/Qonic_Audio_v5.0_internal_test/_internal/PySide6/qml/QtQuick3D/Effects/designer/FlipSpecifics.qml,ACA1B6362295DBC083B1784D6EC72492D01E8B07976FFB70BCA21DE4A272883B,288,qml:QtQuick3D.Effects.designer,qml,LIKELY_REQUIRED,PySide6 wheel tree SHA-256 match,,UNKNOWN
Release/External_Test/2026-07-30_audio-validation-fix/Qonic_Audio_v5.0_internal_test/_internal/PySide6/qml/QtQuick3D/Effects/designer/FxaaSection.qml,15D25EE547A37A7E0B3317F3737CE7F6DC47E6F1827EF055BD8A1CCD0D9E9CE5,282,qml:QtQuick3D.Effects.designer,qml,LIKELY_REQUIRED,PySide6 wheel tree SHA-256 match,,UNKNOWN
Release/External_Test/2026-07-30_audio-validation-fix/Qonic_Audio_v5.0_internal_test/_internal/PySide6/qml/QtQuick3D/Effects/designer/FxaaSpecifics.qml,3BEB33F15991456D21C48995D6CA22C2C9C38F2398D63D0EF4514F2FAEBDC573,288,qml:QtQuick3D.Effects.designer,qml,LIKELY_REQUIRED,PySide6 wheel tree SHA-256 match,,UNKNOWN
Release/External_Test/2026-07-30_audio-validation-fix/Qonic_Audio_v5.0_internal_test/_internal/PySide6/qml/QtQuick3D/Effects/designer/GaussianBlurSection.qml,9AA5F764B76006809FEBCBA3ADA55B35B72B155E5354F8BC25F7E8D59C1CE4FE,860,qml:QtQuick3D.Effects.designer,qml,LIKELY_REQUIRED,PySide6 wheel tree SHA-256 match,,UNKNOWN
Release/External_Test/2026-07-30_audio-validation-fix/Qonic_Audio_v5.0_internal_test/_internal/PySide6/qml/QtQuick3D/Effects/designer/GaussianBlurSpecifics.qml,F7488E6DBA45CB7FFA808B780DF4F9E4F6FE172BC2B3606FAA4B10DFF1716985,296,qml:QtQuick3D.Effects.designer,qml,LIKELY_REQUIRED,PySide6 wheel tree SHA-256 match,,UNKNOWN
Release/External_Test/2026-07-30_audio-validation-fix/Qonic_Audio_v5.0_internal_test/_internal/PySide6/qml/QtQuick3D/Effects/designer/HDRBloomTonemapSection.qml,ADD91B8F823E4BB98E68380CA16211F0B008930145760804492EDBF38BEB184C,3754,qml:QtQuick3D.Effects.designer,qml,LIKELY_REQUIRED,PySide6 wheel tree SHA-256 match,,UNKNOWN
Release/External_Test/2026-07-30_audio-validation-fix/Qonic_Audio_v5.0_internal_test/_internal/PySide6/qml/QtQuick3D/Effects/designer/HDRBloomTonemapSpecifics.qml,34513D581F0372F61FC68745FB720E89CCDEC12AE459683D4A275B170C0B36A6,299,qml:QtQuick3D.Effects.designer,qml,LIKELY_REQUIRED,PySide6 wheel tree SHA-256 match,,UNKNOWN
Release/External_Test/2026-07-30_audio-validation-fix/Qonic_Audio_v5.0_internal_test/_internal/PySide6/qml/QtQuick3D/Effects/designer/images/effect.png,740F9DD817E0C14999B016FECE76C99DF4B28065ACB78CE819552BC6EC576773,411,qml:QtQuick3D.Effects.designer,qml,LIKELY_REQUIRED,PySide6 wheel tree SHA-256 match,,UNKNOWN
Release/External_Test/2026-07-30_audio-validation-fix/Qonic_Audio_v5.0_internal_test/_internal/PySide6/qml/QtQuick3D/Effects/designer/images/effect16.png,B33107A111E79A9F74993D8BD843EF3F55C132BDBB4038053D4321EA995E8DB1,321,qml:QtQuick3D.Effects.designer,qml,LIKELY_REQUIRED,PySide6 wheel tree SHA-256 match,,UNKNOWN
Release/External_Test/2026-07-30_audio-validation-fix/Qonic_Audio_v5.0_internal_test/_internal/PySide6/qml/QtQuick3D/Effects/designer/images/effect@2x.png,7C48754241A74A3AE698FD219293ADC84FC7EB5EFE8F81B218D776D4342BB26D,714,qml:QtQuick3D.Effects.designer,qml,LIKELY_REQUIRED,PySide6 wheel tree SHA-256 match,,UNKNOWN
Release/External_Test/2026-07-30_audio-validation-fix/Qonic_Audio_v5.0_internal_test/_internal/PySide6/qml/QtQuick3D/Effects/designer/MotionBlurSection.qml,ECFAA36E5508040E5439C6E58BAB5F67897C0ACAAA75505E7F6A00FC39D14E75,1492,qml:QtQuick3D.Effects.designer,qml,LIKELY_REQUIRED,PySide6 wheel tree SHA-256 match,,UNKNOWN
Release/External_Test/2026-07-30_audio-validation-fix/Qonic_Audio_v5.0_internal_test/_internal/PySide6/qml/QtQuick3D/Effects/designer/MotionBlurSpecifics.qml,0E61102974D3F7B2043FD0E0C07574EF9F0E9535409877227AD00A88B1E7F924,294,qml:QtQuick3D.Effects.designer,qml,LIKELY_REQUIRED,PySide6 wheel tree SHA-256 match,,UNKNOWN
Release/External_Test/2026-07-30_audio-validation-fix/Qonic_Audio_v5.0_internal_test/_internal/PySide6/qml/QtQuick3D/Effects/designer/ScatterSection.qml,5BC533483333A7007A1E38CB07DEDF0914BBA1DAC4F1FD719E68CF620E00A665,2962,qml:QtQuick3D.Effects.designer,qml,LIKELY_REQUIRED,PySide6 wheel tree SHA-256 match,,UNKNOWN
Release/External_Test/2026-07-30_audio-validation-fix/Qonic_Audio_v5.0_internal_test/_internal/PySide6/qml/QtQuick3D/Effects/designer/ScatterSpecifics.qml,0F058AFEEE5C350C6B4D41AF935A819F45B3FAF7A5FBE7B5461F14F9DA2F7B78,291,qml:QtQuick3D.Effects.designer,qml,LIKELY_REQUIRED,PySide6 wheel tree SHA-256 match,,UNKNOWN
Release/External_Test/2026-07-30_audio-validation-fix/Qonic_Audio_v5.0_internal_test/_internal/PySide6/qml/QtQuick3D/Effects/designer/SCurveTonemapSection.qml,DAAF006E1F2B66CA0BC6C979AF97F89B20C90534E99374AC0D768CEDD262BB17,6896,qml:QtQuick3D.Effects.designer,qml,LIKELY_REQUIRED,PySide6 wheel tree SHA-256 match,,UNKNOWN
Release/External_Test/2026-07-30_audio-validation-fix/Qonic_Audio_v5.0_internal_test/_internal/PySide6/qml/QtQuick3D/Effects/designer/SCurveTonemapSpecifics.qml,C464047B9A725ED8544B86AE910FF15E1A0B0563541E2DBC711FF6A236CA9126,297,qml:QtQuick3D.Effects.designer,qml,LIKELY_REQUIRED,PySide6 wheel tree SHA-256 match,,UNKNOWN
Release/External_Test/2026-07-30_audio-validation-fix/Qonic_Audio_v5.0_internal_test/_internal/PySide6/qml/QtQuick3D/Effects/designer/TiltShiftSection.qml,AA89104019927E3D591352B663EA1E45A6CCA644A17CA7BC4DBF51E28D75EB15,3079,qml:QtQuick3D.Effects.designer,qml,LIKELY_REQUIRED,PySide6 wheel tree SHA-256 match,,UNKNOWN
Release/External_Test/2026-07-30_audio-validation-fix/Qonic_Audio_v5.0_internal_test/_internal/PySide6/qml/QtQuick3D/Effects/designer/TiltShiftSpecifics.qml,4C68229C0FFD5F96750A72D236DB0B4AE22676EFB51A755CDC64C5C73E0F6D94,293,qml:QtQuick3D.Effects.designer,qml,LIKELY_REQUIRED,PySide6 wheel tree SHA-256 match,,UNKNOWN
Release/External_Test/2026-07-30_audio-validation-fix/Qonic_Audio_v5.0_internal_test/_internal/PySide6/qml/QtQuick3D/Effects/designer/VignetteSection.qml,6CBD9D23DB31C4009F46DB148F471AA75D4EF354D6B77DF0F2BA86EDCCA36CDA,1673,qml:QtQuick3D.Effects.designer,qml,LIKELY_REQUIRED,PySide6 wheel tree SHA-256 match,,UNKNOWN
Release/External_Test/2026-07-30_audio-validation-fix/Qonic_Audio_v5.0_internal_test/_internal/PySide6/qml/QtQuick3D/Effects/designer/VignetteSpecifics.qml,696521AAFF293166748C1CADDD4565C3D5D27EBD6C19831099F446C7C37CCCA1,292,qml:QtQuick3D.Effects.designer,qml,LIKELY_REQUIRED,PySide6 wheel tree SHA-256 match,,UNKNOWN
Release/External_Test/2026-07-30_audio-validation-fix/Qonic_Audio_v5.0_internal_test/_internal/PySide6/qml/QtQuick3D/Effects/DistortionRipple.qml,8C7E960E26458A3B4624745716BBC526D3043751BA7CD92932E1354F2226DBEB,849,qml:QtQuick3D.Effects,qml,LIKELY_REQUIRED,PySide6 wheel tree SHA-256 match,,UNKNOWN
Release/External_Test/2026-07-30_audio-validation-fix/Qonic_Audio_v5.0_internal_test/_internal/PySide6/qml/QtQuick3D/Effects/DistortionSphere.qml,6B660030076082C6DE30838C718FAF6E9E72DEF9B2AC8FB335CA8E5F242D08A3,726,qml:QtQuick3D.Effects,qml,LIKELY_REQUIRED,PySide6 wheel tree SHA-256 match,,UNKNOWN
Release/External_Test/2026-07-30_audio-validation-fix/Qonic_Audio_v5.0_internal_test/_internal/PySide6/qml/QtQuick3D/Effects/DistortionSpiral.qml,F73B3A687F44E6CC84317F23212C7667D83BAFC6AA3C4D9F37B856A8AC60E08F,736,qml:QtQuick3D.Effects,qml,LIKELY_REQUIRED,PySide6 wheel tree SHA-256 match,,UNKNOWN
Release/External_Test/2026-07-30_audio-validation-fix/Qonic_Audio_v5.0_internal_test/_internal/PySide6/qml/QtQuick3D/Effects/EdgeDetect.qml,33A5B78B812D075855AF9814FFFE46382BF0C1C6ABD280070636427369423D95,588,qml:QtQuick3D.Effects,qml,LIKELY_REQUIRED,PySide6 wheel tree SHA-256 match,,UNKNOWN
Release/External_Test/2026-07-30_audio-validation-fix/Qonic_Audio_v5.0_internal_test/_internal/PySide6/qml/QtQuick3D/Effects/Emboss.qml,FDD725E9EE22063B6ACA03382B3907406854BDBD7B158B636866CF18993A7281,429,qml:QtQuick3D.Effects,qml,LIKELY_REQUIRED,PySide6 wheel tree SHA-256 match,,UNKNOWN
Release/External_Test/2026-07-30_audio-validation-fix/Qonic_Audio_v5.0_internal_test/_internal/PySide6/qml/QtQuick3D/Effects/Flip.qml,B2687875F6746BBE27E0267470E0AD6768047E8EB99A6780DB3391ED7338CB0E,460,qml:QtQuick3D.Effects,qml,LIKELY_REQUIRED,PySide6 wheel tree SHA-256 match,,UNKNOWN
Release/External_Test/2026-07-30_audio-validation-fix/Qonic_Audio_v5.0_internal_test/_internal/PySide6/qml/QtQuick3D/Effects/Fxaa.qml,4532DE6407FA2511F8169DAC84A69D578C8F70AE9708152B0AEEBECCBC7169B4,1293,qml:QtQuick3D.Effects,qml,LIKELY_REQUIRED,PySide6 wheel tree SHA-256 match,,UNKNOWN
Release/External_Test/2026-07-30_audio-validation-fix/Qonic_Audio_v5.0_internal_test/_internal/PySide6/qml/QtQuick3D/Effects/GaussianBlur.qml,E25C9AA3ECAE2D9278A61D0FB64EEC0120F5F8043F6B35B49EEE8742CE12E5C2,1224,qml:QtQuick3D.Effects,qml,LIKELY_REQUIRED,PySide6 wheel tree SHA-256 match,,UNKNOWN
Release/External_Test/2026-07-30_audio-validation-fix/Qonic_Audio_v5.0_internal_test/_internal/PySide6/qml/QtQuick3D/Effects/HDRBloomTonemap.qml,98B98402A18647C5410A2C95160304C0CBD2DB7ACC3D111879946B027866A8D6,3793,qml:QtQuick3D.Effects,qml,LIKELY_REQUIRED,PySide6 wheel tree SHA-256 match,,UNKNOWN
Release/External_Test/2026-07-30_audio-validation-fix/Qonic_Audio_v5.0_internal_test/_internal/PySide6/qml/QtQuick3D/Effects/MotionBlur.qml,EC02AFCDBFDAE54BCD7D352DDEF74D9CAEDF606F0CE625D80E8AF2FA1F9C9DEC,3227,qml:QtQuick3D.Effects,qml,LIKELY_REQUIRED,PySide6 wheel tree SHA-256 match,,UNKNOWN
Release/External_Test/2026-07-30_audio-validation-fix/Qonic_Audio_v5.0_internal_test/_internal/PySide6/qml/QtQuick3D/Effects/qmldir,E2CA68B7A7C8DDB2305CD32F96A4B14393729A938A324E88C479EB6F76A1BF61,1027,qml:QtQuick3D.Effects,qml,LIKELY_REQUIRED,PySide6 wheel tree SHA-256 match,,UNKNOWN
Release/External_Test/2026-07-30_audio-validation-fix/Qonic_Audio_v5.0_internal_test/_internal/PySide6/qml/QtQuick3D/Effects/qtquick3deffectplugin.dll,0DB4B7CD13092D55A888FE1DFB8DEDFE7D85784C1F1E3B0D7FFA9D8E7D4132E4,30520,qml:QtQuick3D.Effects,qml,LIKELY_REQUIRED,PySide6 wheel tree SHA-256 match,,UNKNOWN
Release/External_Test/2026-07-30_audio-validation-fix/Qonic_Audio_v5.0_internal_test/_internal/PySide6/qml/QtQuick3D/Effects/Quick3DEffects.qmltypes,A96C7BF5832767BDC9D91E2290A3920AEC3ABFBF2E3814BCE38B49483F16F84A,215,qml:QtQuick3D.Effects,qml,LIKELY_REQUIRED,PySide6 wheel tree SHA-256 match,,UNKNOWN
Release/External_Test/2026-07-30_audio-validation-fix/Qonic_Audio_v5.0_internal_test/_internal/PySide6/qml/QtQuick3D/Effects/Scatter.qml,8BC7B4761B17E1F91A5CD5D1966D6DC19478A682CE2494B536CF3972AA708C9D,813,qml:QtQuick3D.Effects,qml,LIKELY_REQUIRED,PySide6 wheel tree SHA-256 match,,UNKNOWN
Release/External_Test/2026-07-30_audio-validation-fix/Qonic_Audio_v5.0_internal_test/_internal/PySide6/qml/QtQuick3D/Effects/SCurveTonemap.qml,76A20F94559F9A880F0D89E24DEB660F187273DD0A671A7C4809A7B1B0F1C3B6,1066,qml:QtQuick3D.Effects,qml,LIKELY_REQUIRED,PySide6 wheel tree SHA-256 match,,UNKNOWN
Release/External_Test/2026-07-30_audio-validation-fix/Qonic_Audio_v5.0_internal_test/_internal/PySide6/qml/QtQuick3D/Effects/TiltShift.qml,F51CA2687297FA574D874168F7C1664963AC6EEE134D3B37F28D3B70882BDDCA,1956,qml:QtQuick3D.Effects,qml,LIKELY_REQUIRED,PySide6 wheel tree SHA-256 match,,UNKNOWN
Release/External_Test/2026-07-30_audio-validation-fix/Qonic_Audio_v5.0_internal_test/_internal/PySide6/qml/QtQuick3D/Effects/Vignette.qml,1C166A627D1E4294BDA46F5D824E8EF21C7CACE4570042D17E31EE71388A1585,554,qml:QtQuick3D.Effects,qml,LIKELY_REQUIRED,PySide6 wheel tree SHA-256 match,,UNKNOWN
Release/External_Test/2026-07-30_audio-validation-fix/Qonic_Audio_v5.0_internal_test/_internal/PySide6/qml/QtQuick3D/Helpers/AxisHelper.qml,D5154EB5748884840E85AA10A2A4B78D28EF03BA3421CDE17473A89838B61D72,2392,qml:QtQuick3D.Helpers,qml,LIKELY_REQUIRED,PySide6 wheel tree SHA-256 match,,UNKNOWN
Release/External_Test/2026-07-30_audio-validation-fix/Qonic_Audio_v5.0_internal_test/_internal/PySide6/qml/QtQuick3D/Helpers/DebugView.qml,1CC0AA55677919F594B8C8F091722020FD63A4D832988CDADDD25BB9F6139A8C,27452,qml:QtQuick3D.Helpers,qml,LIKELY_REQUIRED,PySide6 wheel tree SHA-256 match,,UNKNOWN
Release/External_Test/2026-07-30_audio-validation-fix/Qonic_Audio_v5.0_internal_test/_internal/PySide6/qml/QtQuick3D/Helpers/designer/AxisHelperSection.qml,029E2872E5468439D67464D3EC1B837B09BA8236863BBB08C155B2234B05A993,3523,qml:QtQuick3D.Helpers.designer,qml,LIKELY_REQUIRED,PySide6 wheel tree SHA-256 match,,UNKNOWN
Release/External_Test/2026-07-30_audio-validation-fix/Qonic_Audio_v5.0_internal_test/_internal/PySide6/qml/QtQuick3D/Helpers/designer/AxisHelperSpecifics.qml,699F0FEF92A4C57EC283321A1BBC6BAAC53DF328FF4D72841F32F48DCDC1A858,351,qml:QtQuick3D.Helpers.designer,qml,LIKELY_REQUIRED,PySide6 wheel tree SHA-256 match,,UNKNOWN
Release/External_Test/2026-07-30_audio-validation-fix/Qonic_Audio_v5.0_internal_test/_internal/PySide6/qml/QtQuick3D/Helpers/designer/DebugViewSection.qml,BFE818A5FA48F270EF901AB3A6DA1DAEE69CA91278AF85AE5FEC0DCEFDC0B9B5,1632,qml:QtQuick3D.Helpers.designer,qml,LIKELY_REQUIRED,PySide6 wheel tree SHA-256 match,,UNKNOWN
Release/External_Test/2026-07-30_audio-validation-fix/Qonic_Audio_v5.0_internal_test/_internal/PySide6/qml/QtQuick3D/Helpers/designer/DebugViewSpecifics.qml,35DA31F47F1AE43A832532D82B97697D2D18E8411BA7BBA0A2A5BB8406EB9C65,293,qml:QtQuick3D.Helpers.designer,qml,LIKELY_REQUIRED,PySide6 wheel tree SHA-256 match,,UNKNOWN
Release/External_Test/2026-07-30_audio-validation-fix/Qonic_Audio_v5.0_internal_test/_internal/PySide6/qml/QtQuick3D/Helpers/designer/ExtendedSceneEnvironmentSection.qml,1DA88E37B5E06A33ADD851BDC3F007474FE64E987E62C238C70B491B074B431B,71964,qml:QtQuick3D.Helpers.designer,qml,LIKELY_REQUIRED,PySide6 wheel tree SHA-256 match,,UNKNOWN
Release/External_Test/2026-07-30_audio-validation-fix/Qonic_Audio_v5.0_internal_test/_internal/PySide6/qml/QtQuick3D/Helpers/designer/ExtendedSceneEnvironmentSpecifics.qml,A97DB94279B63BCF41BD9CFE1F736D7527A2DDD2035FC24544EE81AE8ECED5E2,308,qml:QtQuick3D.Helpers.designer,qml,LIKELY_REQUIRED,PySide6 wheel tree SHA-256 match,,UNKNOWN
Release/External_Test/2026-07-30_audio-validation-fix/Qonic_Audio_v5.0_internal_test/_internal/PySide6/qml/QtQuick3D/Helpers/designer/GridGeometrySection.qml,B071A41783493E8C45EF64658592C590597C323E24F57E4D4DF8DE434CFF9259,3025,qml:QtQuick3D.Helpers.designer,qml,LIKELY_REQUIRED,PySide6 wheel tree SHA-256 match,,UNKNOWN
Release/External_Test/2026-07-30_audio-validation-fix/Qonic_Audio_v5.0_internal_test/_internal/PySide6/qml/QtQuick3D/Helpers/designer/GridGeometrySpecifics.qml,F07789AD79FD714175B1BBED24A2624EDEAA64C83133140011354758FA832E06,296,qml:QtQuick3D.Helpers.designer,qml,LIKELY_REQUIRED,PySide6 wheel tree SHA-256 match,,UNKNOWN
Release/External_Test/2026-07-30_audio-validation-fix/Qonic_Audio_v5.0_internal_test/_internal/PySide6/qml/QtQuick3D/Helpers/designer/HeightFieldGeometrySection.qml,EEF79D1004B032A6238B8B08D025F404C12717DFF21EC2B5F65D87CDD650BD18,4244,qml:QtQuick3D.Helpers.designer,qml,LIKELY_REQUIRED,PySide6 wheel tree SHA-256 match,,UNKNOWN
Release/External_Test/2026-07-30_audio-validation-fix/Qonic_Audio_v5.0_internal_test/_internal/PySide6/qml/QtQuick3D/Helpers/designer/HeightFieldGeometrySpecifics.qml,68D41795C3E378500637CC9CC88F66C7B90F2AAB85B6163AA284FF0AC1025506,303,qml:QtQuick3D.Helpers.designer,qml,LIKELY_REQUIRED,PySide6 wheel tree SHA-256 match,,UNKNOWN
Release/External_Test/2026-07-30_audio-validation-fix/Qonic_Audio_v5.0_internal_test/_internal/PySide6/qml/QtQuick3D/Helpers/designer/helpers.metainfo,7198BC4D18BAF80325CDFA3CDB137807E691CFD93C06564CD2B81B9FF14571DF,7274,qml:QtQuick3D.Helpers.designer,qml,LIKELY_REQUIRED,PySide6 wheel tree SHA-256 match,,UNKNOWN
Release/External_Test/2026-07-30_audio-validation-fix/Qonic_Audio_v5.0_internal_test/_internal/PySide6/qml/QtQuick3D/Helpers/designer/images/axishelper.png,B94024ABE09F747A784483C12DBE22430313F35CC0A2D0B78D3212A9AFA92264,573,qml:QtQuick3D.Helpers.designer,qml,LIKELY_REQUIRED,PySide6 wheel tree SHA-256 match,,UNKNOWN
Release/External_Test/2026-07-30_audio-validation-fix/Qonic_Audio_v5.0_internal_test/_internal/PySide6/qml/QtQuick3D/Helpers/designer/images/axishelper16.png,661466499EDB590C81199322F38F309F093CF5AF0EE25B5F1943A34AC5603391,260,qml:QtQuick3D.Helpers.designer,qml,LIKELY_REQUIRED,PySide6 wheel tree SHA-256 match,,UNKNOWN
Release/External_Test/2026-07-30_audio-validation-fix/Qonic_Audio_v5.0_internal_test/_internal/PySide6/qml/QtQuick3D/Helpers/designer/images/axishelper@2x.png,D7F9CAEAF4C57FD5704B27AD89764B54B1311643986185A75D788ABA701A8267,1255,qml:QtQuick3D.Helpers.designer,qml,LIKELY_REQUIRED,PySide6 wheel tree SHA-256 match,,UNKNOWN
Release/External_Test/2026-07-30_audio-validation-fix/Qonic_Audio_v5.0_internal_test/_internal/PySide6/qml/QtQuick3D/Helpers/designer/images/debugview.png,428A2C3169C87D11675A5239F68CE4E5377A107259495F0422676D9760058E07,257,qml:QtQuick3D.Helpers.designer,qml,LIKELY_REQUIRED,PySide6 wheel tree SHA-256 match,,UNKNOWN
Release/External_Test/2026-07-30_audio-validation-fix/Qonic_Audio_v5.0_internal_test/_internal/PySide6/qml/QtQuick3D/Helpers/designer/images/debugview16.png,FEA33CE882AD92BE805C2628CE4BC4B4C74A2DAF7E8043F32B6534B502AAC026,224,qml:QtQuick3D.Helpers.designer,qml,LIKELY_REQUIRED,PySide6 wheel tree SHA-256 match,,UNKNOWN
Release/External_Test/2026-07-30_audio-validation-fix/Qonic_Audio_v5.0_internal_test/_internal/PySide6/qml/QtQuick3D/Helpers/designer/images/debugview@2x.png,866516C9597671B6EAE708BB95BF199F394BAFA5D5F2AC8BC98C5AEBF7B9FAE3,391,qml:QtQuick3D.Helpers.designer,qml,LIKELY_REQUIRED,PySide6 wheel tree SHA-256 match,,UNKNOWN
Release/External_Test/2026-07-30_audio-validation-fix/Qonic_Audio_v5.0_internal_test/_internal/PySide6/qml/QtQuick3D/Helpers/designer/images/dummy.png,FBC370C541A931E22EEBA5157B47F30FC60C7E29580B9B4904703B6E17910BF3,375,qml:QtQuick3D.Helpers.designer,qml,LIKELY_REQUIRED,PySide6 wheel tree SHA-256 match,,UNKNOWN
Release/External_Test/2026-07-30_audio-validation-fix/Qonic_Audio_v5.0_internal_test/_internal/PySide6/qml/QtQuick3D/Helpers/designer/images/dummy16.png,20367ABDB3621F0BBBE473DC2C16708318303C600356DD3A53C9465C8A694E22,253,qml:QtQuick3D.Helpers.designer,qml,LIKELY_REQUIRED,PySide6 wheel tree SHA-256 match,,UNKNOWN
Release/External_Test/2026-07-30_audio-validation-fix/Qonic_Audio_v5.0_internal_test/_internal/PySide6/qml/QtQuick3D/Helpers/designer/images/dummy@2x.png,AC0CED9846290510F32FFB115D29E5329442FEC01B6527A863EBF541CA8C8ED5,499,qml:QtQuick3D.Helpers.designer,qml,LIKELY_REQUIRED,PySide6 wheel tree SHA-256 match,,UNKNOWN
Release/External_Test/2026-07-30_audio-validation-fix/Qonic_Audio_v5.0_internal_test/_internal/PySide6/qml/QtQuick3D/Helpers/designer/images/extendedsceneenvironment.png,6DCF0BF81EAB2FA624D5A2BB8A5EF11E33CBFB9E37448424A377E145F7E21F73,821,qml:QtQuick3D.Helpers.designer,qml,LIKELY_REQUIRED,PySide6 wheel tree SHA-256 match,,UNKNOWN
Release/External_Test/2026-07-30_audio-validation-fix/Qonic_Audio_v5.0_internal_test/_internal/PySide6/qml/QtQuick3D/Helpers/designer/images/extendedsceneenvironment16.png,8B5F433FB8A6DE9DCEECEFA7CB274A61EB5FB0751BD06F6EC9B7EE9F6302EEF8,673,qml:QtQuick3D.Helpers.designer,qml,LIKELY_REQUIRED,PySide6 wheel tree SHA-256 match,,UNKNOWN
Release/External_Test/2026-07-30_audio-validation-fix/Qonic_Audio_v5.0_internal_test/_internal/PySide6/qml/QtQuick3D/Helpers/designer/images/extendedsceneenvironment@2x.png,1629F2634F3A83713B2E589CED5F2263DB8936D0124C87F4700D9E018D53D165,1138,qml:QtQuick3D.Helpers.designer,qml,LIKELY_REQUIRED,PySide6 wheel tree SHA-256 match,,UNKNOWN
Release/External_Test/2026-07-30_audio-validation-fix/Qonic_Audio_v5.0_internal_test/_internal/PySide6/qml/QtQuick3D/Helpers/designer/images/gridgeometry.png,F91584E9FE68349BE717D4388866AC779381BD1FF02123EA7F71ABFD77EA8D64,550,qml:QtQuick3D.Helpers.designer,qml,LIKELY_REQUIRED,PySide6 wheel tree SHA-256 match,,UNKNOWN
Release/External_Test/2026-07-30_audio-validation-fix/Qonic_Audio_v5.0_internal_test/_internal/PySide6/qml/QtQuick3D/Helpers/designer/images/gridgeometry16.png,15646D68D59FFCF7C8441AB10314CC5688D2AF7650F45EDA5A1D2D6EB0A0B17C,373,qml:QtQuick3D.Helpers.designer,qml,LIKELY_REQUIRED,PySide6 wheel tree SHA-256 match,,UNKNOWN
Release/External_Test/2026-07-30_audio-validation-fix/Qonic_Audio_v5.0_internal_test/_internal/PySide6/qml/QtQuick3D/Helpers/designer/images/gridgeometry@2x.png,D1AB734F939F0FB56F46F185298608F030E53CAB655A8836487266D97834AE79,1115,qml:QtQuick3D.Helpers.designer,qml,LIKELY_REQUIRED,PySide6 wheel tree SHA-256 match,,UNKNOWN
Release/External_Test/2026-07-30_audio-validation-fix/Qonic_Audio_v5.0_internal_test/_internal/PySide6/qml/QtQuick3D/Helpers/designer/images/heightfieldgeometry.png,D6F86AFFB82DE047DB3D313ED68C0845A3E970DD05F7A89602072EA523E00793,3197,qml:QtQuick3D.Helpers.designer,qml,LIKELY_REQUIRED,PySide6 wheel tree SHA-256 match,,UNKNOWN
Release/External_Test/2026-07-30_audio-validation-fix/Qonic_Audio_v5.0_internal_test/_internal/PySide6/qml/QtQuick3D/Helpers/designer/images/heightfieldgeometry16.png,909FA25685F38D4FE38EA92F5E8DBD97946406182BA3103E216937C3A4603C5D,3032,qml:QtQuick3D.Helpers.designer,qml,LIKELY_REQUIRED,PySide6 wheel tree SHA-256 match,,UNKNOWN
Release/External_Test/2026-07-30_audio-validation-fix/Qonic_Audio_v5.0_internal_test/_internal/PySide6/qml/QtQuick3D/Helpers/designer/images/heightfieldgeometry@2x.png,702ADBC09401EAB8F7599AE287E1BE9814C92CC10F60330A569FE02EAB612E01,3745,qml:QtQuick3D.Helpers.designer,qml,LIKELY_REQUIRED,PySide6 wheel tree SHA-256 match,,UNKNOWN
Release/External_Test/2026-07-30_audio-validation-fix/Qonic_Audio_v5.0_internal_test/_internal/PySide6/qml/QtQuick3D/Helpers/designer/images/infinitegrid.png,A691D92E68E77286ADA1D417E15402EBDA0654B3CBBA7B5AD735604458E28AF1,1152,qml:QtQuick3D.Helpers.designer,qml,LIKELY_REQUIRED,PySide6 wheel tree SHA-256 match,,UNKNOWN
Release/External_Test/2026-07-30_audio-validation-fix/Qonic_Audio_v5.0_internal_test/_internal/PySide6/qml/QtQuick3D/Helpers/designer/images/infinitegrid16.png,508EDC03522177ECF1EF5ACE5DF754E7F9C70D4A3FDCBC215CD8A1BD387544C3,890,qml:QtQuick3D.Helpers.designer,qml,LIKELY_REQUIRED,PySide6 wheel tree SHA-256 match,,UNKNOWN
Release/External_Test/2026-07-30_audio-validation-fix/Qonic_Audio_v5.0_internal_test/_internal/PySide6/qml/QtQuick3D/Helpers/designer/images/infinitegrid@2x.png,4C505E53C4FEBEC98894A395C90301B98376CD311D68211E1B65568D917D4AA8,2103,qml:QtQuick3D.Helpers.designer,qml,LIKELY_REQUIRED,PySide6 wheel tree SHA-256 match,,UNKNOWN
Release/External_Test/2026-07-30_audio-validation-fix/Qonic_Audio_v5.0_internal_test/_internal/PySide6/qml/QtQuick3D/Helpers/designer/images/instancemodel.png,64046065657D87E6B976191DA26B241776891A4DFF63BB197CFD68CCF69C2CF7,693,qml:QtQuick3D.Helpers.designer,qml,LIKELY_REQUIRED,PySide6 wheel tree SHA-256 match,,UNKNOWN
Release/External_Test/2026-07-30_audio-validation-fix/Qonic_Audio_v5.0_internal_test/_internal/PySide6/qml/QtQuick3D/Helpers/designer/images/instancemodel16.png,8FC38250549D12D48558BB5540004C19DFB272E20876E71A5B4022CD3F6EF345,317,qml:QtQuick3D.Helpers.designer,qml,LIKELY_REQUIRED,PySide6 wheel tree SHA-256 match,,UNKNOWN
Release/External_Test/2026-07-30_audio-validation-fix/Qonic_Audio_v5.0_internal_test/_internal/PySide6/qml/QtQuick3D/Helpers/designer/images/instancemodel@2x.png,BCAC8C5117C0A13C89DC115CA0E99F9B342C5CA75D1EA2AA68F2BEADA797EC84,1218,qml:QtQuick3D.Helpers.designer,qml,LIKELY_REQUIRED,PySide6 wheel tree SHA-256 match,,UNKNOWN
Release/External_Test/2026-07-30_audio-validation-fix/Qonic_Audio_v5.0_internal_test/_internal/PySide6/qml/QtQuick3D/Helpers/designer/images/instancerepeater.png,90A2E4BE5DD0AF449BF6423BF529FCD3EA531B00FAF7C650E33418BA77237B9A,805,qml:QtQuick3D.Helpers.designer,qml,LIKELY_REQUIRED,PySide6 wheel tree SHA-256 match,,UNKNOWN
Release/External_Test/2026-07-30_audio-validation-fix/Qonic_Audio_v5.0_internal_test/_internal/PySide6/qml/QtQuick3D/Helpers/designer/images/instancerepeater16.png,A38A0F4B44A56CA48C9EBDDBD3AE4CEFC146043A40EBF1940D82522C93CA5095,315,qml:QtQuick3D.Helpers.designer,qml,LIKELY_REQUIRED,PySide6 wheel tree SHA-256 match,,UNKNOWN
Release/External_Test/2026-07-30_audio-validation-fix/Qonic_Audio_v5.0_internal_test/_internal/PySide6/qml/QtQuick3D/Helpers/designer/images/instancerepeater@2x.png,487F30B676C2039AB7E8AF616FBB9DFCD40A72D047B067D03A68E57382AA5867,1618,qml:QtQuick3D.Helpers.designer,qml,LIKELY_REQUIRED,PySide6 wheel tree SHA-256 match,,UNKNOWN
Release/External_Test/2026-07-30_audio-validation-fix/Qonic_Audio_v5.0_internal_test/_internal/PySide6/qml/QtQuick3D/Helpers/designer/images/lodmanager.png,BCBF051E83A4A8E4FBAB9F0052C498CF5F7E6951CB3810AF79EB77687C0FA8EB,1023,qml:QtQuick3D.Helpers.designer,qml,LIKELY_REQUIRED,PySide6 wheel tree SHA-256 match,,UNKNOWN
Release/External_Test/2026-07-30_audio-validation-fix/Qonic_Audio_v5.0_internal_test/_internal/PySide6/qml/QtQuick3D/Helpers/designer/images/lodmanager16.png,C13190439F7D987000D72A70A7FF616B5462896050FAA06619617866269036D9,811,qml:QtQuick3D.Helpers.designer,qml,LIKELY_REQUIRED,PySide6 wheel tree SHA-256 match,,UNKNOWN
Release/External_Test/2026-07-30_audio-validation-fix/Qonic_Audio_v5.0_internal_test/_internal/PySide6/qml/QtQuick3D/Helpers/designer/images/lodmanager@2x.png,03FEE875400B4EA6795983859DCC64A506601AD00AC1F130F4F988FCBBCF19FF,1594,qml:QtQuick3D.Helpers.designer,qml,LIKELY_REQUIRED,PySide6 wheel tree SHA-256 match,,UNKNOWN
Release/External_Test/2026-07-30_audio-validation-fix/Qonic_Audio_v5.0_internal_test/_internal/PySide6/qml/QtQuick3D/Helpers/designer/images/lookatnode.png,A6B1E91F3C377771E67D79875E46E9593A9BE05A3627738CAD2053DA1E8FE899,399,qml:QtQuick3D.Helpers.designer,qml,LIKELY_REQUIRED,PySide6 wheel tree SHA-256 match,,UNKNOWN
Release/External_Test/2026-07-30_audio-validation-fix/Qonic_Audio_v5.0_internal_test/_internal/PySide6/qml/QtQuick3D/Helpers/designer/images/lookatnode16.png,48BB2D3B0F0AC0A638C125FF4D1BB5D24FA57DEF288966BEA2D9CC1B8F2CF767,241,qml:QtQuick3D.Helpers.designer,qml,LIKELY_REQUIRED,PySide6 wheel tree SHA-256 match,,UNKNOWN
Release/External_Test/2026-07-30_audio-validation-fix/Qonic_Audio_v5.0_internal_test/_internal/PySide6/qml/QtQuick3D/Helpers/designer/images/lookatnode@2x.png,F7A38EF6D29C543671459EFE608A2D02AF6A1DD0225767305866AEF14287ACA3,838,qml:QtQuick3D.Helpers.designer,qml,LIKELY_REQUIRED,PySide6 wheel tree SHA-256 match,,UNKNOWN
Release/External_Test/2026-07-30_audio-validation-fix/Qonic_Audio_v5.0_internal_test/_internal/PySide6/qml/QtQuick3D/Helpers/designer/images/orbitcameracontroller.png,49776022B535EB06DA2BA58643BCEB9A494946AFE49A913FABC2C8F864C1CC51,953,qml:QtQuick3D.Helpers.designer,qml,LIKELY_REQUIRED,PySide6 wheel tree SHA-256 match,,UNKNOWN
Release/External_Test/2026-07-30_audio-validation-fix/Qonic_Audio_v5.0_internal_test/_internal/PySide6/qml/QtQuick3D/Helpers/designer/images/orbitcameracontroller16.png,5AA9DF64C2475A0E51B36494F13C57493720D9C3A458BBBA77C90742025882DA,752,qml:QtQuick3D.Helpers.designer,qml,LIKELY_REQUIRED,PySide6 wheel tree SHA-256 match,,UNKNOWN
Release/External_Test/2026-07-30_audio-validation-fix/Qonic_Audio_v5.0_internal_test/_internal/PySide6/qml/QtQuick3D/Helpers/designer/images/orbitcameracontroller@2x.png,235E8212F708EF15A0C5C8C91C8651E25C9DB04BA19EA464E41F940470FACC6B,1442,qml:QtQuick3D.Helpers.designer,qml,LIKELY_REQUIRED,PySide6 wheel tree SHA-256 match,,UNKNOWN
Release/External_Test/2026-07-30_audio-validation-fix/Qonic_Audio_v5.0_internal_test/_internal/PySide6/qml/QtQuick3D/Helpers/designer/images/proceduralskytexturedata.png,C9F226296E32F846EF7832AC3AC8C8E7EEFA77240DA63FF82A6FA016ADFEFC25,792,qml:QtQuick3D.Helpers.designer,qml,LIKELY_REQUIRED,PySide6 wheel tree SHA-256 match,,UNKNOWN
Release/External_Test/2026-07-30_audio-validation-fix/Qonic_Audio_v5.0_internal_test/_internal/PySide6/qml/QtQuick3D/Helpers/designer/images/proceduralskytexturedata16.png,B5EDF99FDE72EA779CEFFB5BCE4830D1E7850D589B54366BC26E83601B3B8399,740,qml:QtQuick3D.Helpers.designer,qml,LIKELY_REQUIRED,PySide6 wheel tree SHA-256 match,,UNKNOWN
Release/External_Test/2026-07-30_audio-validation-fix/Qonic_Audio_v5.0_internal_test/_internal/PySide6/qml/QtQuick3D/Helpers/designer/images/proceduralskytexturedata@2x.png,7242D61314A2774689C6B52577A249D1693596E4CB69B34728B391C7BFACB8CA,1062,qml:QtQuick3D.Helpers.designer,qml,LIKELY_REQUIRED,PySide6 wheel tree SHA-256 match,,UNKNOWN
Release/External_Test/2026-07-30_audio-validation-fix/Qonic_Audio_v5.0_internal_test/_internal/PySide6/qml/QtQuick3D/Helpers/designer/images/wasdcontroller.png,6EF3348532A260152CD049645EFE3CA951CF02986F7C26F8E384B2D6A8738ACB,241,qml:QtQuick3D.Helpers.designer,qml,LIKELY_REQUIRED,PySide6 wheel tree SHA-256 match,,UNKNOWN
Release/External_Test/2026-07-30_audio-validation-fix/Qonic_Audio_v5.0_internal_test/_internal/PySide6/qml/QtQuick3D/Helpers/designer/images/wasdcontroller16.png,00EB041BE39034B5306CB12C67A7722F40D3CCC51CB5F72196B8CCD7C9378605,202,qml:QtQuick3D.Helpers.designer,qml,LIKELY_REQUIRED,PySide6 wheel tree SHA-256 match,,UNKNOWN
Release/External_Test/2026-07-30_audio-validation-fix/Qonic_Audio_v5.0_internal_test/_internal/PySide6/qml/QtQuick3D/Helpers/designer/images/wasdcontroller@2x.png,410090257293B3B6F7133908A1C5968424F44D156A6EA46B62C67F562388B3DB,334,qml:QtQuick3D.Helpers.designer,qml,LIKELY_REQUIRED,PySide6 wheel tree SHA-256 match,,UNKNOWN
Release/External_Test/2026-07-30_audio-validation-fix/Qonic_Audio_v5.0_internal_test/_internal/PySide6/qml/QtQuick3D/Helpers/designer/InfiniteGridSection.qml,49E6CA2997523393F4C1CA0E74B37DA9512DD562ACF1337AF8576511D6F7E35E,2007,qml:QtQuick3D.Helpers.designer,qml,LIKELY_REQUIRED,PySide6 wheel tree SHA-256 match,,UNKNOWN
Release/External_Test/2026-07-30_audio-validation-fix/Qonic_Audio_v5.0_internal_test/_internal/PySide6/qml/QtQuick3D/Helpers/designer/InfiniteGridSpecifics.qml,B428D63C0072242B49AD7B936930C4EF01FFD9D34C801AC9369B68DF10E589F0,296,qml:QtQuick3D.Helpers.designer,qml,LIKELY_REQUIRED,PySide6 wheel tree SHA-256 match,,UNKNOWN
Release/External_Test/2026-07-30_audio-validation-fix/Qonic_Audio_v5.0_internal_test/_internal/PySide6/qml/QtQuick3D/Helpers/designer/InstanceModelSection.qml,F6A199B12843979648D7C4F1D4F1F3C35BB79F947E8F59BD7666C62B6D23A178,886,qml:QtQuick3D.Helpers.designer,qml,LIKELY_REQUIRED,PySide6 wheel tree SHA-256 match,,UNKNOWN
Release/External_Test/2026-07-30_audio-validation-fix/Qonic_Audio_v5.0_internal_test/_internal/PySide6/qml/QtQuick3D/Helpers/designer/InstanceModelSpecifics.qml,99CD98B9B8D326D8891AA6939C1688218AD9F2A99C3B3F45D21AD6EC32BFD527,297,qml:QtQuick3D.Helpers.designer,qml,LIKELY_REQUIRED,PySide6 wheel tree SHA-256 match,,UNKNOWN
Release/External_Test/2026-07-30_audio-validation-fix/Qonic_Audio_v5.0_internal_test/_internal/PySide6/qml/QtQuick3D/Helpers/designer/InstanceRepeaterSection.qml,4905A3155CE385ACD78FB57D2AB4146F08389AF36BBDCAD1C03078AD11764E7D,886,qml:QtQuick3D.Helpers.designer,qml,LIKELY_REQUIRED,PySide6 wheel tree SHA-256 match,,UNKNOWN
Release/External_Test/2026-07-30_audio-validation-fix/Qonic_Audio_v5.0_internal_test/_internal/PySide6/qml/QtQuick3D/Helpers/designer/InstanceRepeaterSpecifics.qml,F22B42B26DCB4877425E66EE8A22EF9BD2BD17727A9FA188359B8CADC85D512D,420,qml:QtQuick3D.Helpers.designer,qml,LIKELY_REQUIRED,PySide6 wheel tree SHA-256 match,,UNKNOWN
Release/External_Test/2026-07-30_audio-validation-fix/Qonic_Audio_v5.0_internal_test/_internal/PySide6/qml/QtQuick3D/Helpers/designer/LodManagerSection.qml,773B0655D01DA9531AC0B8E16C3BCB79787055FD862565D99FAB633B51EEC5AE,2744,qml:QtQuick3D.Helpers.designer,qml,LIKELY_REQUIRED,PySide6 wheel tree SHA-256 match,,UNKNOWN
Release/External_Test/2026-07-30_audio-validation-fix/Qonic_Audio_v5.0_internal_test/_internal/PySide6/qml/QtQuick3D/Helpers/designer/LodManagerSpecifics.qml,E4F8CA8927834180C47F987B7B31656EE848B95DBF4428BC97EC469A05F72860,351,qml:QtQuick3D.Helpers.designer,qml,LIKELY_REQUIRED,PySide6 wheel tree SHA-256 match,,UNKNOWN
Release/External_Test/2026-07-30_audio-validation-fix/Qonic_Audio_v5.0_internal_test/_internal/PySide6/qml/QtQuick3D/Helpers/designer/LookAtNodeSection.qml,BB796EF1EBC3B4579738F2E5080F9ACAF5213E11AB8E7EC8F4F99831A509C525,964,qml:QtQuick3D.Helpers.designer,qml,LIKELY_REQUIRED,PySide6 wheel tree SHA-256 match,,UNKNOWN
Release/External_Test/2026-07-30_audio-validation-fix/Qonic_Audio_v5.0_internal_test/_internal/PySide6/qml/QtQuick3D/Helpers/designer/LookAtNodeSpecifics.qml,B4FA9BB02A9653F07D6D769C062974C348D4963B369EBF114CF181F82E86BAF0,351,qml:QtQuick3D.Helpers.designer,qml,LIKELY_REQUIRED,PySide6 wheel tree SHA-256 match,,UNKNOWN
Release/External_Test/2026-07-30_audio-validation-fix/Qonic_Audio_v5.0_internal_test/_internal/PySide6/qml/QtQuick3D/Helpers/designer/NodeSection.qml,4F7635A15EA0041E49823D84A1F778B7E93FF1D8A4E42C67A668658E68FE59BC,12259,qml:QtQuick3D.Helpers.designer,qml,LIKELY_REQUIRED,PySide6 wheel tree SHA-256 match,,UNKNOWN
Release/External_Test/2026-07-30_audio-validation-fix/Qonic_Audio_v5.0_internal_test/_internal/PySide6/qml/QtQuick3D/Helpers/designer/OrbitCameraControllerSection.qml,980B7F41F8FF589B60BAAC9D3F307452546440C5CDABE4BB6AF628486DE9C964,5617,qml:QtQuick3D.Helpers.designer,qml,LIKELY_REQUIRED,PySide6 wheel tree SHA-256 match,,UNKNOWN
Release/External_Test/2026-07-30_audio-validation-fix/Qonic_Audio_v5.0_internal_test/_internal/PySide6/qml/QtQuick3D/Helpers/designer/OrbitCameraControllerSpecifics.qml,6463EB1B93F6E16AED4F4E301D8E524E0BE323888723B4B9E635A12F7BE04038,305,qml:QtQuick3D.Helpers.designer,qml,LIKELY_REQUIRED,PySide6 wheel tree SHA-256 match,,UNKNOWN
Release/External_Test/2026-07-30_audio-validation-fix/Qonic_Audio_v5.0_internal_test/_internal/PySide6/qml/QtQuick3D/Helpers/designer/ProceduralSkyTextureDataSection.qml,B7301D898F4935A46F3C81B8C94666EC84DD87816435D9DE68B858EE369A1476,10466,qml:QtQuick3D.Helpers.designer,qml,LIKELY_REQUIRED,PySide6 wheel tree SHA-256 match,,UNKNOWN
Release/External_Test/2026-07-30_audio-validation-fix/Qonic_Audio_v5.0_internal_test/_internal/PySide6/qml/QtQuick3D/Helpers/designer/ProceduralSkyTextureDataSpecifics.qml,0C26AA0D62EE861132CD1D211998908AD2DB713C8D68E400A43F305C9CC48FAB,308,qml:QtQuick3D.Helpers.designer,qml,LIKELY_REQUIRED,PySide6 wheel tree SHA-256 match,,UNKNOWN
Release/External_Test/2026-07-30_audio-validation-fix/Qonic_Audio_v5.0_internal_test/_internal/PySide6/qml/QtQuick3D/Helpers/designer/Repeater3DSection.qml,FBA7D619970E6B498F1679EA4BD5D95089AA974BB22EFE881CF70D8468DB4767,1581,qml:QtQuick3D.Helpers.designer,qml,LIKELY_REQUIRED,PySide6 wheel tree SHA-256 match,,UNKNOWN
Release/External_Test/2026-07-30_audio-validation-fix/Qonic_Audio_v5.0_internal_test/_internal/PySide6/qml/QtQuick3D/Helpers/designer/WasdControllerSection.qml,8B34F83A99EB21E8507A2ECAE61E6436C1C1E11C8B4A6AD56FF0B7E07C6361D6,10245,qml:QtQuick3D.Helpers.designer,qml,LIKELY_REQUIRED,PySide6 wheel tree SHA-256 match,,UNKNOWN
Release/External_Test/2026-07-30_audio-validation-fix/Qonic_Audio_v5.0_internal_test/_internal/PySide6/qml/QtQuick3D/Helpers/designer/WasdControllerSpecifics.qml,3299DAC249EFB6746A998D2EF5258E72C780254A994F4B2B1F63450BB8D8E4C3,298,qml:QtQuick3D.Helpers.designer,qml,LIKELY_REQUIRED,PySide6 wheel tree SHA-256 match,,UNKNOWN
Release/External_Test/2026-07-30_audio-validation-fix/Qonic_Audio_v5.0_internal_test/_internal/PySide6/qml/QtQuick3D/Helpers/ExtendedSceneEnvironment.qml,5942A95D0B3200B4DC769FE3F02F0B2699A72DBC3A4076414446B2305C0BED19,5105,qml:QtQuick3D.Helpers,qml,LIKELY_REQUIRED,PySide6 wheel tree SHA-256 match,,UNKNOWN
Release/External_Test/2026-07-30_audio-validation-fix/Qonic_Audio_v5.0_internal_test/_internal/PySide6/qml/QtQuick3D/Helpers/impl/DepthOfFieldBlur.qml,B6B0E904148BF061802312B9321D32BEA528CE40E040B987E0D31FC2221CE2F1,1836,qml:QtQuick3D.Helpers.impl,qml,LIKELY_REQUIRED,PySide6 wheel tree SHA-256 match,,UNKNOWN
Release/External_Test/2026-07-30_audio-validation-fix/Qonic_Audio_v5.0_internal_test/_internal/PySide6/qml/QtQuick3D/Helpers/impl/plugins.qmltypes,131B167F8B7DC2B57924AF622B9ECC84F0A8B146B7ABB9DEAAEA3CD58DF972F2,6424,qml:QtQuick3D.Helpers.impl,qml,LIKELY_REQUIRED,PySide6 wheel tree SHA-256 match,,UNKNOWN
Release/External_Test/2026-07-30_audio-validation-fix/Qonic_Audio_v5.0_internal_test/_internal/PySide6/qml/QtQuick3D/Helpers/impl/qmldir,6276457238BF56004C6EEF26EE4F87657F1D210A13BF8DD532974BAF165AF5F8,411,qml:QtQuick3D.Helpers.impl,qml,LIKELY_REQUIRED,PySide6 wheel tree SHA-256 match,,UNKNOWN
Release/External_Test/2026-07-30_audio-validation-fix/Qonic_Audio_v5.0_internal_test/_internal/PySide6/qml/QtQuick3D/Helpers/impl/qtquick3dhelpersimplplugin.dll,75A6754BEDBFE6681C7D612B6996C50F7E52C2BF31C443ADF6C04C5548099092,30520,qml:QtQuick3D.Helpers.impl,qml,LIKELY_REQUIRED,PySide6 wheel tree SHA-256 match,,UNKNOWN
Release/External_Test/2026-07-30_audio-validation-fix/Qonic_Audio_v5.0_internal_test/_internal/PySide6/qml/QtQuick3D/Helpers/impl/SceneEffect.qml,31538B88D09E263221489C277C138A53B7C30B0A203B38DE80CE402B584AF1A2,20589,qml:QtQuick3D.Helpers.impl,qml,LIKELY_REQUIRED,PySide6 wheel tree SHA-256 match,,UNKNOWN
Release/External_Test/2026-07-30_audio-validation-fix/Qonic_Audio_v5.0_internal_test/_internal/PySide6/qml/QtQuick3D/Helpers/impl/SsgiEffect.qml,E405F70CDEBB7207B8A0C5319C257F3A581FE2A545169361E3B3B380E7B763DE,4618,qml:QtQuick3D.Helpers.impl,qml,LIKELY_REQUIRED,PySide6 wheel tree SHA-256 match,,UNKNOWN
Release/External_Test/2026-07-30_audio-validation-fix/Qonic_Audio_v5.0_internal_test/_internal/PySide6/qml/QtQuick3D/Helpers/impl/SsrEffect.qml,01692D79CFB36C2293A7CBC3C20633A510E05C8A4AC188F08FA7A685E45397D9,2046,qml:QtQuick3D.Helpers.impl,qml,LIKELY_REQUIRED,PySide6 wheel tree SHA-256 match,,UNKNOWN
Release/External_Test/2026-07-30_audio-validation-fix/Qonic_Audio_v5.0_internal_test/_internal/PySide6/qml/QtQuick3D/Helpers/LodManager.qml,81ECD82A1B503BE94633C31C7B79A119A872695EAEACC3628B9DD34302B51F47,2701,qml:QtQuick3D.Helpers,qml,LIKELY_REQUIRED,PySide6 wheel tree SHA-256 match,,UNKNOWN
Release/External_Test/2026-07-30_audio-validation-fix/Qonic_Audio_v5.0_internal_test/_internal/PySide6/qml/QtQuick3D/Helpers/meshes/axisGrid.mesh,B5A6BB5880C2863A7F28890EFCBA82D4B0606409AB68C44631B2212E98989A31,128684,qml:QtQuick3D.Helpers.meshes,qml,LIKELY_REQUIRED,PySide6 wheel tree SHA-256 match,,UNKNOWN
Release/External_Test/2026-07-30_audio-validation-fix/Qonic_Audio_v5.0_internal_test/_internal/PySide6/qml/QtQuick3D/Helpers/OrbitCameraController.qml,B2192507A78AF7E8A61B3F498AC06C135E0491B41AF565562D00E9CB2BB496AF,7658,qml:QtQuick3D.Helpers,qml,LIKELY_REQUIRED,PySide6 wheel tree SHA-256 match,,UNKNOWN
Release/External_Test/2026-07-30_audio-validation-fix/Qonic_Audio_v5.0_internal_test/_internal/PySide6/qml/QtQuick3D/Helpers/plugins.qmltypes,4BA9C6CEC43CDE12D9A939035670CE9A0CB607DD2811690484EB01952A09A2E7,56769,qml:QtQuick3D.Helpers,qml,LIKELY_REQUIRED,PySide6 wheel tree SHA-256 match,,UNKNOWN
Release/External_Test/2026-07-30_audio-validation-fix/Qonic_Audio_v5.0_internal_test/_internal/PySide6/qml/QtQuick3D/Helpers/qmldir,8DE02E3C446A9B4113DBDA13C05C3155E7B3500713BCD94F0C478CE0B256FB8E,802,qml:QtQuick3D.Helpers,qml,LIKELY_REQUIRED,PySide6 wheel tree SHA-256 match,,UNKNOWN
Release/External_Test/2026-07-30_audio-validation-fix/Qonic_Audio_v5.0_internal_test/_internal/PySide6/qml/QtQuick3D/Helpers/qtquick3dhelpersplugin.dll,CBFCBB76564E316B395A0AD37BBD5B53399F81FDCDEEF328AD86A1E7629056C1,30520,qml:QtQuick3D.Helpers,qml,LIKELY_REQUIRED,PySide6 wheel tree SHA-256 match,,UNKNOWN
Release/External_Test/2026-07-30_audio-validation-fix/Qonic_Audio_v5.0_internal_test/_internal/PySide6/qml/QtQuick3D/Helpers/WasdController.qml,38E7CC796C72F3CB51B594D4607D03D376578982AA4A55450D7A4B4F36A63346,8479,qml:QtQuick3D.Helpers,qml,LIKELY_REQUIRED,PySide6 wheel tree SHA-256 match,,UNKNOWN
Release/External_Test/2026-07-30_audio-validation-fix/Qonic_Audio_v5.0_internal_test/_internal/PySide6/qml/QtQuick3D/LightmapperOutputWindow.qml,BF3A35D39CB1DBA48734E9084E4DCEFB0D6C8595E7EEBD9B5AA8F4C0EC5821A2,3337,qml:QtQuick3D,qml,LIKELY_REQUIRED,PySide6 wheel tree SHA-256 match,,UNKNOWN
Release/External_Test/2026-07-30_audio-validation-fix/Qonic_Audio_v5.0_internal_test/_internal/PySide6/qml/QtQuick3D/lightmapviewer/ArcballController.qml,CD39CAFBD6F5A01036F97164F6D4F343E1C40B315DE24B7970B0B1649EFB7781,2006,qml:QtQuick3D.lightmapviewer,qml,LIKELY_REQUIRED,PySide6 wheel tree SHA-256 match,,UNKNOWN
Release/External_Test/2026-07-30_audio-validation-fix/Qonic_Audio_v5.0_internal_test/_internal/PySide6/qml/QtQuick3D/lightmapviewer/ImageViewer.qml,7F7F353A93A28E9E551998668A13E4DDA63CAE25485E9A20A28096848F6C6D6A,4399,qml:QtQuick3D.lightmapviewer,qml,LIKELY_REQUIRED,PySide6 wheel tree SHA-256 match,,UNKNOWN
Release/External_Test/2026-07-30_audio-validation-fix/Qonic_Audio_v5.0_internal_test/_internal/PySide6/qml/QtQuick3D/lightmapviewer/LightmapViewer.qml,6F19431D295B51F987018637AA640FFA6BB9455AFB18F529727FF458F3A30990,10697,qml:QtQuick3D.lightmapviewer,qml,LIKELY_REQUIRED,PySide6 wheel tree SHA-256 match,,UNKNOWN
Release/External_Test/2026-07-30_audio-validation-fix/Qonic_Audio_v5.0_internal_test/_internal/PySide6/qml/QtQuick3D/lightmapviewer/lightmapviewer.qmltypes,1E86382AEAD8E49C5A163CC05F284B3F887A48B7705A8B1B2CC09D15676B92BA,1389,qml:QtQuick3D.lightmapviewer,qml,LIKELY_REQUIRED,PySide6 wheel tree SHA-256 match,,UNKNOWN
Release/External_Test/2026-07-30_audio-validation-fix/Qonic_Audio_v5.0_internal_test/_internal/PySide6/qml/QtQuick3D/lightmapviewer/MeshViewer.qml,049E01406A631D096FA45BA3675736031BF4A99B0218E00D115BBEE67CD5D4AE,12102,qml:QtQuick3D.lightmapviewer,qml,LIKELY_REQUIRED,PySide6 wheel tree SHA-256 match,,UNKNOWN
Release/External_Test/2026-07-30_audio-validation-fix/Qonic_Audio_v5.0_internal_test/_internal/PySide6/qml/QtQuick3D/lightmapviewer/OriginGizmo.qml,E4EDE4D090AE80CBF4626A7D243593A4E45972E055C3667C97F38DC6006E0E87,15050,qml:QtQuick3D.lightmapviewer,qml,LIKELY_REQUIRED,PySide6 wheel tree SHA-256 match,,UNKNOWN
Release/External_Test/2026-07-30_audio-validation-fix/Qonic_Audio_v5.0_internal_test/_internal/PySide6/qml/QtQuick3D/lightmapviewer/qmldir,AB5A1E35802D31B191208E8F0550EF39AE847A666D096C634448129E8639DD42,389,qml:QtQuick3D.lightmapviewer,qml,LIKELY_REQUIRED,PySide6 wheel tree SHA-256 match,,UNKNOWN
Release/External_Test/2026-07-30_audio-validation-fix/Qonic_Audio_v5.0_internal_test/_internal/PySide6/qml/QtQuick3D/lightmapviewer/SceneMetadataView.qml,0A7F99763700721D34961AF13633A638F31C9CF72AEF6753DA7F2B1F1CF58175,2740,qml:QtQuick3D.lightmapviewer,qml,LIKELY_REQUIRED,PySide6 wheel tree SHA-256 match,,UNKNOWN
Release/External_Test/2026-07-30_audio-validation-fix/Qonic_Audio_v5.0_internal_test/_internal/PySide6/qml/QtQuick3D/MaterialEditor/AboutDialog.qml,096ECC5FFB8C204DAC401B4E386E0FAB98F6790FAC4569D69C025917C4E2321D,800,qml:QtQuick3D.MaterialEditor,qml,LIKELY_REQUIRED,PySide6 wheel tree SHA-256 match,,UNKNOWN
Release/External_Test/2026-07-30_audio-validation-fix/Qonic_Audio_v5.0_internal_test/_internal/PySide6/qml/QtQuick3D/MaterialEditor/EditorView.qml,64D42E11EF86F7EE4DB0EB22B3A73565C85B3DA9F08D77B12DA0563753FDBC65,5057,qml:QtQuick3D.MaterialEditor,qml,LIKELY_REQUIRED,PySide6 wheel tree SHA-256 match,,UNKNOWN
Release/External_Test/2026-07-30_audio-validation-fix/Qonic_Audio_v5.0_internal_test/_internal/PySide6/qml/QtQuick3D/MaterialEditor/FrostedGlass.qml,1AE09DEAFF378633E1673AD89B7B32CC0279B6B04E9312C33A217E702727003C,1479,qml:QtQuick3D.MaterialEditor,qml,LIKELY_REQUIRED,PySide6 wheel tree SHA-256 match,,UNKNOWN
Release/External_Test/2026-07-30_audio-validation-fix/Qonic_Audio_v5.0_internal_test/_internal/PySide6/qml/QtQuick3D/MaterialEditor/InstancingPropertiesPane.qml,1B3167A965222C2D1C9C7E54F77308106F2809331060B958114ED6688A1E05EA,3789,qml:QtQuick3D.MaterialEditor,qml,LIKELY_REQUIRED,PySide6 wheel tree SHA-256 match,,UNKNOWN
Release/External_Test/2026-07-30_audio-validation-fix/Qonic_Audio_v5.0_internal_test/_internal/PySide6/qml/QtQuick3D/MaterialEditor/main.qml,10D19DDB1D9C8DB4E5F2AEDD40A152DC3CB69BAE22235B1210B1B01FC8D52162,10668,qml:QtQuick3D.MaterialEditor,qml,LIKELY_REQUIRED,PySide6 wheel tree SHA-256 match,,UNKNOWN
Release/External_Test/2026-07-30_audio-validation-fix/Qonic_Audio_v5.0_internal_test/_internal/PySide6/qml/QtQuick3D/MaterialEditor/MaterialPropertiesPane.qml,E7E436FD59227C34B5CDEA003B4B8499244952CE344272088FA1E49236D73C08,7068,qml:QtQuick3D.MaterialEditor,qml,LIKELY_REQUIRED,PySide6 wheel tree SHA-256 match,,UNKNOWN
Release/External_Test/2026-07-30_audio-validation-fix/Qonic_Audio_v5.0_internal_test/_internal/PySide6/qml/QtQuick3D/MaterialEditor/plugins.qmltypes,DCBB48C4193F926B996AA5ECAF9C30C2264AF0BA1D79A194471467ED3FE76729,10904,qml:QtQuick3D.MaterialEditor,qml,LIKELY_REQUIRED,PySide6 wheel tree SHA-256 match,,UNKNOWN
Release/External_Test/2026-07-30_audio-validation-fix/Qonic_Audio_v5.0_internal_test/_internal/PySide6/qml/QtQuick3D/MaterialEditor/Preview.qml,30C4206F37084F2FE83ED475368372EF2BC18CAC116AF83670F24605344C93EE,3187,qml:QtQuick3D.MaterialEditor,qml,LIKELY_REQUIRED,PySide6 wheel tree SHA-256 match,,UNKNOWN
Release/External_Test/2026-07-30_audio-validation-fix/Qonic_Audio_v5.0_internal_test/_internal/PySide6/qml/QtQuick3D/MaterialEditor/PreviewControls.qml,55B27A1DF2C3B4FA4588E8BBEAF09C54DE24957ABEB86201F79CA0444AC5FC5C,3743,qml:QtQuick3D.MaterialEditor,qml,LIKELY_REQUIRED,PySide6 wheel tree SHA-256 match,,UNKNOWN
Release/External_Test/2026-07-30_audio-validation-fix/Qonic_Audio_v5.0_internal_test/_internal/PySide6/qml/QtQuick3D/MaterialEditor/qmldir,76237D9C84E211E7EACD277923869D1D1B452FCDAEBF7537F25A89D6C58AD004,562,qml:QtQuick3D.MaterialEditor,qml,LIKELY_REQUIRED,PySide6 wheel tree SHA-256 match,,UNKNOWN
Release/External_Test/2026-07-30_audio-validation-fix/Qonic_Audio_v5.0_internal_test/_internal/PySide6/qml/QtQuick3D/MaterialEditor/SaveChangesDialog.qml,7EF46AF0E0E1BC9BEB266037588996375F97E4D4879337CD3071591A0F0C4232,3711,qml:QtQuick3D.MaterialEditor,qml,LIKELY_REQUIRED,PySide6 wheel tree SHA-256 match,,UNKNOWN
Release/External_Test/2026-07-30_audio-validation-fix/Qonic_Audio_v5.0_internal_test/_internal/PySide6/qml/QtQuick3D/MaterialEditor/ShaderEditor.qml,A98C6A446119E627A096A33897FDC965C57F501B8C155D2FB0438DDD0C852073,3066,qml:QtQuick3D.MaterialEditor,qml,LIKELY_REQUIRED,PySide6 wheel tree SHA-256 match,,UNKNOWN
Release/External_Test/2026-07-30_audio-validation-fix/Qonic_Audio_v5.0_internal_test/_internal/PySide6/qml/QtQuick3D/MaterialEditor/UniformManagerPane.qml,E1BEE00BD397A5C8E1C8A0C4C17CA901638B6E8E65423FF617D9FB9720C2CF09,44662,qml:QtQuick3D.MaterialEditor,qml,LIKELY_REQUIRED,PySide6 wheel tree SHA-256 match,,UNKNOWN
Release/External_Test/2026-07-30_audio-validation-fix/Qonic_Audio_v5.0_internal_test/_internal/PySide6/qml/QtQuick3D/ParticleEffects/designer/images/color_table.png,0C1933B4282FACD74F9186B725060C3050FE49E30A347E9DCF45A98E0F4A0E5D,14173,qml:QtQuick3D.ParticleEffects.designer,qml,LIKELY_REQUIRED,PySide6 wheel tree SHA-256 match,,UNKNOWN
Release/External_Test/2026-07-30_audio-validation-fix/Qonic_Audio_v5.0_internal_test/_internal/PySide6/qml/QtQuick3D/ParticleEffects/designer/images/color_table2.png,2BB1915E668D39B2A44CD948B31D6678548592BAE31B0D1EBA673C7BAB0A8764,4469,qml:QtQuick3D.ParticleEffects.designer,qml,LIKELY_REQUIRED,PySide6 wheel tree SHA-256 match,,UNKNOWN
Release/External_Test/2026-07-30_audio-validation-fix/Qonic_Audio_v5.0_internal_test/_internal/PySide6/qml/QtQuick3D/ParticleEffects/designer/images/droplet.png,96C04FE1FBF292E0AB5E9E4833B440984B5B6CDEE99D4F14E557A5C36C2DB261,6951,qml:QtQuick3D.ParticleEffects.designer,qml,LIKELY_REQUIRED,PySide6 wheel tree SHA-256 match,,UNKNOWN
Release/External_Test/2026-07-30_audio-validation-fix/Qonic_Audio_v5.0_internal_test/_internal/PySide6/qml/QtQuick3D/ParticleEffects/designer/images/dummy.png,FBC370C541A931E22EEBA5157B47F30FC60C7E29580B9B4904703B6E17910BF3,375,qml:QtQuick3D.ParticleEffects.designer,qml,LIKELY_REQUIRED,PySide6 wheel tree SHA-256 match,,UNKNOWN
Release/External_Test/2026-07-30_audio-validation-fix/Qonic_Audio_v5.0_internal_test/_internal/PySide6/qml/QtQuick3D/ParticleEffects/designer/images/dummy16.png,20367ABDB3621F0BBBE473DC2C16708318303C600356DD3A53C9465C8A694E22,253,qml:QtQuick3D.ParticleEffects.designer,qml,LIKELY_REQUIRED,PySide6 wheel tree SHA-256 match,,UNKNOWN
Release/External_Test/2026-07-30_audio-validation-fix/Qonic_Audio_v5.0_internal_test/_internal/PySide6/qml/QtQuick3D/ParticleEffects/designer/images/dummy@2x.png,AC0CED9846290510F32FFB115D29E5329442FEC01B6527A863EBF541CA8C8ED5,499,qml:QtQuick3D.ParticleEffects.designer,qml,LIKELY_REQUIRED,PySide6 wheel tree SHA-256 match,,UNKNOWN
Release/External_Test/2026-07-30_audio-validation-fix/Qonic_Audio_v5.0_internal_test/_internal/PySide6/qml/QtQuick3D/ParticleEffects/designer/images/rain.png,11E6A26B6402DAAA10E5F5FA8E8BE4C1E545F12CDE8CCD833E251B6C0BC86C1A,2138,qml:QtQuick3D.ParticleEffects.designer,qml,LIKELY_REQUIRED,PySide6 wheel tree SHA-256 match,,UNKNOWN
Release/External_Test/2026-07-30_audio-validation-fix/Qonic_Audio_v5.0_internal_test/_internal/PySide6/qml/QtQuick3D/ParticleEffects/designer/images/ripple.png,3463794A44B0823ABD0E625B1C74E9444D60C312D8972C08EB607E6A1B48E53C,7438,qml:QtQuick3D.ParticleEffects.designer,qml,LIKELY_REQUIRED,PySide6 wheel tree SHA-256 match,,UNKNOWN
Release/External_Test/2026-07-30_audio-validation-fix/Qonic_Audio_v5.0_internal_test/_internal/PySide6/qml/QtQuick3D/ParticleEffects/designer/images/smoke2.png,50CE09D2DBF58B46987D53A01D5628AE542C060EC29D00D1DA934AE4D2C1AF1C,15475,qml:QtQuick3D.ParticleEffects.designer,qml,LIKELY_REQUIRED,PySide6 wheel tree SHA-256 match,,UNKNOWN
Release/External_Test/2026-07-30_audio-validation-fix/Qonic_Audio_v5.0_internal_test/_internal/PySide6/qml/QtQuick3D/ParticleEffects/designer/images/smoke_sprite.png,04207E7B342F32D285995A61D19FB07F91F1C79F46C603CE72219146C4DEB3E2,62006,qml:QtQuick3D.ParticleEffects.designer,qml,LIKELY_REQUIRED,PySide6 wheel tree SHA-256 match,,UNKNOWN
Release/External_Test/2026-07-30_audio-validation-fix/Qonic_Audio_v5.0_internal_test/_internal/PySide6/qml/QtQuick3D/ParticleEffects/designer/images/smoke_sprite2.png,32A5237115D8FD20ED17CF05DEADC622B634EA1C7FEA0BB1396730256AEC839F,29414,qml:QtQuick3D.ParticleEffects.designer,qml,LIKELY_REQUIRED,PySide6 wheel tree SHA-256 match,,UNKNOWN
Release/External_Test/2026-07-30_audio-validation-fix/Qonic_Audio_v5.0_internal_test/_internal/PySide6/qml/QtQuick3D/ParticleEffects/designer/images/snowflake.png,53F22E1BA849ED42FFB90005DA639B86F07A0A246A096DC2FD858F7458B756C4,37226,qml:QtQuick3D.ParticleEffects.designer,qml,LIKELY_REQUIRED,PySide6 wheel tree SHA-256 match,,UNKNOWN
Release/External_Test/2026-07-30_audio-validation-fix/Qonic_Audio_v5.0_internal_test/_internal/PySide6/qml/QtQuick3D/ParticleEffects/designer/images/sphere.png,75D099FD3C6D5E6E07B39408A4F8158D00F0B73FC3B6E3302818642719211731,1604,qml:QtQuick3D.ParticleEffects.designer,qml,LIKELY_REQUIRED,PySide6 wheel tree SHA-256 match,,UNKNOWN
Release/External_Test/2026-07-30_audio-validation-fix/Qonic_Audio_v5.0_internal_test/_internal/PySide6/qml/QtQuick3D/ParticleEffects/designer/images/splash7.png,7321B5FF375B0B6F19BAE3231C09192F91C8FAF145151718CE07A3FEAA28AFEE,46580,qml:QtQuick3D.ParticleEffects.designer,qml,LIKELY_REQUIRED,PySide6 wheel tree SHA-256 match,,UNKNOWN
Release/External_Test/2026-07-30_audio-validation-fix/Qonic_Audio_v5.0_internal_test/_internal/PySide6/qml/QtQuick3D/ParticleEffects/designer/particleeffects.metainfo,26FC6EE26A0BACC84A0C20B45A8836CA4CA4A16067EEC73A6969A825FC899D02,8061,qml:QtQuick3D.ParticleEffects.designer,qml,LIKELY_REQUIRED,PySide6 wheel tree SHA-256 match,,UNKNOWN
Release/External_Test/2026-07-30_audio-validation-fix/Qonic_Audio_v5.0_internal_test/_internal/PySide6/qml/QtQuick3D/ParticleEffects/designer/source/particleeffect_clouds.qml,FCCA097D5EA7E5F00C816FFB829CCA8A19BB09C79C9D9285EB8C8E25DBC35028,3382,qml:QtQuick3D.ParticleEffects.designer,qml,LIKELY_REQUIRED,PySide6 wheel tree SHA-256 match,,UNKNOWN
Release/External_Test/2026-07-30_audio-validation-fix/Qonic_Audio_v5.0_internal_test/_internal/PySide6/qml/QtQuick3D/ParticleEffects/designer/source/particleeffect_dust.qml,C9E35BB7CCE6754DFDF2F693E0031A5FB7AEBEAF0BCD3D7FDD8BEB9ACDB155E2,1634,qml:QtQuick3D.ParticleEffects.designer,qml,LIKELY_REQUIRED,PySide6 wheel tree SHA-256 match,,UNKNOWN
Release/External_Test/2026-07-30_audio-validation-fix/Qonic_Audio_v5.0_internal_test/_internal/PySide6/qml/QtQuick3D/ParticleEffects/designer/source/particleeffect_exhaust.qml,15FD08E56F1D1023B2C438757EAD8787C45624C6840B2F1173E89FFF6FFF226B,2099,qml:QtQuick3D.ParticleEffects.designer,qml,LIKELY_REQUIRED,PySide6 wheel tree SHA-256 match,,UNKNOWN
Release/External_Test/2026-07-30_audio-validation-fix/Qonic_Audio_v5.0_internal_test/_internal/PySide6/qml/QtQuick3D/ParticleEffects/designer/source/particleeffect_fire.qml,14678993462D366DA9F71FD37E66DD149A8B2FCDB021B2FE7EA71B4FE3D674C6,3664,qml:QtQuick3D.ParticleEffects.designer,qml,LIKELY_REQUIRED,PySide6 wheel tree SHA-256 match,,UNKNOWN
Release/External_Test/2026-07-30_audio-validation-fix/Qonic_Audio_v5.0_internal_test/_internal/PySide6/qml/QtQuick3D/ParticleEffects/designer/source/particleeffect_heavyrain.qml,058CFB2C2857646F2F973FDEAEFC04EAE1C317D77EDE460335F55CE37E7177B7,5499,qml:QtQuick3D.ParticleEffects.designer,qml,LIKELY_REQUIRED,PySide6 wheel tree SHA-256 match,,UNKNOWN
Release/External_Test/2026-07-30_audio-validation-fix/Qonic_Audio_v5.0_internal_test/_internal/PySide6/qml/QtQuick3D/ParticleEffects/designer/source/particleeffect_heavyrain_tirespray.qml,9B183EFA476A84E93E15E81EB0ECDC098C803B5EB1D77D1BF87C9452A9C766D5,6069,qml:QtQuick3D.ParticleEffects.designer,qml,LIKELY_REQUIRED,PySide6 wheel tree SHA-256 match,,UNKNOWN
Release/External_Test/2026-07-30_audio-validation-fix/Qonic_Audio_v5.0_internal_test/_internal/PySide6/qml/QtQuick3D/ParticleEffects/designer/source/particleeffect_lightrain.qml,A2B6D90192C477B1B3911100DAAA3C1E8188179D13694D62187385610AD3F16F,2953,qml:QtQuick3D.ParticleEffects.designer,qml,LIKELY_REQUIRED,PySide6 wheel tree SHA-256 match,,UNKNOWN
Release/External_Test/2026-07-30_audio-validation-fix/Qonic_Audio_v5.0_internal_test/_internal/PySide6/qml/QtQuick3D/ParticleEffects/designer/source/particleeffect_lightrain_tirespray.qml,DB20D3F8DC202AFE0B70679D79989D2372D74BAA373B498DDC3519FFFF861659,3708,qml:QtQuick3D.ParticleEffects.designer,qml,LIKELY_REQUIRED,PySide6 wheel tree SHA-256 match,,UNKNOWN
Release/External_Test/2026-07-30_audio-validation-fix/Qonic_Audio_v5.0_internal_test/_internal/PySide6/qml/QtQuick3D/ParticleEffects/designer/source/particleeffect_rainmist.qml,8F6A297E1E36267C17B193A8BECE20D76AE376DEB6E8E20BB3B4DA91E17C3A6C,1973,qml:QtQuick3D.ParticleEffects.designer,qml,LIKELY_REQUIRED,PySide6 wheel tree SHA-256 match,,UNKNOWN
Release/External_Test/2026-07-30_audio-validation-fix/Qonic_Audio_v5.0_internal_test/_internal/PySide6/qml/QtQuick3D/ParticleEffects/designer/source/particleeffect_snow.qml,9C308D0A9D17D29DD36A9BA3CC91428E595CDD19E8EF49BEC438FEDD95D4012C,1516,qml:QtQuick3D.ParticleEffects.designer,qml,LIKELY_REQUIRED,PySide6 wheel tree SHA-256 match,,UNKNOWN
Release/External_Test/2026-07-30_audio-validation-fix/Qonic_Audio_v5.0_internal_test/_internal/PySide6/qml/QtQuick3D/ParticleEffects/designer/source/particleeffect_steam.qml,D96FB726D093D62FBC925A1F37197249FAB0719EAC3A55494E7043FDA6B808FA,1908,qml:QtQuick3D.ParticleEffects.designer,qml,LIKELY_REQUIRED,PySide6 wheel tree SHA-256 match,,UNKNOWN
Release/External_Test/2026-07-30_audio-validation-fix/Qonic_Audio_v5.0_internal_test/_internal/PySide6/qml/QtQuick3D/ParticleEffects/qmldir,4A809CC4B30EEF9507A0F869AEF0472CB91BA6243929D2F3A034594FBD75A4F1,372,qml:QtQuick3D.ParticleEffects,qml,LIKELY_REQUIRED,PySide6 wheel tree SHA-256 match,,UNKNOWN
Release/External_Test/2026-07-30_audio-validation-fix/Qonic_Audio_v5.0_internal_test/_internal/PySide6/qml/QtQuick3D/ParticleEffects/qtquick3dparticleeffectsplugin.dll,38DB1FC8051555CC19664201A7B2DB98FF2E88A2D8CF8E25A0E096660635C3F7,30520,qml:QtQuick3D.ParticleEffects,qml,LIKELY_REQUIRED,PySide6 wheel tree SHA-256 match,,UNKNOWN
Release/External_Test/2026-07-30_audio-validation-fix/Qonic_Audio_v5.0_internal_test/_internal/PySide6/qml/QtQuick3D/ParticleEffects/Quick3DParticleEffects.qmltypes,A96C7BF5832767BDC9D91E2290A3920AEC3ABFBF2E3814BCE38B49483F16F84A,215,qml:QtQuick3D.ParticleEffects,qml,LIKELY_REQUIRED,PySide6 wheel tree SHA-256 match,,UNKNOWN
Release/External_Test/2026-07-30_audio-validation-fix/Qonic_Audio_v5.0_internal_test/_internal/PySide6/qml/QtQuick3D/Particles3D/designer/Affector3DSection.qml,9D51EBB2E93853E12C64F01DC41982D31E59CEE871ADA62F519D73F951B33CF7,2520,qml:QtQuick3D.Particles3D.designer,qml,LIKELY_REQUIRED,PySide6 wheel tree SHA-256 match,,UNKNOWN
Release/External_Test/2026-07-30_audio-validation-fix/Qonic_Audio_v5.0_internal_test/_internal/PySide6/qml/QtQuick3D/Particles3D/designer/Affector3DSpecifics.qml,D6E95A6864AAEBED653B19A52B43CB5346006239F285317D88F86654E9C94F62,351,qml:QtQuick3D.Particles3D.designer,qml,LIKELY_REQUIRED,PySide6 wheel tree SHA-256 match,,UNKNOWN
Release/External_Test/2026-07-30_audio-validation-fix/Qonic_Audio_v5.0_internal_test/_internal/PySide6/qml/QtQuick3D/Particles3D/designer/Attractor3DSection.qml,43490416A039AFEF11CCC9EDF156542F09887AC150D173123D33F2B74A57317B,6023,qml:QtQuick3D.Particles3D.designer,qml,LIKELY_REQUIRED,PySide6 wheel tree SHA-256 match,,UNKNOWN
Release/External_Test/2026-07-30_audio-validation-fix/Qonic_Audio_v5.0_internal_test/_internal/PySide6/qml/QtQuick3D/Particles3D/designer/Attractor3DSpecifics.qml,053B5A83602FA7C5E02AB800A20035AA99DA515C0CB411350C763D027E3A62C1,415,qml:QtQuick3D.Particles3D.designer,qml,LIKELY_REQUIRED,PySide6 wheel tree SHA-256 match,,UNKNOWN
Release/External_Test/2026-07-30_audio-validation-fix/Qonic_Audio_v5.0_internal_test/_internal/PySide6/qml/QtQuick3D/Particles3D/designer/DynamicBurst3DSection.qml,BB768F75464517329EB167BA864DD8370F8CC578428AAAA35D7C96C1C87DB480,2164,qml:QtQuick3D.Particles3D.designer,qml,LIKELY_REQUIRED,PySide6 wheel tree SHA-256 match,,UNKNOWN
Release/External_Test/2026-07-30_audio-validation-fix/Qonic_Audio_v5.0_internal_test/_internal/PySide6/qml/QtQuick3D/Particles3D/designer/DynamicBurst3DSpecifics.qml,F416A8F992F05D619E52E21F09722EE62638030DF699E99ED4AB503A2F32CFEE,362,qml:QtQuick3D.Particles3D.designer,qml,LIKELY_REQUIRED,PySide6 wheel tree SHA-256 match,,UNKNOWN
Release/External_Test/2026-07-30_audio-validation-fix/Qonic_Audio_v5.0_internal_test/_internal/PySide6/qml/QtQuick3D/Particles3D/designer/EmitBurst3DSection.qml,622E8388B7F4BFAF271288B40A065E6AA6CFB09812F7552CCA4301BCA969247D,2038,qml:QtQuick3D.Particles3D.designer,qml,LIKELY_REQUIRED,PySide6 wheel tree SHA-256 match,,UNKNOWN
Release/External_Test/2026-07-30_audio-validation-fix/Qonic_Audio_v5.0_internal_test/_internal/PySide6/qml/QtQuick3D/Particles3D/designer/EmitBurst3DSpecifics.qml,9D12F827BB5E515D50DBA9E6E635404072356E7C9010CEFE99CEA03294B2B988,295,qml:QtQuick3D.Particles3D.designer,qml,LIKELY_REQUIRED,PySide6 wheel tree SHA-256 match,,UNKNOWN
Release/External_Test/2026-07-30_audio-validation-fix/Qonic_Audio_v5.0_internal_test/_internal/PySide6/qml/QtQuick3D/Particles3D/designer/Gravity3DSection.qml,1523D282318EFBC2738CC9DD881B2AF0DB06CB021CABD80DFE3908A9CF3ED538,3048,qml:QtQuick3D.Particles3D.designer,qml,LIKELY_REQUIRED,PySide6 wheel tree SHA-256 match,,UNKNOWN
Release/External_Test/2026-07-30_audio-validation-fix/Qonic_Audio_v5.0_internal_test/_internal/PySide6/qml/QtQuick3D/Particles3D/designer/Gravity3DSpecifics.qml,E02B221E96CE77FDD54E008C68B23E9FFEA254220EE1884D7DCF572EB67B62D4,356,qml:QtQuick3D.Particles3D.designer,qml,LIKELY_REQUIRED,PySide6 wheel tree SHA-256 match,,UNKNOWN
Release/External_Test/2026-07-30_audio-validation-fix/Qonic_Audio_v5.0_internal_test/_internal/PySide6/qml/QtQuick3D/Particles3D/designer/images/attractor-16px.png,650E8C5CC5D18F1F11EF3B54705294FCA2F24AF8E02862DF75BCF8CE8E31396D,288,qml:QtQuick3D.Particles3D.designer,qml,LIKELY_REQUIRED,PySide6 wheel tree SHA-256 match,,UNKNOWN
Release/External_Test/2026-07-30_audio-validation-fix/Qonic_Audio_v5.0_internal_test/_internal/PySide6/qml/QtQuick3D/Particles3D/designer/images/attractor-24px.png,250A2DBE1C533BF16EA9E48930434DE2C13D3CFF3287BAF0C1338D2574852E65,371,qml:QtQuick3D.Particles3D.designer,qml,LIKELY_REQUIRED,PySide6 wheel tree SHA-256 match,,UNKNOWN
Release/External_Test/2026-07-30_audio-validation-fix/Qonic_Audio_v5.0_internal_test/_internal/PySide6/qml/QtQuick3D/Particles3D/designer/images/attractor-24px@2x.png,BC86E717730D778F2FEE3202FD774156E357D7111F60C47A80673BF684DACF17,586,qml:QtQuick3D.Particles3D.designer,qml,LIKELY_REQUIRED,PySide6 wheel tree SHA-256 match,,UNKNOWN
Release/External_Test/2026-07-30_audio-validation-fix/Qonic_Audio_v5.0_internal_test/_internal/PySide6/qml/QtQuick3D/Particles3D/designer/images/dummy.png,FBC370C541A931E22EEBA5157B47F30FC60C7E29580B9B4904703B6E17910BF3,375,qml:QtQuick3D.Particles3D.designer,qml,LIKELY_REQUIRED,PySide6 wheel tree SHA-256 match,,UNKNOWN
Release/External_Test/2026-07-30_audio-validation-fix/Qonic_Audio_v5.0_internal_test/_internal/PySide6/qml/QtQuick3D/Particles3D/designer/images/dummy16.png,20367ABDB3621F0BBBE473DC2C16708318303C600356DD3A53C9465C8A694E22,253,qml:QtQuick3D.Particles3D.designer,qml,LIKELY_REQUIRED,PySide6 wheel tree SHA-256 match,,UNKNOWN
Release/External_Test/2026-07-30_audio-validation-fix/Qonic_Audio_v5.0_internal_test/_internal/PySide6/qml/QtQuick3D/Particles3D/designer/images/dummy@2x.png,AC0CED9846290510F32FFB115D29E5329442FEC01B6527A863EBF541CA8C8ED5,499,qml:QtQuick3D.Particles3D.designer,qml,LIKELY_REQUIRED,PySide6 wheel tree SHA-256 match,,UNKNOWN
Release/External_Test/2026-07-30_audio-validation-fix/Qonic_Audio_v5.0_internal_test/_internal/PySide6/qml/QtQuick3D/Particles3D/designer/images/emit-burst-16px.png,C6125902C4A88D5549FD803F7CA738A75CB343D4A9FB129623429D4E7E328383,381,qml:QtQuick3D.Particles3D.designer,qml,LIKELY_REQUIRED,PySide6 wheel tree SHA-256 match,,UNKNOWN
Release/External_Test/2026-07-30_audio-validation-fix/Qonic_Audio_v5.0_internal_test/_internal/PySide6/qml/QtQuick3D/Particles3D/designer/images/emit-burst-24px.png,D82033CCEAED7D0817921638B8ADB713C9D0DCA2D020E2294FB850A8A02378F6,650,qml:QtQuick3D.Particles3D.designer,qml,LIKELY_REQUIRED,PySide6 wheel tree SHA-256 match,,UNKNOWN
Release/External_Test/2026-07-30_audio-validation-fix/Qonic_Audio_v5.0_internal_test/_internal/PySide6/qml/QtQuick3D/Particles3D/designer/images/emit-burst-24px@2x.png,193E33D3617D7E2233FCF7B4D27E0236AE4220F34D688E3D02BE95EDAFD0817F,1529,qml:QtQuick3D.Particles3D.designer,qml,LIKELY_REQUIRED,PySide6 wheel tree SHA-256 match,,UNKNOWN
Release/External_Test/2026-07-30_audio-validation-fix/Qonic_Audio_v5.0_internal_test/_internal/PySide6/qml/QtQuick3D/Particles3D/designer/images/emitter-16px.png,2E97E9C0E7DFB0A01D01098030E972241F7D1B3B87545AFB2BDC73DE207EAB94,318,qml:QtQuick3D.Particles3D.designer,qml,LIKELY_REQUIRED,PySide6 wheel tree SHA-256 match,,UNKNOWN
Release/External_Test/2026-07-30_audio-validation-fix/Qonic_Audio_v5.0_internal_test/_internal/PySide6/qml/QtQuick3D/Particles3D/designer/images/emitter-24px.png,00CDFA3996F7675BA52607E633C78E0F977DC6FBF14C2A4138F30A810DD3A906,675,qml:QtQuick3D.Particles3D.designer,qml,LIKELY_REQUIRED,PySide6 wheel tree SHA-256 match,,UNKNOWN
Release/External_Test/2026-07-30_audio-validation-fix/Qonic_Audio_v5.0_internal_test/_internal/PySide6/qml/QtQuick3D/Particles3D/designer/images/emitter-24px@2x.png,9A87B59C92E0ECD1176CDCCCB4521401E8AA8F7798C92D91A2FC5F3F184EF5BA,1512,qml:QtQuick3D.Particles3D.designer,qml,LIKELY_REQUIRED,PySide6 wheel tree SHA-256 match,,UNKNOWN
Release/External_Test/2026-07-30_audio-validation-fix/Qonic_Audio_v5.0_internal_test/_internal/PySide6/qml/QtQuick3D/Particles3D/designer/images/gravity-16px.png,2608678DEE26BF574645DEDA71D54950C702B3E231572BF18CC4599E3777A1BE,328,qml:QtQuick3D.Particles3D.designer,qml,LIKELY_REQUIRED,PySide6 wheel tree SHA-256 match,,UNKNOWN
Release/External_Test/2026-07-30_audio-validation-fix/Qonic_Audio_v5.0_internal_test/_internal/PySide6/qml/QtQuick3D/Particles3D/designer/images/gravity-24px.png,BCC88BEC4B40B5E505BE11E176BCFDB0249BFD41687AC1D38DD43C5283EF072D,448,qml:QtQuick3D.Particles3D.designer,qml,LIKELY_REQUIRED,PySide6 wheel tree SHA-256 match,,UNKNOWN
Release/External_Test/2026-07-30_audio-validation-fix/Qonic_Audio_v5.0_internal_test/_internal/PySide6/qml/QtQuick3D/Particles3D/designer/images/gravity-24px@2x.png,B3200846584366989DBD4347762ADBE6E0CFBDF6F5FFD20B5F8748978A6289BD,873,qml:QtQuick3D.Particles3D.designer,qml,LIKELY_REQUIRED,PySide6 wheel tree SHA-256 match,,UNKNOWN
Release/External_Test/2026-07-30_audio-validation-fix/Qonic_Audio_v5.0_internal_test/_internal/PySide6/qml/QtQuick3D/Particles3D/designer/images/line-particle-16px.png,614CA672CE33CA8437531C8584016780122EED235EFBAF89184464AED33A8DE9,515,qml:QtQuick3D.Particles3D.designer,qml,LIKELY_REQUIRED,PySide6 wheel tree SHA-256 match,,UNKNOWN
Release/External_Test/2026-07-30_audio-validation-fix/Qonic_Audio_v5.0_internal_test/_internal/PySide6/qml/QtQuick3D/Particles3D/designer/images/line-particle-24px.png,D02651E6ED59CD44837F28F1DA669CF0E51B7A5BEECA969628F917FE41BD744B,923,qml:QtQuick3D.Particles3D.designer,qml,LIKELY_REQUIRED,PySide6 wheel tree SHA-256 match,,UNKNOWN
Release/External_Test/2026-07-30_audio-validation-fix/Qonic_Audio_v5.0_internal_test/_internal/PySide6/qml/QtQuick3D/Particles3D/designer/images/line-particle-24px@2x.png,CECDA26CF6C157F272E3ED130EB33E9EF9924971E786E5390606141433C02ABE,2268,qml:QtQuick3D.Particles3D.designer,qml,LIKELY_REQUIRED,PySide6 wheel tree SHA-256 match,,UNKNOWN
Release/External_Test/2026-07-30_audio-validation-fix/Qonic_Audio_v5.0_internal_test/_internal/PySide6/qml/QtQuick3D/Particles3D/designer/images/model-blend-particle-16px.png,63CB4A6ED6B52A8E01C4F22B7E1C900208D554FEF655BADB2CF16026961AFBB8,384,qml:QtQuick3D.Particles3D.designer,qml,LIKELY_REQUIRED,PySide6 wheel tree SHA-256 match,,UNKNOWN
Release/External_Test/2026-07-30_audio-validation-fix/Qonic_Audio_v5.0_internal_test/_internal/PySide6/qml/QtQuick3D/Particles3D/designer/images/model-blend-particle-24px.png,C34270B55346B008C12EBC2D6B9D6BA98253F2203BE34EA62DB92D63891CE211,515,qml:QtQuick3D.Particles3D.designer,qml,LIKELY_REQUIRED,PySide6 wheel tree SHA-256 match,,UNKNOWN
Release/External_Test/2026-07-30_audio-validation-fix/Qonic_Audio_v5.0_internal_test/_internal/PySide6/qml/QtQuick3D/Particles3D/designer/images/model-blend-particle-24px@2x.png,64B59358CC239A18720606FFE97205AC76D0D87CD252F8E910ADC8D81F031355,1055,qml:QtQuick3D.Particles3D.designer,qml,LIKELY_REQUIRED,PySide6 wheel tree SHA-256 match,,UNKNOWN
Release/External_Test/2026-07-30_audio-validation-fix/Qonic_Audio_v5.0_internal_test/_internal/PySide6/qml/QtQuick3D/Particles3D/designer/images/model-particle-16px.png,1077156323F7F70C29E194E50B0FC36411F839DA2DCD406371A414E33E8FE5E8,448,qml:QtQuick3D.Particles3D.designer,qml,LIKELY_REQUIRED,PySide6 wheel tree SHA-256 match,,UNKNOWN
Release/External_Test/2026-07-30_audio-validation-fix/Qonic_Audio_v5.0_internal_test/_internal/PySide6/qml/QtQuick3D/Particles3D/designer/images/model-particle-24px.png,1FAA89F2D4C7CDB347294F061EBB6F9493857FC92558A33C115881EDE7DA00EE,811,qml:QtQuick3D.Particles3D.designer,qml,LIKELY_REQUIRED,PySide6 wheel tree SHA-256 match,,UNKNOWN
Release/External_Test/2026-07-30_audio-validation-fix/Qonic_Audio_v5.0_internal_test/_internal/PySide6/qml/QtQuick3D/Particles3D/designer/images/model-particle-24px@2x.png,2CF39B14A5D4B43FACF6271053332CA37336457E1736F676E144E3B891665D2C,1725,qml:QtQuick3D.Particles3D.designer,qml,LIKELY_REQUIRED,PySide6 wheel tree SHA-256 match,,UNKNOWN
Release/External_Test/2026-07-30_audio-validation-fix/Qonic_Audio_v5.0_internal_test/_internal/PySide6/qml/QtQuick3D/Particles3D/designer/images/model-shape-16px.png,1380ACB665690876127E3FFB8A485387324A10AD6FF04086B06A4921629F4465,367,qml:QtQuick3D.Particles3D.designer,qml,LIKELY_REQUIRED,PySide6 wheel tree SHA-256 match,,UNKNOWN
Release/External_Test/2026-07-30_audio-validation-fix/Qonic_Audio_v5.0_internal_test/_internal/PySide6/qml/QtQuick3D/Particles3D/designer/images/model-shape-24px.png,19613328D7033573DC1CC39A761C914DAF6C5D26E8F8694C719DE36EC7770546,496,qml:QtQuick3D.Particles3D.designer,qml,LIKELY_REQUIRED,PySide6 wheel tree SHA-256 match,,UNKNOWN
Release/External_Test/2026-07-30_audio-validation-fix/Qonic_Audio_v5.0_internal_test/_internal/PySide6/qml/QtQuick3D/Particles3D/designer/images/model-shape-24px@2x.png,602BE80F9CF9757642EE87F4871EF5C76A6D50DB77256072AE7D52CCBC3B3169,997,qml:QtQuick3D.Particles3D.designer,qml,LIKELY_REQUIRED,PySide6 wheel tree SHA-256 match,,UNKNOWN
Release/External_Test/2026-07-30_audio-validation-fix/Qonic_Audio_v5.0_internal_test/_internal/PySide6/qml/QtQuick3D/Particles3D/designer/images/particle-custom-shape-16px.png,2BBC93E98109E3E7AAC684EDD17397B6EF48FC3A9D159D6DA47798A5A72B7270,364,qml:QtQuick3D.Particles3D.designer,qml,LIKELY_REQUIRED,PySide6 wheel tree SHA-256 match,,UNKNOWN
Release/External_Test/2026-07-30_audio-validation-fix/Qonic_Audio_v5.0_internal_test/_internal/PySide6/qml/QtQuick3D/Particles3D/designer/images/particle-custom-shape-24px.png,0912C9ABB7B9A70BB8314BC3594347845FB477533BC5A9070C30078DD5F2D06A,911,qml:QtQuick3D.Particles3D.designer,qml,LIKELY_REQUIRED,PySide6 wheel tree SHA-256 match,,UNKNOWN
Release/External_Test/2026-07-30_audio-validation-fix/Qonic_Audio_v5.0_internal_test/_internal/PySide6/qml/QtQuick3D/Particles3D/designer/images/particle-custom-shape-24px@2x.png,041E04DDCACA0205E3A75194E82D41FB7A89B79AEBA39352DCCDD8DB3B8EE91B,1850,qml:QtQuick3D.Particles3D.designer,qml,LIKELY_REQUIRED,PySide6 wheel tree SHA-256 match,,UNKNOWN
Release/External_Test/2026-07-30_audio-validation-fix/Qonic_Audio_v5.0_internal_test/_internal/PySide6/qml/QtQuick3D/Particles3D/designer/images/particle-shape-16px.png,1724D9A3BD3B0C25FA61646C79289BD405ED410B35523DDFFE35A203C2EDEBFE,331,qml:QtQuick3D.Particles3D.designer,qml,LIKELY_REQUIRED,PySide6 wheel tree SHA-256 match,,UNKNOWN
Release/External_Test/2026-07-30_audio-validation-fix/Qonic_Audio_v5.0_internal_test/_internal/PySide6/qml/QtQuick3D/Particles3D/designer/images/particle-shape-24px.png,DF7D8B0E00BE5CF4134B496E857D647DF1A62A50C99F3984C7EFCA9320FDD821,719,qml:QtQuick3D.Particles3D.designer,qml,LIKELY_REQUIRED,PySide6 wheel tree SHA-256 match,,UNKNOWN
Release/External_Test/2026-07-30_audio-validation-fix/Qonic_Audio_v5.0_internal_test/_internal/PySide6/qml/QtQuick3D/Particles3D/designer/images/particle-shape-24px@2x.png,661D2E9CCDA9614FB5C9AA22043349CFB359C3B256875D225340CF4449085F79,1475,qml:QtQuick3D.Particles3D.designer,qml,LIKELY_REQUIRED,PySide6 wheel tree SHA-256 match,,UNKNOWN
Release/External_Test/2026-07-30_audio-validation-fix/Qonic_Audio_v5.0_internal_test/_internal/PySide6/qml/QtQuick3D/Particles3D/designer/images/particle-system-16px.png,9703C98B1E53F3838D5B6E9CDDBDC4AC5BE15EE709EB347F3E14A5E858AEF8C9,334,qml:QtQuick3D.Particles3D.designer,qml,LIKELY_REQUIRED,PySide6 wheel tree SHA-256 match,,UNKNOWN
Release/External_Test/2026-07-30_audio-validation-fix/Qonic_Audio_v5.0_internal_test/_internal/PySide6/qml/QtQuick3D/Particles3D/designer/images/particle-system-24px.png,A980C3F637194FF432AC030F7C2454172687A3585BBE12E491F815E1A67C38B4,811,qml:QtQuick3D.Particles3D.designer,qml,LIKELY_REQUIRED,PySide6 wheel tree SHA-256 match,,UNKNOWN
Release/External_Test/2026-07-30_audio-validation-fix/Qonic_Audio_v5.0_internal_test/_internal/PySide6/qml/QtQuick3D/Particles3D/designer/images/particle-system-24px@2x.png,EAE926D52C86E6F040B32FDB80775486CFBDFC57A2BC17E492BDA1BE81CF5A1B,1702,qml:QtQuick3D.Particles3D.designer,qml,LIKELY_REQUIRED,PySide6 wheel tree SHA-256 match,,UNKNOWN
Release/External_Test/2026-07-30_audio-validation-fix/Qonic_Audio_v5.0_internal_test/_internal/PySide6/qml/QtQuick3D/Particles3D/designer/images/point-rotator-16px.png,845B389F401E9DD7FF9A400899ABE3624ED96E1D87F34CE2815CBA8D20430247,421,qml:QtQuick3D.Particles3D.designer,qml,LIKELY_REQUIRED,PySide6 wheel tree SHA-256 match,,UNKNOWN
Release/External_Test/2026-07-30_audio-validation-fix/Qonic_Audio_v5.0_internal_test/_internal/PySide6/qml/QtQuick3D/Particles3D/designer/images/point-rotator-24px.png,38E9BFAEAAD0965CE62954B2455992DECEF16FCAF895BDE3EE05406F27634E00,600,qml:QtQuick3D.Particles3D.designer,qml,LIKELY_REQUIRED,PySide6 wheel tree SHA-256 match,,UNKNOWN
Release/External_Test/2026-07-30_audio-validation-fix/Qonic_Audio_v5.0_internal_test/_internal/PySide6/qml/QtQuick3D/Particles3D/designer/images/point-rotator-24px@2x.png,B0D833CC645CBA7A4F98D37BA71F8F538B9F218A0D9372A2D64EFC26BAACFD1E,1125,qml:QtQuick3D.Particles3D.designer,qml,LIKELY_REQUIRED,PySide6 wheel tree SHA-256 match,,UNKNOWN
Release/External_Test/2026-07-30_audio-validation-fix/Qonic_Audio_v5.0_internal_test/_internal/PySide6/qml/QtQuick3D/Particles3D/designer/images/repeller-16px.png,44BCDC44467B0C957DAC6CC18D084BCC3B24CC62636C8EBE161A1172BB99C294,758,qml:QtQuick3D.Particles3D.designer,qml,LIKELY_REQUIRED,PySide6 wheel tree SHA-256 match,,UNKNOWN
Release/External_Test/2026-07-30_audio-validation-fix/Qonic_Audio_v5.0_internal_test/_internal/PySide6/qml/QtQuick3D/Particles3D/designer/images/repeller-24px.png,C9FB5DC155B0DB054EF79FFE96C25597D8894A535A1B3018209A3558F0831C91,758,qml:QtQuick3D.Particles3D.designer,qml,LIKELY_REQUIRED,PySide6 wheel tree SHA-256 match,,UNKNOWN
Release/External_Test/2026-07-30_audio-validation-fix/Qonic_Audio_v5.0_internal_test/_internal/PySide6/qml/QtQuick3D/Particles3D/designer/images/repeller-24px@2x.png,09AB631442B7C312D6D01708837453C2DE6AEC36ECC2EDA11FBF09A5E5F0ED73,1625,qml:QtQuick3D.Particles3D.designer,qml,LIKELY_REQUIRED,PySide6 wheel tree SHA-256 match,,UNKNOWN
Release/External_Test/2026-07-30_audio-validation-fix/Qonic_Audio_v5.0_internal_test/_internal/PySide6/qml/QtQuick3D/Particles3D/designer/images/scale-affector-16px.png,E55BE95BBF0DC141D6C0CE404AA7B34EA51AA7F86422B8A6C5FC55DB78679F12,795,qml:QtQuick3D.Particles3D.designer,qml,LIKELY_REQUIRED,PySide6 wheel tree SHA-256 match,,UNKNOWN
Release/External_Test/2026-07-30_audio-validation-fix/Qonic_Audio_v5.0_internal_test/_internal/PySide6/qml/QtQuick3D/Particles3D/designer/images/scale-affector-24px.png,2AB5AC609F75627A171FD4EC3EB3AA7A6E176044414851923ED02475AD36401C,795,qml:QtQuick3D.Particles3D.designer,qml,LIKELY_REQUIRED,PySide6 wheel tree SHA-256 match,,UNKNOWN
Release/External_Test/2026-07-30_audio-validation-fix/Qonic_Audio_v5.0_internal_test/_internal/PySide6/qml/QtQuick3D/Particles3D/designer/images/scale-affector-24px@2x.png,5FFD4135E3C870B032AB73917B58B9CC037267289364EC3115B32033DC16ADEA,1658,qml:QtQuick3D.Particles3D.designer,qml,LIKELY_REQUIRED,PySide6 wheel tree SHA-256 match,,UNKNOWN
Release/External_Test/2026-07-30_audio-validation-fix/Qonic_Audio_v5.0_internal_test/_internal/PySide6/qml/QtQuick3D/Particles3D/designer/images/sprite-particle-16px.png,44328A9D75F5CAAD9AAA2B6274848BEB80E1EAD8C90219E3C90E824B93D07D71,393,qml:QtQuick3D.Particles3D.designer,qml,LIKELY_REQUIRED,PySide6 wheel tree SHA-256 match,,UNKNOWN
Release/External_Test/2026-07-30_audio-validation-fix/Qonic_Audio_v5.0_internal_test/_internal/PySide6/qml/QtQuick3D/Particles3D/designer/images/sprite-particle-24px.png,A59629AC5C1F9B60BA1F0F6C9D05CCA686574111D16E2C801435A08ABA773CD5,774,qml:QtQuick3D.Particles3D.designer,qml,LIKELY_REQUIRED,PySide6 wheel tree SHA-256 match,,UNKNOWN
Release/External_Test/2026-07-30_audio-validation-fix/Qonic_Audio_v5.0_internal_test/_internal/PySide6/qml/QtQuick3D/Particles3D/designer/images/sprite-particle-24px@2x.png,7306C2785F21F5FB33B89336CF7BF72C446329FD317F86235D9E64763A373136,1489,qml:QtQuick3D.Particles3D.designer,qml,LIKELY_REQUIRED,PySide6 wheel tree SHA-256 match,,UNKNOWN
Release/External_Test/2026-07-30_audio-validation-fix/Qonic_Audio_v5.0_internal_test/_internal/PySide6/qml/QtQuick3D/Particles3D/designer/images/sprite-sequence-16px.png,E79C2BDB023A10C24F10B2B99867CBB5C3F884B354EA5870994102905A19642D,299,qml:QtQuick3D.Particles3D.designer,qml,LIKELY_REQUIRED,PySide6 wheel tree SHA-256 match,,UNKNOWN
Release/External_Test/2026-07-30_audio-validation-fix/Qonic_Audio_v5.0_internal_test/_internal/PySide6/qml/QtQuick3D/Particles3D/designer/images/sprite-sequence-24px.png,C0B0E4EBAA4AD180BD0A0811C232C56D5CC73C4462BFD6BBD226085DB903F07F,389,qml:QtQuick3D.Particles3D.designer,qml,LIKELY_REQUIRED,PySide6 wheel tree SHA-256 match,,UNKNOWN
Release/External_Test/2026-07-30_audio-validation-fix/Qonic_Audio_v5.0_internal_test/_internal/PySide6/qml/QtQuick3D/Particles3D/designer/images/sprite-sequence-24px@2x.png,F357C40A0E5C9E6BA5AD532EE73E24B4E3C24F3D7A2C1C37CF866CC345CCA2F1,515,qml:QtQuick3D.Particles3D.designer,qml,LIKELY_REQUIRED,PySide6 wheel tree SHA-256 match,,UNKNOWN
Release/External_Test/2026-07-30_audio-validation-fix/Qonic_Audio_v5.0_internal_test/_internal/PySide6/qml/QtQuick3D/Particles3D/designer/images/target-direction-16px.png,9A5131EADCD800C9E8FEBEC554A847B5CA24A007633495BCF633688803615CA9,253,qml:QtQuick3D.Particles3D.designer,qml,LIKELY_REQUIRED,PySide6 wheel tree SHA-256 match,,UNKNOWN
Release/External_Test/2026-07-30_audio-validation-fix/Qonic_Audio_v5.0_internal_test/_internal/PySide6/qml/QtQuick3D/Particles3D/designer/images/target-direction-24px.png,962F3290862D8B213A22D37B1C91C61E13FE646A570FB658DF90FDC9A23B5AA0,436,qml:QtQuick3D.Particles3D.designer,qml,LIKELY_REQUIRED,PySide6 wheel tree SHA-256 match,,UNKNOWN
Release/External_Test/2026-07-30_audio-validation-fix/Qonic_Audio_v5.0_internal_test/_internal/PySide6/qml/QtQuick3D/Particles3D/designer/images/target-direction-24px@2x.png,03B8B9FC08D2FF684E79E8FBADE522253733297E4BFFEB8489A0BA8AF76F3E33,879,qml:QtQuick3D.Particles3D.designer,qml,LIKELY_REQUIRED,PySide6 wheel tree SHA-256 match,,UNKNOWN
Release/External_Test/2026-07-30_audio-validation-fix/Qonic_Audio_v5.0_internal_test/_internal/PySide6/qml/QtQuick3D/Particles3D/designer/images/trail-emitter-16px.png,8DF5956F6E3A744810036D6D3660354E1426CE664956BDE6F47A54BA697A15E1,359,qml:QtQuick3D.Particles3D.designer,qml,LIKELY_REQUIRED,PySide6 wheel tree SHA-256 match,,UNKNOWN
Release/External_Test/2026-07-30_audio-validation-fix/Qonic_Audio_v5.0_internal_test/_internal/PySide6/qml/QtQuick3D/Particles3D/designer/images/trail-emitter-24px.png,980FDC73ECFA830FC4D9384DD35BB3DB6E6836641C6DBCD5E7C8E5E1151E5086,646,qml:QtQuick3D.Particles3D.designer,qml,LIKELY_REQUIRED,PySide6 wheel tree SHA-256 match,,UNKNOWN
Release/External_Test/2026-07-30_audio-validation-fix/Qonic_Audio_v5.0_internal_test/_internal/PySide6/qml/QtQuick3D/Particles3D/designer/images/trail-emitter-24px@2x.png,DB874DEB86B9AC2B90FA708A7EF5915011BDF5ADD0CC1911DE1CF87F9612AAA0,1364,qml:QtQuick3D.Particles3D.designer,qml,LIKELY_REQUIRED,PySide6 wheel tree SHA-256 match,,UNKNOWN
Release/External_Test/2026-07-30_audio-validation-fix/Qonic_Audio_v5.0_internal_test/_internal/PySide6/qml/QtQuick3D/Particles3D/designer/images/vector-direction-16px.png,E10AA6B32B04E72C99EE9D903F72EF581DC1C7D182A4880A15007DB8EBDF9C32,323,qml:QtQuick3D.Particles3D.designer,qml,LIKELY_REQUIRED,PySide6 wheel tree SHA-256 match,,UNKNOWN
Release/External_Test/2026-07-30_audio-validation-fix/Qonic_Audio_v5.0_internal_test/_internal/PySide6/qml/QtQuick3D/Particles3D/designer/images/vector-direction-24px.png,931F7E06B6337AE88B0C8D02513078AD64FE274C6CFF25FD5929F2E918851402,444,qml:QtQuick3D.Particles3D.designer,qml,LIKELY_REQUIRED,PySide6 wheel tree SHA-256 match,,UNKNOWN
Release/External_Test/2026-07-30_audio-validation-fix/Qonic_Audio_v5.0_internal_test/_internal/PySide6/qml/QtQuick3D/Particles3D/designer/images/vector-direction-24px@2x.png,FA6F9E767642F017B8DFDE9E6F935814711829CD6570DFF88AA512394C68808E,694,qml:QtQuick3D.Particles3D.designer,qml,LIKELY_REQUIRED,PySide6 wheel tree SHA-256 match,,UNKNOWN
Release/External_Test/2026-07-30_audio-validation-fix/Qonic_Audio_v5.0_internal_test/_internal/PySide6/qml/QtQuick3D/Particles3D/designer/images/wander-16px.png,40E8D28FB1EC57642106803AC3EF64D544A1E30AAB7A4AEA3AF2D39E2A0855B2,334,qml:QtQuick3D.Particles3D.designer,qml,LIKELY_REQUIRED,PySide6 wheel tree SHA-256 match,,UNKNOWN
Release/External_Test/2026-07-30_audio-validation-fix/Qonic_Audio_v5.0_internal_test/_internal/PySide6/qml/QtQuick3D/Particles3D/designer/images/wander-24px.png,A446903FB14040C5342FAF7F4B36EF8FE5CB5DDD52275E834BBB628706AFFD4F,458,qml:QtQuick3D.Particles3D.designer,qml,LIKELY_REQUIRED,PySide6 wheel tree SHA-256 match,,UNKNOWN
Release/External_Test/2026-07-30_audio-validation-fix/Qonic_Audio_v5.0_internal_test/_internal/PySide6/qml/QtQuick3D/Particles3D/designer/images/wander-24px@2x.png,008B84A8D07D0AEF5E73498942C122DA87037A9D4BA1D241C693D37127D64C35,864,qml:QtQuick3D.Particles3D.designer,qml,LIKELY_REQUIRED,PySide6 wheel tree SHA-256 match,,UNKNOWN
Release/External_Test/2026-07-30_audio-validation-fix/Qonic_Audio_v5.0_internal_test/_internal/PySide6/qml/QtQuick3D/Particles3D/designer/LineParticle3DSection.qml,7059F812577295BEAB87864433108781250FBDCA5E33B0621D69305D037B53B7,5614,qml:QtQuick3D.Particles3D.designer,qml,LIKELY_REQUIRED,PySide6 wheel tree SHA-256 match,,UNKNOWN
Release/External_Test/2026-07-30_audio-validation-fix/Qonic_Audio_v5.0_internal_test/_internal/PySide6/qml/QtQuick3D/Particles3D/designer/LineParticle3DSpecifics.qml,A5E8B964CCBA806546E3E9E82884E1933DC79E7D9E293B914B218A0B42DC491D,430,qml:QtQuick3D.Particles3D.designer,qml,LIKELY_REQUIRED,PySide6 wheel tree SHA-256 match,,UNKNOWN
Release/External_Test/2026-07-30_audio-validation-fix/Qonic_Audio_v5.0_internal_test/_internal/PySide6/qml/QtQuick3D/Particles3D/designer/ModelBlendParticle3DSection.qml,322290479BA5E86E63E436DF639702FE441C5AF5BA9D8C39FDF51D208969870E,3721,qml:QtQuick3D.Particles3D.designer,qml,LIKELY_REQUIRED,PySide6 wheel tree SHA-256 match,,UNKNOWN
Release/External_Test/2026-07-30_audio-validation-fix/Qonic_Audio_v5.0_internal_test/_internal/PySide6/qml/QtQuick3D/Particles3D/designer/ModelBlendParticle3DSpecifics.qml,8EEF170EC4F803B3A28B264BCF7C28ACBE6F4087D2AD1975DACEF7B48032301B,367,qml:QtQuick3D.Particles3D.designer,qml,LIKELY_REQUIRED,PySide6 wheel tree SHA-256 match,,UNKNOWN
Release/External_Test/2026-07-30_audio-validation-fix/Qonic_Audio_v5.0_internal_test/_internal/PySide6/qml/QtQuick3D/Particles3D/designer/ModelParticle3DSection.qml,3BC705D16F6095E9AD4ED6F61EDD9906BB20DC8235A37A6F3A22C297E185F6BC,895,qml:QtQuick3D.Particles3D.designer,qml,LIKELY_REQUIRED,PySide6 wheel tree SHA-256 match,,UNKNOWN
Release/External_Test/2026-07-30_audio-validation-fix/Qonic_Audio_v5.0_internal_test/_internal/PySide6/qml/QtQuick3D/Particles3D/designer/ModelParticle3DSpecifics.qml,037E487910AB33BA42C74141C0D04663CA5CFB3EBC9CC437337BC3FE3AC0924A,362,qml:QtQuick3D.Particles3D.designer,qml,LIKELY_REQUIRED,PySide6 wheel tree SHA-256 match,,UNKNOWN
Release/External_Test/2026-07-30_audio-validation-fix/Qonic_Audio_v5.0_internal_test/_internal/PySide6/qml/QtQuick3D/Particles3D/designer/NodeSection.qml,A047599FCE78ECD91612EFF61D1FE84D35A2C494F3476BF81B555E98974391E6,12256,qml:QtQuick3D.Particles3D.designer,qml,LIKELY_REQUIRED,PySide6 wheel tree SHA-256 match,,UNKNOWN
Release/External_Test/2026-07-30_audio-validation-fix/Qonic_Audio_v5.0_internal_test/_internal/PySide6/qml/QtQuick3D/Particles3D/designer/NodeSpecifics.qml,28B63DBEFE7F97205EA9C6BCD7C5DEF0721155B3CC4FF787BC9AE9DFBFAFB343,288,qml:QtQuick3D.Particles3D.designer,qml,LIKELY_REQUIRED,PySide6 wheel tree SHA-256 match,,UNKNOWN
Release/External_Test/2026-07-30_audio-validation-fix/Qonic_Audio_v5.0_internal_test/_internal/PySide6/qml/QtQuick3D/Particles3D/designer/Particle3DSection.qml,D75251309F7B4C03BB751FE0A59471BB99E931A104CCAA98AE8C8D4EA2EAF2B1,11323,qml:QtQuick3D.Particles3D.designer,qml,LIKELY_REQUIRED,PySide6 wheel tree SHA-256 match,,UNKNOWN
Release/External_Test/2026-07-30_audio-validation-fix/Qonic_Audio_v5.0_internal_test/_internal/PySide6/qml/QtQuick3D/Particles3D/designer/Particle3DSpecifics.qml,2221257321ACF66A568AB68E9F48BE5F713DDD62D6F734F6BA90413228754A05,294,qml:QtQuick3D.Particles3D.designer,qml,LIKELY_REQUIRED,PySide6 wheel tree SHA-256 match,,UNKNOWN
Release/External_Test/2026-07-30_audio-validation-fix/Qonic_Audio_v5.0_internal_test/_internal/PySide6/qml/QtQuick3D/Particles3D/designer/ParticleCustomShape3DSection.qml,5B748C8E090F913BC9934CC1D3D5A8CF22C96211084E110E1608641196624CEA,1329,qml:QtQuick3D.Particles3D.designer,qml,LIKELY_REQUIRED,PySide6 wheel tree SHA-256 match,,UNKNOWN
Release/External_Test/2026-07-30_audio-validation-fix/Qonic_Audio_v5.0_internal_test/_internal/PySide6/qml/QtQuick3D/Particles3D/designer/ParticleCustomShape3DSpecifics.qml,9A3C65AD4A0051A101E1957A56C41633693E2F9F8D92C95F7F5ACBBB49B84CCE,305,qml:QtQuick3D.Particles3D.designer,qml,LIKELY_REQUIRED,PySide6 wheel tree SHA-256 match,,UNKNOWN
Release/External_Test/2026-07-30_audio-validation-fix/Qonic_Audio_v5.0_internal_test/_internal/PySide6/qml/QtQuick3D/Particles3D/designer/ParticleEmitter3DSection.qml,CEE79B32A722B722A3FE7475DEE09DDF14C1E5C4B1F34CC000C5D5A949638E6A,20877,qml:QtQuick3D.Particles3D.designer,qml,LIKELY_REQUIRED,PySide6 wheel tree SHA-256 match,,UNKNOWN
Release/External_Test/2026-07-30_audio-validation-fix/Qonic_Audio_v5.0_internal_test/_internal/PySide6/qml/QtQuick3D/Particles3D/designer/ParticleEmitter3DSpecifics.qml,F9E92F2B37C82C244389A50A0BAF7931DC3666A76D49A9A7B79A464E2F801CC5,358,qml:QtQuick3D.Particles3D.designer,qml,LIKELY_REQUIRED,PySide6 wheel tree SHA-256 match,,UNKNOWN
Release/External_Test/2026-07-30_audio-validation-fix/Qonic_Audio_v5.0_internal_test/_internal/PySide6/qml/QtQuick3D/Particles3D/designer/ParticleModelShape3DSection.qml,D6343A26215271A583691796BACA93D21F0E8AAAE25DE311BFB6BBB08E39C49F,1469,qml:QtQuick3D.Particles3D.designer,qml,LIKELY_REQUIRED,PySide6 wheel tree SHA-256 match,,UNKNOWN
Release/External_Test/2026-07-30_audio-validation-fix/Qonic_Audio_v5.0_internal_test/_internal/PySide6/qml/QtQuick3D/Particles3D/designer/ParticleModelShape3DSpecifics.qml,707649F952BB5E042DEA381C65590DA731A6CB4DE0784091F151B937EEA5DDC7,304,qml:QtQuick3D.Particles3D.designer,qml,LIKELY_REQUIRED,PySide6 wheel tree SHA-256 match,,UNKNOWN
Release/External_Test/2026-07-30_audio-validation-fix/Qonic_Audio_v5.0_internal_test/_internal/PySide6/qml/QtQuick3D/Particles3D/designer/particles3d.metainfo,2E2E9B14CC0FE45EF64ED9AE1F1C53F6ECE49E4910566D1D886E4458D55CF005,17764,qml:QtQuick3D.Particles3D.designer,qml,LIKELY_REQUIRED,PySide6 wheel tree SHA-256 match,,UNKNOWN
Release/External_Test/2026-07-30_audio-validation-fix/Qonic_Audio_v5.0_internal_test/_internal/PySide6/qml/QtQuick3D/Particles3D/designer/ParticleShape3DSection.qml,753E77675D07B04AEF0EC6D5FB383D9F67705A2D39C3D2682AAA6E0E0A8CEDA5,3548,qml:QtQuick3D.Particles3D.designer,qml,LIKELY_REQUIRED,PySide6 wheel tree SHA-256 match,,UNKNOWN
Release/External_Test/2026-07-30_audio-validation-fix/Qonic_Audio_v5.0_internal_test/_internal/PySide6/qml/QtQuick3D/Particles3D/designer/ParticleShape3DSpecifics.qml,4B07819FE8854E5D45607C3571787A39E057B884B1CB62C433C38F7697CC1052,299,qml:QtQuick3D.Particles3D.designer,qml,LIKELY_REQUIRED,PySide6 wheel tree SHA-256 match,,UNKNOWN
Release/External_Test/2026-07-30_audio-validation-fix/Qonic_Audio_v5.0_internal_test/_internal/PySide6/qml/QtQuick3D/Particles3D/designer/ParticleSystem3DSection.qml,1719AE04B8166064292415E66D68F4DBA2CF5A841D3DB22B97D99CFA1C1CE2FC,4313,qml:QtQuick3D.Particles3D.designer,qml,LIKELY_REQUIRED,PySide6 wheel tree SHA-256 match,,UNKNOWN
Release/External_Test/2026-07-30_audio-validation-fix/Qonic_Audio_v5.0_internal_test/_internal/PySide6/qml/QtQuick3D/Particles3D/designer/ParticleSystem3DSpecifics.qml,D5A6B7D60B1B48F633B6DE5543FE519E1DCA3F74500B8209647A095F18CF24AB,357,qml:QtQuick3D.Particles3D.designer,qml,LIKELY_REQUIRED,PySide6 wheel tree SHA-256 match,,UNKNOWN
Release/External_Test/2026-07-30_audio-validation-fix/Qonic_Audio_v5.0_internal_test/_internal/PySide6/qml/QtQuick3D/Particles3D/designer/PointRotator3DSection.qml,9052E91F814FE783A3AB90A3C591ED87A31B223404D016B9C50D4622583B8278,5253,qml:QtQuick3D.Particles3D.designer,qml,LIKELY_REQUIRED,PySide6 wheel tree SHA-256 match,,UNKNOWN
Release/External_Test/2026-07-30_audio-validation-fix/Qonic_Audio_v5.0_internal_test/_internal/PySide6/qml/QtQuick3D/Particles3D/designer/PointRotator3DSpecifics.qml,CD29214CE0EF6FB65E6D4517A2CFBADDCA1AB5EDE51522DA3E98CF2ABCD733D7,361,qml:QtQuick3D.Particles3D.designer,qml,LIKELY_REQUIRED,PySide6 wheel tree SHA-256 match,,UNKNOWN
Release/External_Test/2026-07-30_audio-validation-fix/Qonic_Audio_v5.0_internal_test/_internal/PySide6/qml/QtQuick3D/Particles3D/designer/Repeller3DSection.qml,F62813F6157295601581E73B85A61DADF346AB62F6397D735080632103D0BB77,2012,qml:QtQuick3D.Particles3D.designer,qml,LIKELY_REQUIRED,PySide6 wheel tree SHA-256 match,,UNKNOWN
Release/External_Test/2026-07-30_audio-validation-fix/Qonic_Audio_v5.0_internal_test/_internal/PySide6/qml/QtQuick3D/Particles3D/designer/Repeller3DSpecifics.qml,B54C87AE7733107A326EABC4E1AD127D8332B5CF1B7B21A32B2AB51E2567B3EF,414,qml:QtQuick3D.Particles3D.designer,qml,LIKELY_REQUIRED,PySide6 wheel tree SHA-256 match,,UNKNOWN
Release/External_Test/2026-07-30_audio-validation-fix/Qonic_Audio_v5.0_internal_test/_internal/PySide6/qml/QtQuick3D/Particles3D/designer/ScaleAffector3DSection.qml,D4F6A61111A64945CA12F6BFBC33CE96E2EFF587C5BB97DEA96A7C31E7D9BCAF,3198,qml:QtQuick3D.Particles3D.designer,qml,LIKELY_REQUIRED,PySide6 wheel tree SHA-256 match,,UNKNOWN
Release/External_Test/2026-07-30_audio-validation-fix/Qonic_Audio_v5.0_internal_test/_internal/PySide6/qml/QtQuick3D/Particles3D/designer/ScaleAffector3DSpecifics.qml,D87EFE42ACBA5CCE8AF5BE42FA0E40939A7EEE568B7B7279AA4C9234E450858D,419,qml:QtQuick3D.Particles3D.designer,qml,LIKELY_REQUIRED,PySide6 wheel tree SHA-256 match,,UNKNOWN
Release/External_Test/2026-07-30_audio-validation-fix/Qonic_Audio_v5.0_internal_test/_internal/PySide6/qml/QtQuick3D/Particles3D/designer/source/particlesystem_animatedsprite_template.qml,DD3E7FD7AF684BA285890DC1C12C7BF7D19D8DBCA2B4A52D88164358413C8ECD,993,qml:QtQuick3D.Particles3D.designer,qml,LIKELY_REQUIRED,PySide6 wheel tree SHA-256 match,,UNKNOWN
Release/External_Test/2026-07-30_audio-validation-fix/Qonic_Audio_v5.0_internal_test/_internal/PySide6/qml/QtQuick3D/Particles3D/designer/source/particlesystem_attractor_template.qml,5A16F4BABD7F2B5BE5D32567ADDDA325A30FCD839290240F674D094284C061A3,848,qml:QtQuick3D.Particles3D.designer,qml,LIKELY_REQUIRED,PySide6 wheel tree SHA-256 match,,UNKNOWN
Release/External_Test/2026-07-30_audio-validation-fix/Qonic_Audio_v5.0_internal_test/_internal/PySide6/qml/QtQuick3D/Particles3D/designer/source/particlesystem_burst_template.qml,3A38E6657FF55C29E3AFB4510650C5820983E825473AC2B19EA194CDD807A1CB,828,qml:QtQuick3D.Particles3D.designer,qml,LIKELY_REQUIRED,PySide6 wheel tree SHA-256 match,,UNKNOWN
Release/External_Test/2026-07-30_audio-validation-fix/Qonic_Audio_v5.0_internal_test/_internal/PySide6/qml/QtQuick3D/Particles3D/designer/source/particlesystem_modelblend_template.qml,EFC5B39127BF53C531A627CA1C480092D8B3DBC63D4696EC6D37449735ED1ECB,1184,qml:QtQuick3D.Particles3D.designer,qml,LIKELY_REQUIRED,PySide6 wheel tree SHA-256 match,,UNKNOWN
Release/External_Test/2026-07-30_audio-validation-fix/Qonic_Audio_v5.0_internal_test/_internal/PySide6/qml/QtQuick3D/Particles3D/designer/source/particlesystem_modelshape_template.qml,FFBDAB588CEE56031149F4F41A4214F1DFAE15FEB6E251686CD1DE8156E065CC,1445,qml:QtQuick3D.Particles3D.designer,qml,LIKELY_REQUIRED,PySide6 wheel tree SHA-256 match,,UNKNOWN
Release/External_Test/2026-07-30_audio-validation-fix/Qonic_Audio_v5.0_internal_test/_internal/PySide6/qml/QtQuick3D/Particles3D/designer/source/particlesystem_particletrail_template.qml,0DECA64424B0BB07A694318BEA320900BD292606AE5DDEE21D01CB1FF0215BA8,1208,qml:QtQuick3D.Particles3D.designer,qml,LIKELY_REQUIRED,PySide6 wheel tree SHA-256 match,,UNKNOWN
Release/External_Test/2026-07-30_audio-validation-fix/Qonic_Audio_v5.0_internal_test/_internal/PySide6/qml/QtQuick3D/Particles3D/designer/source/particlesystem_sprite_template.qml,8020D7A9C87E0901C7636AF76DA8436DFD9305861E2F2B3F7A32738C47376234,690,qml:QtQuick3D.Particles3D.designer,qml,LIKELY_REQUIRED,PySide6 wheel tree SHA-256 match,,UNKNOWN
Release/External_Test/2026-07-30_audio-validation-fix/Qonic_Audio_v5.0_internal_test/_internal/PySide6/qml/QtQuick3D/Particles3D/designer/source/particlesystem_template.qml,04607FD1EC3F3DEC6C9EE531D139FC172DEFCCC950661F69BE48AF9CEECC090C,1044,qml:QtQuick3D.Particles3D.designer,qml,LIKELY_REQUIRED,PySide6 wheel tree SHA-256 match,,UNKNOWN
Release/External_Test/2026-07-30_audio-validation-fix/Qonic_Audio_v5.0_internal_test/_internal/PySide6/qml/QtQuick3D/Particles3D/designer/source/particlesystem_wander_template.qml,0E4913421F91BF4619956947A6C672DFF9E6B33A8042E637A185494E44989503,1335,qml:QtQuick3D.Particles3D.designer,qml,LIKELY_REQUIRED,PySide6 wheel tree SHA-256 match,,UNKNOWN
Release/External_Test/2026-07-30_audio-validation-fix/Qonic_Audio_v5.0_internal_test/_internal/PySide6/qml/QtQuick3D/Particles3D/designer/SpriteParticle3DSection.qml,962A7FBE0D8553873298A476267EDE5EDD9191236D84C9A35EE8832EA22AB06B,6543,qml:QtQuick3D.Particles3D.designer,qml,LIKELY_REQUIRED,PySide6 wheel tree SHA-256 match,,UNKNOWN
Release/External_Test/2026-07-30_audio-validation-fix/Qonic_Audio_v5.0_internal_test/_internal/PySide6/qml/QtQuick3D/Particles3D/designer/SpriteParticle3DSpecifics.qml,8495A8A8267910C7DD6013A2C6FE7975ABE142C0F66DBC58BDD3855203A80766,363,qml:QtQuick3D.Particles3D.designer,qml,LIKELY_REQUIRED,PySide6 wheel tree SHA-256 match,,UNKNOWN
Release/External_Test/2026-07-30_audio-validation-fix/Qonic_Audio_v5.0_internal_test/_internal/PySide6/qml/QtQuick3D/Particles3D/designer/SpriteSequence3DSection.qml,9F6C0D65CDD59D269EAF1DD7445222A718A5190FF4E6A516B9018389A9F0795B,4550,qml:QtQuick3D.Particles3D.designer,qml,LIKELY_REQUIRED,PySide6 wheel tree SHA-256 match,,UNKNOWN
Release/External_Test/2026-07-30_audio-validation-fix/Qonic_Audio_v5.0_internal_test/_internal/PySide6/qml/QtQuick3D/Particles3D/designer/SpriteSequence3DSpecifics.qml,82AAE84FF2B17ECC3F40CE3454C08917137C1545253CD640666D1AC8CDB5708E,300,qml:QtQuick3D.Particles3D.designer,qml,LIKELY_REQUIRED,PySide6 wheel tree SHA-256 match,,UNKNOWN
Release/External_Test/2026-07-30_audio-validation-fix/Qonic_Audio_v5.0_internal_test/_internal/PySide6/qml/QtQuick3D/Particles3D/designer/TargetDirection3DSection.qml,EF0CE789F6780AC55D4C0075FE283CD4225BA806368F8F04B85D0652D123AF51,6371,qml:QtQuick3D.Particles3D.designer,qml,LIKELY_REQUIRED,PySide6 wheel tree SHA-256 match,,UNKNOWN
Release/External_Test/2026-07-30_audio-validation-fix/Qonic_Audio_v5.0_internal_test/_internal/PySide6/qml/QtQuick3D/Particles3D/designer/TargetDirection3DSpecifics.qml,7A47D1528C69CB21B89C35D33974FF8240597A5999B496D995CF1457E9341833,301,qml:QtQuick3D.Particles3D.designer,qml,LIKELY_REQUIRED,PySide6 wheel tree SHA-256 match,,UNKNOWN
Release/External_Test/2026-07-30_audio-validation-fix/Qonic_Audio_v5.0_internal_test/_internal/PySide6/qml/QtQuick3D/Particles3D/designer/TrailEmitter3DSection.qml,7692ADF31B245748122E7A7549B62FD7F8257DA8103C57D215F1DDAF2865DEE1,892,qml:QtQuick3D.Particles3D.designer,qml,LIKELY_REQUIRED,PySide6 wheel tree SHA-256 match,,UNKNOWN
Release/External_Test/2026-07-30_audio-validation-fix/Qonic_Audio_v5.0_internal_test/_internal/PySide6/qml/QtQuick3D/Particles3D/designer/TrailEmitter3DSpecifics.qml,E51780290BCF1E6762C4873A0CCA38A87E393586CF54710A657B0D2CD11E2285,368,qml:QtQuick3D.Particles3D.designer,qml,LIKELY_REQUIRED,PySide6 wheel tree SHA-256 match,,UNKNOWN
Release/External_Test/2026-07-30_audio-validation-fix/Qonic_Audio_v5.0_internal_test/_internal/PySide6/qml/QtQuick3D/Particles3D/designer/VectorDirection3DSection.qml,B81BAE8433710E3DA9BC7A6A5BC84CE5ADDA6053D26A4BB13CB269C10CFE2042,5239,qml:QtQuick3D.Particles3D.designer,qml,LIKELY_REQUIRED,PySide6 wheel tree SHA-256 match,,UNKNOWN
Release/External_Test/2026-07-30_audio-validation-fix/Qonic_Audio_v5.0_internal_test/_internal/PySide6/qml/QtQuick3D/Particles3D/designer/VectorDirection3DSpecifics.qml,6758045177EFD14B711EC43E690823D94B9BFED0B6391DEBDE145B405D031619,301,qml:QtQuick3D.Particles3D.designer,qml,LIKELY_REQUIRED,PySide6 wheel tree SHA-256 match,,UNKNOWN
Release/External_Test/2026-07-30_audio-validation-fix/Qonic_Audio_v5.0_internal_test/_internal/PySide6/qml/QtQuick3D/Particles3D/designer/Wander3DSection.qml,E5DFABA8E89ECEA9DBE11E67FEF2DA127572D0D3C7A0CC306E92279A592D8CE6,17111,qml:QtQuick3D.Particles3D.designer,qml,LIKELY_REQUIRED,PySide6 wheel tree SHA-256 match,,UNKNOWN
Release/External_Test/2026-07-30_audio-validation-fix/Qonic_Audio_v5.0_internal_test/_internal/PySide6/qml/QtQuick3D/Particles3D/designer/Wander3DSpecifics.qml,92CFD03F06766C32DC50ED0482EBC2F869DD1F9FDACC4AA1B90D7360E984310F,355,qml:QtQuick3D.Particles3D.designer,qml,LIKELY_REQUIRED,PySide6 wheel tree SHA-256 match,,UNKNOWN
Release/External_Test/2026-07-30_audio-validation-fix/Qonic_Audio_v5.0_internal_test/_internal/PySide6/qml/QtQuick3D/Particles3D/plugins.qmltypes,A74A0BA1D9E4673FD973E74BC400F7D764B4F0D762867096A2DAC9A046A5ECDB,78629,qml:QtQuick3D.Particles3D,qml,LIKELY_REQUIRED,PySide6 wheel tree SHA-256 match,,UNKNOWN
Release/External_Test/2026-07-30_audio-validation-fix/Qonic_Audio_v5.0_internal_test/_internal/PySide6/qml/QtQuick3D/Particles3D/qmldir,326A5090209CAE8CA5B6E6B8AC6157874F1ACF2D08D64F5AC19DBB2D58ECBF6E,301,qml:QtQuick3D.Particles3D,qml,LIKELY_REQUIRED,PySide6 wheel tree SHA-256 match,,UNKNOWN
Release/External_Test/2026-07-30_audio-validation-fix/Qonic_Audio_v5.0_internal_test/_internal/PySide6/qml/QtQuick3D/Particles3D/qtquick3dparticles3dplugin.dll,93668ED8B9F7BE041005B2E1E97E7CBD7DC98834B9647E312778BF50D62AC17B,30520,qml:QtQuick3D.Particles3D,qml,LIKELY_REQUIRED,PySide6 wheel tree SHA-256 match,,UNKNOWN
Release/External_Test/2026-07-30_audio-validation-fix/Qonic_Audio_v5.0_internal_test/_internal/PySide6/qml/QtQuick3D/qmldir,70847E9B5C8A809DBE9308C8AECEFFD4BF3172A59167DB9AB58E3D707972D783,270,qml:QtQuick3D,qml,LIKELY_REQUIRED,PySide6 wheel tree SHA-256 match,,UNKNOWN
Release/External_Test/2026-07-30_audio-validation-fix/Qonic_Audio_v5.0_internal_test/_internal/PySide6/qml/QtQuick3D/qquick3dplugin.dll,FCB8C509A241BB7A733CE6B3E4CF384B655F84C0B254385F172C2881DC61C514,35128,qml:QtQuick3D,qml,LIKELY_REQUIRED,PySide6 wheel tree SHA-256 match,,UNKNOWN
Release/External_Test/2026-07-30_audio-validation-fix/Qonic_Audio_v5.0_internal_test/_internal/PySide6/qml/QtQuick3D/Quick3D.qmltypes,3D416172725CD2AD7779751E2E9745CB109D13FF23E8D3E3E27F7D0AF6C417ED,309518,qml:QtQuick3D,qml,LIKELY_REQUIRED,PySide6 wheel tree SHA-256 match,,UNKNOWN
Release/External_Test/2026-07-30_audio-validation-fix/Qonic_Audio_v5.0_internal_test/_internal/PySide6/qml/QtQuick3D/SpatialAudio/plugins.qmltypes,290F045E51BC00D3F065446D315D38CB92CD700459B1A77909EDB9AF3B9F1BED,13330,qml:QtQuick3D.SpatialAudio,qml,LIKELY_REQUIRED,PySide6 wheel tree SHA-256 match,,UNKNOWN
Release/External_Test/2026-07-30_audio-validation-fix/Qonic_Audio_v5.0_internal_test/_internal/PySide6/qml/QtQuick3D/SpatialAudio/qmldir,12DA1F634073225F048720ED4452535422C85B84EEB5ABF9F3C414B294B35AFD,258,qml:QtQuick3D.SpatialAudio,qml,LIKELY_REQUIRED,PySide6 wheel tree SHA-256 match,,UNKNOWN
Release/External_Test/2026-07-30_audio-validation-fix/Qonic_Audio_v5.0_internal_test/_internal/PySide6/qml/QtQuick3D/SpatialAudio/quick3dspatialaudioplugin.dll,98CA8A4D59AE5890B9C23C0466E2F902C98C890B904A222A4C88B3E012509DBE,30008,qml:QtQuick3D.SpatialAudio,qml,LIKELY_REQUIRED,PySide6 wheel tree SHA-256 match,,UNKNOWN
Release/External_Test/2026-07-30_audio-validation-fix/Qonic_Audio_v5.0_internal_test/_internal/PySide6/qml/QtQuick3D/Xr/plugins.qmltypes,711A2E5048175C88DE99CBA896069EDE78F635322335DB86E96CE47C21B0A6B9,41542,qml:QtQuick3D.Xr,qml,LIKELY_REQUIRED,PySide6 wheel tree SHA-256 match,,UNKNOWN
Release/External_Test/2026-07-30_audio-validation-fix/Qonic_Audio_v5.0_internal_test/_internal/PySide6/qml/QtQuick3D/Xr/qmldir,2FB03071E1A17F662C1AB7EE94BDFDCBA7EACA69F85393628B07DD3726C6948F,266,qml:QtQuick3D.Xr,qml,LIKELY_REQUIRED,PySide6 wheel tree SHA-256 match,,UNKNOWN
Release/External_Test/2026-07-30_audio-validation-fix/Qonic_Audio_v5.0_internal_test/_internal/PySide6/qml/QtQuick3D/Xr/quick3dxrplugin.dll,22E6B517DE60DE495D97206F4686349A1F293390ABA7CD640577CFF81701F727,30520,qml:QtQuick3D.Xr,qml,LIKELY_REQUIRED,PySide6 wheel tree SHA-256 match,,UNKNOWN
Release/External_Test/2026-07-30_audio-validation-fix/Qonic_Audio_v5.0_internal_test/_internal/PySide6/qml/QtQuick3D/Xr/XrErrorDialog.qml,3FD1C387A313561E879FB381510736E71949E3354C759B2F46737B18B2F2B8ED,809,qml:QtQuick3D.Xr,qml,LIKELY_REQUIRED,PySide6 wheel tree SHA-256 match,,UNKNOWN
Release/External_Test/2026-07-30_audio-validation-fix/Qonic_Audio_v5.0_internal_test/_internal/PySide6/qml/QtQuick/Controls/Basic/AbstractButton.qml,5FA041C5807E08D014F6F3B18FE024380A842189B2DAC09C45D203BD50C3E314,610,qml:QtQuick.Controls.Basic,qml,LIKELY_REQUIRED,PySide6 wheel tree SHA-256 match,,UNKNOWN
Release/External_Test/2026-07-30_audio-validation-fix/Qonic_Audio_v5.0_internal_test/_internal/PySide6/qml/QtQuick/Controls/Basic/Action.qml,051F5D75FA8FE7A8D4666EB812FC5A309421DCA12322752FA56025891BE0250D,260,qml:QtQuick.Controls.Basic,qml,LIKELY_REQUIRED,PySide6 wheel tree SHA-256 match,,UNKNOWN
Release/External_Test/2026-07-30_audio-validation-fix/Qonic_Audio_v5.0_internal_test/_internal/PySide6/qml/QtQuick/Controls/Basic/ActionGroup.qml,BDC70C4A56862FD038161E64950426A68C4015FFF0AA89890F3CDC6331723804,265,qml:QtQuick.Controls.Basic,qml,LIKELY_REQUIRED,PySide6 wheel tree SHA-256 match,,UNKNOWN
Release/External_Test/2026-07-30_audio-validation-fix/Qonic_Audio_v5.0_internal_test/_internal/PySide6/qml/QtQuick/Controls/Basic/ApplicationWindow.qml,D870991929AAF167DD3B5E016F089C53DFC2685CFE3C22B909854AD3E8EEFA7E,354,qml:QtQuick.Controls.Basic,qml,LIKELY_REQUIRED,PySide6 wheel tree SHA-256 match,,UNKNOWN
Release/External_Test/2026-07-30_audio-validation-fix/Qonic_Audio_v5.0_internal_test/_internal/PySide6/qml/QtQuick/Controls/Basic/BusyIndicator.qml,B89A77D45505759D9F09936B814942F1B37DF9E0D49CD297FC66BB9DF28701E4,983,qml:QtQuick.Controls.Basic,qml,LIKELY_REQUIRED,PySide6 wheel tree SHA-256 match,,UNKNOWN
Release/External_Test/2026-07-30_audio-validation-fix/Qonic_Audio_v5.0_internal_test/_internal/PySide6/qml/QtQuick/Controls/Basic/Button.qml,9F5478C372A1D32774592C0AF352CDC869F391F2EAA99C6E7F45371EA1031F7B,1932,qml:QtQuick.Controls.Basic,qml,LIKELY_REQUIRED,PySide6 wheel tree SHA-256 match,,UNKNOWN
Release/External_Test/2026-07-30_audio-validation-fix/Qonic_Audio_v5.0_internal_test/_internal/PySide6/qml/QtQuick/Controls/Basic/ButtonGroup.qml,680D2A00B58CEC1C335B44B13BE180EBEA5050EC34FB2FC0672FFEE4227B8AC6,265,qml:QtQuick.Controls.Basic,qml,LIKELY_REQUIRED,PySide6 wheel tree SHA-256 match,,UNKNOWN
Release/External_Test/2026-07-30_audio-validation-fix/Qonic_Audio_v5.0_internal_test/_internal/PySide6/qml/QtQuick/Controls/Basic/Calendar.qml,1DB0C2E654BFACAC2D4FCDD948B2D53A15C457E39A01D230C46869B3013DC307,265,qml:QtQuick.Controls.Basic,qml,LIKELY_REQUIRED,PySide6 wheel tree SHA-256 match,,UNKNOWN
Release/External_Test/2026-07-30_audio-validation-fix/Qonic_Audio_v5.0_internal_test/_internal/PySide6/qml/QtQuick/Controls/Basic/CalendarModel.qml,41B803C3D839D84EAF99FED878487AD92F94B7B26D540E278C2C01947B495BD1,250,qml:QtQuick.Controls.Basic,qml,LIKELY_REQUIRED,PySide6 wheel tree SHA-256 match,,UNKNOWN
Release/External_Test/2026-07-30_audio-validation-fix/Qonic_Audio_v5.0_internal_test/_internal/PySide6/qml/QtQuick/Controls/Basic/CheckBox.qml,106B10377034ADD8426FBF44BBCF3BB62B0C810E95B847319293664DE6497B71,2733,qml:QtQuick.Controls.Basic,qml,LIKELY_REQUIRED,PySide6 wheel tree SHA-256 match,,UNKNOWN
Release/External_Test/2026-07-30_audio-validation-fix/Qonic_Audio_v5.0_internal_test/_internal/PySide6/qml/QtQuick/Controls/Basic/CheckDelegate.qml,2F4F91291A06007EEFEF1D3187AE020490EA7B6E3437815A16620142E14C8E2E,3195,qml:QtQuick.Controls.Basic,qml,LIKELY_REQUIRED,PySide6 wheel tree SHA-256 match,,UNKNOWN
Release/External_Test/2026-07-30_audio-validation-fix/Qonic_Audio_v5.0_internal_test/_internal/PySide6/qml/QtQuick/Controls/Basic/ComboBox.qml,EA35C6399908C61C35575F85499C3A6A219D823C4782319B160EEDAE52FEB6B9,5546,qml:QtQuick.Controls.Basic,qml,LIKELY_REQUIRED,PySide6 wheel tree SHA-256 match,,UNKNOWN
Release/External_Test/2026-07-30_audio-validation-fix/Qonic_Audio_v5.0_internal_test/_internal/PySide6/qml/QtQuick/Controls/Basic/Container.qml,3F5E134B583C74018BB0255C3AF9EADE635A29B9C5102259850027DD78B523E7,605,qml:QtQuick.Controls.Basic,qml,LIKELY_REQUIRED,PySide6 wheel tree SHA-256 match,,UNKNOWN
Release/External_Test/2026-07-30_audio-validation-fix/Qonic_Audio_v5.0_internal_test/_internal/PySide6/qml/QtQuick/Controls/Basic/Control.qml,216DD75B082C6CC4A9C8CFFE42132B48A1DC9097488502E5649E3F9579CC974A,603,qml:QtQuick.Controls.Basic,qml,LIKELY_REQUIRED,PySide6 wheel tree SHA-256 match,,UNKNOWN
Release/External_Test/2026-07-30_audio-validation-fix/Qonic_Audio_v5.0_internal_test/_internal/PySide6/qml/QtQuick/Controls/Basic/DayOfWeekRow.qml,EFDEE120C095E4E8A01F5EC6B0783B9EB821DDB51A91B532DDED50EF44E9421D,1212,qml:QtQuick.Controls.Basic,qml,LIKELY_REQUIRED,PySide6 wheel tree SHA-256 match,,UNKNOWN
Release/External_Test/2026-07-30_audio-validation-fix/Qonic_Audio_v5.0_internal_test/_internal/PySide6/qml/QtQuick/Controls/Basic/DelayButton.qml,4EF7DFE658AB89DBCC27B72BB4B3F84DFE13B582A4A48AEA5961035923A184C8,2689,qml:QtQuick.Controls.Basic,qml,LIKELY_REQUIRED,PySide6 wheel tree SHA-256 match,,UNKNOWN
Release/External_Test/2026-07-30_audio-validation-fix/Qonic_Audio_v5.0_internal_test/_internal/PySide6/qml/QtQuick/Controls/Basic/Dial.qml,2E1F851A28E56C442B3EBB30DBFC9F914A0ABC61D024F9CCFCB382FCA7AA0AFF,1977,qml:QtQuick.Controls.Basic,qml,LIKELY_REQUIRED,PySide6 wheel tree SHA-256 match,,UNKNOWN
Release/External_Test/2026-07-30_audio-validation-fix/Qonic_Audio_v5.0_internal_test/_internal/PySide6/qml/QtQuick/Controls/Basic/Dialog.qml,8E2416855705BE692C39FD4A6D73AE3E07F8F8D98AAF54128EAC145B309FE5A1,1743,qml:QtQuick.Controls.Basic,qml,LIKELY_REQUIRED,PySide6 wheel tree SHA-256 match,,UNKNOWN
Release/External_Test/2026-07-30_audio-validation-fix/Qonic_Audio_v5.0_internal_test/_internal/PySide6/qml/QtQuick/Controls/Basic/DialogButtonBox.qml,1C7291C96A3D88F990730EA30BE7BBD8425B70664E3994B917CE33F6065D6EAA,1390,qml:QtQuick.Controls.Basic,qml,LIKELY_REQUIRED,PySide6 wheel tree SHA-256 match,,UNKNOWN
Release/External_Test/2026-07-30_audio-validation-fix/Qonic_Audio_v5.0_internal_test/_internal/PySide6/qml/QtQuick/Controls/Basic/DoubleSpinBox.qml,8D9D7E3A73AE427601A52E225A0D3121BFF0EF5B9F884930767AC1555F16019C,4270,qml:QtQuick.Controls.Basic,qml,LIKELY_REQUIRED,PySide6 wheel tree SHA-256 match,,UNKNOWN
Release/External_Test/2026-07-30_audio-validation-fix/Qonic_Audio_v5.0_internal_test/_internal/PySide6/qml/QtQuick/Controls/Basic/Drawer.qml,65521C84893A665475F78B9B2FCF6AEB3362FB33625C8F580AB5383FE3219459,1802,qml:QtQuick.Controls.Basic,qml,LIKELY_REQUIRED,PySide6 wheel tree SHA-256 match,,UNKNOWN
Release/External_Test/2026-07-30_audio-validation-fix/Qonic_Audio_v5.0_internal_test/_internal/PySide6/qml/QtQuick/Controls/Basic/Frame.qml,1A6F7CF46DEF311D05DD93BB2BADF389574E03BA2CDC5B08D165AAFFCD5FA6C0,989,qml:QtQuick.Controls.Basic,qml,LIKELY_REQUIRED,PySide6 wheel tree SHA-256 match,,UNKNOWN
Release/External_Test/2026-07-30_audio-validation-fix/Qonic_Audio_v5.0_internal_test/_internal/PySide6/qml/QtQuick/Controls/Basic/GroupBox.qml,2A8B0DA4488380B06EE964E45FCA7B8D8BE3D6DD23C230F71A1C7F8A10C06351,1615,qml:QtQuick.Controls.Basic,qml,LIKELY_REQUIRED,PySide6 wheel tree SHA-256 match,,UNKNOWN
Release/External_Test/2026-07-30_audio-validation-fix/Qonic_Audio_v5.0_internal_test/_internal/PySide6/qml/QtQuick/Controls/Basic/HorizontalHeaderView.qml,529300DAB184B8B597775933D749E973A37377C9E15FE295EA232204A0865E3B,851,qml:QtQuick.Controls.Basic,qml,LIKELY_REQUIRED,PySide6 wheel tree SHA-256 match,,UNKNOWN
Release/External_Test/2026-07-30_audio-validation-fix/Qonic_Audio_v5.0_internal_test/_internal/PySide6/qml/QtQuick/Controls/Basic/HorizontalHeaderViewDelegate.qml,C450201E728ED0569D36FBA1838C6B0115410F629F950D46B5A04DB589DAC9DB,1171,qml:QtQuick.Controls.Basic,qml,LIKELY_REQUIRED,PySide6 wheel tree SHA-256 match,,UNKNOWN
Release/External_Test/2026-07-30_audio-validation-fix/Qonic_Audio_v5.0_internal_test/_internal/PySide6/qml/QtQuick/Controls/Basic/impl/plugins.qmltypes,7612CD2F7A9BE2FA8DD3438675B1320D758A888C484F1D69A268FE8076C0E02C,4908,qml:QtQuick.Controls.Basic,qml,LIKELY_REQUIRED,PySide6 wheel tree SHA-256 match,,UNKNOWN
Release/External_Test/2026-07-30_audio-validation-fix/Qonic_Audio_v5.0_internal_test/_internal/PySide6/qml/QtQuick/Controls/Basic/impl/qmldir,3673CCA17ED3522692C942F148BB8A9D37AE2D40EA1BB2E5DF05439D56968AC7,361,qml:QtQuick.Controls.Basic,qml,LIKELY_REQUIRED,PySide6 wheel tree SHA-256 match,,UNKNOWN
Release/External_Test/2026-07-30_audio-validation-fix/Qonic_Audio_v5.0_internal_test/_internal/PySide6/qml/QtQuick/Controls/Basic/impl/qtquickcontrols2basicstyleimplplugin.dll,7182EED72928E197EF7A06DD8626C5EA938007E0E807D825DE41F31B647C81EB,30520,qml:QtQuick.Controls.Basic,qml,LIKELY_REQUIRED,PySide6 wheel tree SHA-256 match,,UNKNOWN
Release/External_Test/2026-07-30_audio-validation-fix/Qonic_Audio_v5.0_internal_test/_internal/PySide6/qml/QtQuick/Controls/Basic/impl/TextEditingContextMenu.qml,7DBFF23E277B12A9C1A0F0FCDF38BF463A12531116820418A9EFE1B98D1D110D,858,qml:QtQuick.Controls.Basic,qml,LIKELY_REQUIRED,PySide6 wheel tree SHA-256 match,,UNKNOWN
Release/External_Test/2026-07-30_audio-validation-fix/Qonic_Audio_v5.0_internal_test/_internal/PySide6/qml/QtQuick/Controls/Basic/ItemDelegate.qml,B17615BA64311D7E3B6E43F8CD7EF57137EFDA09D3AB3F4121DB09C0FDBCBF27,1868,qml:QtQuick.Controls.Basic,qml,LIKELY_REQUIRED,PySide6 wheel tree SHA-256 match,,UNKNOWN
Release/External_Test/2026-07-30_audio-validation-fix/Qonic_Audio_v5.0_internal_test/_internal/PySide6/qml/QtQuick/Controls/Basic/Label.qml,D46120C5F4FD394C83BD21FC8A843F88E19209FA0CBFE4DE874610CA44247B97,385,qml:QtQuick.Controls.Basic,qml,LIKELY_REQUIRED,PySide6 wheel tree SHA-256 match,,UNKNOWN
Release/External_Test/2026-07-30_audio-validation-fix/Qonic_Audio_v5.0_internal_test/_internal/PySide6/qml/QtQuick/Controls/Basic/Menu.qml,A3F0026FC66E57BA200D8057F5D505C2669D4ABA03E98BBBA30B50FC5DC761B3,1487,qml:QtQuick.Controls.Basic,qml,LIKELY_REQUIRED,PySide6 wheel tree SHA-256 match,,UNKNOWN
Release/External_Test/2026-07-30_audio-validation-fix/Qonic_Audio_v5.0_internal_test/_internal/PySide6/qml/QtQuick/Controls/Basic/MenuBar.qml,F81C51205916616A27E46BEEC1262B82CCED1F2420598926F1190F8991858894,1076,qml:QtQuick.Controls.Basic,qml,LIKELY_REQUIRED,PySide6 wheel tree SHA-256 match,,UNKNOWN
Release/External_Test/2026-07-30_audio-validation-fix/Qonic_Audio_v5.0_internal_test/_internal/PySide6/qml/QtQuick/Controls/Basic/MenuBarItem.qml,05B5BD0FE8EE25A05EB14AE310973B20CCF1203DAA9B77D3A172E6FCA4E14820,1561,qml:QtQuick.Controls.Basic,qml,LIKELY_REQUIRED,PySide6 wheel tree SHA-256 match,,UNKNOWN
Release/External_Test/2026-07-30_audio-validation-fix/Qonic_Audio_v5.0_internal_test/_internal/PySide6/qml/QtQuick/Controls/Basic/MenuItem.qml,4C53E97B00C80291A32C6D6AC9F6D84E268CA59E4AE305D4A5FFC140E69DE418,2931,qml:QtQuick.Controls.Basic,qml,LIKELY_REQUIRED,PySide6 wheel tree SHA-256 match,,UNKNOWN
Release/External_Test/2026-07-30_audio-validation-fix/Qonic_Audio_v5.0_internal_test/_internal/PySide6/qml/QtQuick/Controls/Basic/MenuSeparator.qml,B8194FC759406C3A26D4B596D2F59349F51E7C2B47A2A53CE60178370B66B909,894,qml:QtQuick.Controls.Basic,qml,LIKELY_REQUIRED,PySide6 wheel tree SHA-256 match,,UNKNOWN
Release/External_Test/2026-07-30_audio-validation-fix/Qonic_Audio_v5.0_internal_test/_internal/PySide6/qml/QtQuick/Controls/Basic/MonthGrid.qml,46A6299B74A8089E33B6D5A9CCF27A523C4163CF821D91114684CF20D91490F5,1279,qml:QtQuick.Controls.Basic,qml,LIKELY_REQUIRED,PySide6 wheel tree SHA-256 match,,UNKNOWN
Release/External_Test/2026-07-30_audio-validation-fix/Qonic_Audio_v5.0_internal_test/_internal/PySide6/qml/QtQuick/Controls/Basic/Page.qml,B77F10CA786492AD963D1A588961FA3129ED47D6582E9AC687F6A56F7C93795E,999,qml:QtQuick.Controls.Basic,qml,LIKELY_REQUIRED,PySide6 wheel tree SHA-256 match,,UNKNOWN
Release/External_Test/2026-07-30_audio-validation-fix/Qonic_Audio_v5.0_internal_test/_internal/PySide6/qml/QtQuick/Controls/Basic/PageIndicator.qml,A1E451B24C907D008EC02BF4A66DBF975F6F19878B9C3B2158E51149E44D04E3,1191,qml:QtQuick.Controls.Basic,qml,LIKELY_REQUIRED,PySide6 wheel tree SHA-256 match,,UNKNOWN
Release/External_Test/2026-07-30_audio-validation-fix/Qonic_Audio_v5.0_internal_test/_internal/PySide6/qml/QtQuick/Controls/Basic/Pane.qml,5DE2DD3C225A889D5BBEB94CECE80239812ADE32129854D6382BB2BED5587F0E,726,qml:QtQuick.Controls.Basic,qml,LIKELY_REQUIRED,PySide6 wheel tree SHA-256 match,,UNKNOWN
Release/External_Test/2026-07-30_audio-validation-fix/Qonic_Audio_v5.0_internal_test/_internal/PySide6/qml/QtQuick/Controls/Basic/plugins.qmltypes,0E5C306080A5C6E50DBAD21E3DBFF67345DD63373C79F0C1058DC1F51D6B9168,3785,qml:QtQuick.Controls.Basic,qml,LIKELY_REQUIRED,PySide6 wheel tree SHA-256 match,,UNKNOWN
Release/External_Test/2026-07-30_audio-validation-fix/Qonic_Audio_v5.0_internal_test/_internal/PySide6/qml/QtQuick/Controls/Basic/Popup.qml,FDB2BF6C142C64CFCE0D51A278202E1E6A7CF2514E23580584C4BA55F38B40F7,987,qml:QtQuick.Controls.Basic,qml,LIKELY_REQUIRED,PySide6 wheel tree SHA-256 match,,UNKNOWN
Release/External_Test/2026-07-30_audio-validation-fix/Qonic_Audio_v5.0_internal_test/_internal/PySide6/qml/QtQuick/Controls/Basic/ProgressBar.qml,BED89370558E2D85B822768843186F894FAA5CC87DC759C0526C129B12F73645,1120,qml:QtQuick.Controls.Basic,qml,LIKELY_REQUIRED,PySide6 wheel tree SHA-256 match,,UNKNOWN
Release/External_Test/2026-07-30_audio-validation-fix/Qonic_Audio_v5.0_internal_test/_internal/PySide6/qml/QtQuick/Controls/Basic/qmldir,F855404786210FD15A4464B4CCB2DC68F0FDE137B952015D17536247A8ED535F,4294,qml:QtQuick.Controls.Basic,qml,LIKELY_REQUIRED,PySide6 wheel tree SHA-256 match,,UNKNOWN
Release/External_Test/2026-07-30_audio-validation-fix/Qonic_Audio_v5.0_internal_test/_internal/PySide6/qml/QtQuick/Controls/Basic/qtquickcontrols2basicstyleplugin.dll,6790AC2BC65FD58E4FDD9F05D82E1F8BC087D3E6912A02EC7D20D68E23EA0FB1,31544,qml:QtQuick.Controls.Basic,qml,LIKELY_REQUIRED,PySide6 wheel tree SHA-256 match,,UNKNOWN
Release/External_Test/2026-07-30_audio-validation-fix/Qonic_Audio_v5.0_internal_test/_internal/PySide6/qml/QtQuick/Controls/Basic/RadioButton.qml,763B99057B3DAF4BC24BF670403C9D87166BDDDD3543D979B96A1CC392E5B894,2420,qml:QtQuick.Controls.Basic,qml,LIKELY_REQUIRED,PySide6 wheel tree SHA-256 match,,UNKNOWN
Release/External_Test/2026-07-30_audio-validation-fix/Qonic_Audio_v5.0_internal_test/_internal/PySide6/qml/QtQuick/Controls/Basic/RadioDelegate.qml,59637C498E602DC527DC19BB8EDBA35D6B2BFFEB1FB8CDBA6012D5CBE49DF263,2882,qml:QtQuick.Controls.Basic,qml,LIKELY_REQUIRED,PySide6 wheel tree SHA-256 match,,UNKNOWN
Release/External_Test/2026-07-30_audio-validation-fix/Qonic_Audio_v5.0_internal_test/_internal/PySide6/qml/QtQuick/Controls/Basic/RangeSlider.qml,A1077096F9FFF8C7FC67ABA9117C62A4BBB824D3B224D14E85DF93021F781C3C,3743,qml:QtQuick.Controls.Basic,qml,LIKELY_REQUIRED,PySide6 wheel tree SHA-256 match,,UNKNOWN
Release/External_Test/2026-07-30_audio-validation-fix/Qonic_Audio_v5.0_internal_test/_internal/PySide6/qml/QtQuick/Controls/Basic/RoundButton.qml,10920195F5BA8C1849958F97A5EEAD279BA8EFA22C73CB2A24971FB61BD3F59D,2298,qml:QtQuick.Controls.Basic,qml,LIKELY_REQUIRED,PySide6 wheel tree SHA-256 match,,UNKNOWN
Release/External_Test/2026-07-30_audio-validation-fix/Qonic_Audio_v5.0_internal_test/_internal/PySide6/qml/QtQuick/Controls/Basic/ScrollBar.qml,1027CCDC91A42375078DF7FCFA8E611B0B927C7001B0043F89D24BD128213EB4,2021,qml:QtQuick.Controls.Basic,qml,LIKELY_REQUIRED,PySide6 wheel tree SHA-256 match,,UNKNOWN
Release/External_Test/2026-07-30_audio-validation-fix/Qonic_Audio_v5.0_internal_test/_internal/PySide6/qml/QtQuick/Controls/Basic/ScrollIndicator.qml,6101799F11E3AF59F103BFD144B2433FFF2E99C62BC053CEE12D7657B7A2D22E,1664,qml:QtQuick.Controls.Basic,qml,LIKELY_REQUIRED,PySide6 wheel tree SHA-256 match,,UNKNOWN
Release/External_Test/2026-07-30_audio-validation-fix/Qonic_Audio_v5.0_internal_test/_internal/PySide6/qml/QtQuick/Controls/Basic/ScrollView.qml,4C2B30446B2C41685188D9A5AB82B97FD4E73E39893BAD21EED2850AAB2047D3,1120,qml:QtQuick.Controls.Basic,qml,LIKELY_REQUIRED,PySide6 wheel tree SHA-256 match,,UNKNOWN
Release/External_Test/2026-07-30_audio-validation-fix/Qonic_Audio_v5.0_internal_test/_internal/PySide6/qml/QtQuick/Controls/Basic/SearchField.qml,611F2FA56C4CEF848067A932E0F327140750CD70831FA0DA1874ABE4001093E6,5022,qml:QtQuick.Controls.Basic,qml,LIKELY_REQUIRED,PySide6 wheel tree SHA-256 match,,UNKNOWN
Release/External_Test/2026-07-30_audio-validation-fix/Qonic_Audio_v5.0_internal_test/_internal/PySide6/qml/QtQuick/Controls/Basic/SelectionRectangle.qml,C57480406AA226D91F6FCCCC85328CAD0DADDE81A9158AC8BE3FE4CD4CA97225,864,qml:QtQuick.Controls.Basic,qml,LIKELY_REQUIRED,PySide6 wheel tree SHA-256 match,,UNKNOWN
Release/External_Test/2026-07-30_audio-validation-fix/Qonic_Audio_v5.0_internal_test/_internal/PySide6/qml/QtQuick/Controls/Basic/Slider.qml,E67D2C83AEC07E3FEABCCDB3D383BB25C8B47D913BAB8FA285A691CFB42B6B20,2742,qml:QtQuick.Controls.Basic,qml,LIKELY_REQUIRED,PySide6 wheel tree SHA-256 match,,UNKNOWN
Release/External_Test/2026-07-30_audio-validation-fix/Qonic_Audio_v5.0_internal_test/_internal/PySide6/qml/QtQuick/Controls/Basic/SpinBox.qml,A00A8D538D86ABBA678FCFA24F28243C443DC4E66C23335119B5C38BBFE84763,4225,qml:QtQuick.Controls.Basic,qml,LIKELY_REQUIRED,PySide6 wheel tree SHA-256 match,,UNKNOWN
Release/External_Test/2026-07-30_audio-validation-fix/Qonic_Audio_v5.0_internal_test/_internal/PySide6/qml/QtQuick/Controls/Basic/SplitView.qml,C47A7B1DC06ED6FDB6C9A3CDAB9A0A03C3CFBEAA73967B1BBC6085B1C0A1CDE9,1126,qml:QtQuick.Controls.Basic,qml,LIKELY_REQUIRED,PySide6 wheel tree SHA-256 match,,UNKNOWN
Release/External_Test/2026-07-30_audio-validation-fix/Qonic_Audio_v5.0_internal_test/_internal/PySide6/qml/QtQuick/Controls/Basic/StackView.qml,A9F8B0D1099940F8E9A6C91872CF1103744F7EC1FA60FC78BC7D24292283BCA7,1263,qml:QtQuick.Controls.Basic,qml,LIKELY_REQUIRED,PySide6 wheel tree SHA-256 match,,UNKNOWN
Release/External_Test/2026-07-30_audio-validation-fix/Qonic_Audio_v5.0_internal_test/_internal/PySide6/qml/QtQuick/Controls/Basic/SwipeDelegate.qml,6595D69675AB70ED77AA31B0A3BFDFAD84ABB26CF7F9C711F58EF4CCA26B1978,2131,qml:QtQuick.Controls.Basic,qml,LIKELY_REQUIRED,PySide6 wheel tree SHA-256 match,,UNKNOWN
Release/External_Test/2026-07-30_audio-validation-fix/Qonic_Audio_v5.0_internal_test/_internal/PySide6/qml/QtQuick/Controls/Basic/SwipeView.qml,3FBB61D5CB053EDB32EB9A403E87CA0432F713A597F84ACA6DA01ACAC157E738,1221,qml:QtQuick.Controls.Basic,qml,LIKELY_REQUIRED,PySide6 wheel tree SHA-256 match,,UNKNOWN
Release/External_Test/2026-07-30_audio-validation-fix/Qonic_Audio_v5.0_internal_test/_internal/PySide6/qml/QtQuick/Controls/Basic/Switch.qml,17FB36D73CF4B7A1312750F0950521721E9ABADFAFA69709879C7B0E54DE55D2,2885,qml:QtQuick.Controls.Basic,qml,LIKELY_REQUIRED,PySide6 wheel tree SHA-256 match,,UNKNOWN
Release/External_Test/2026-07-30_audio-validation-fix/Qonic_Audio_v5.0_internal_test/_internal/PySide6/qml/QtQuick/Controls/Basic/SwitchDelegate.qml,EBB4C014A7AE66CE3E4445BABE721FE3DB26AAB5E0DC93BF38D5EBCB900AAB76,3433,qml:QtQuick.Controls.Basic,qml,LIKELY_REQUIRED,PySide6 wheel tree SHA-256 match,,UNKNOWN
Release/External_Test/2026-07-30_audio-validation-fix/Qonic_Audio_v5.0_internal_test/_internal/PySide6/qml/QtQuick/Controls/Basic/TabBar.qml,61B021092CAC6D6843109BE4D2FEBE883AF056938C7874AC1454E4968B070C5B,1203,qml:QtQuick.Controls.Basic,qml,LIKELY_REQUIRED,PySide6 wheel tree SHA-256 match,,UNKNOWN
Release/External_Test/2026-07-30_audio-validation-fix/Qonic_Audio_v5.0_internal_test/_internal/PySide6/qml/QtQuick/Controls/Basic/TabButton.qml,07BFCFAC0C2C0AD30DA6CE30ECFC6FB6ABC4748F1DFAB9258DED410887F37F70,1475,qml:QtQuick.Controls.Basic,qml,LIKELY_REQUIRED,PySide6 wheel tree SHA-256 match,,UNKNOWN
Release/External_Test/2026-07-30_audio-validation-fix/Qonic_Audio_v5.0_internal_test/_internal/PySide6/qml/QtQuick/Controls/Basic/TableViewDelegate.qml,C23588E4D805BB6CEF7C7C4CE15EA82A24141D1BB67A60A5BA208541BA8C87D3,2750,qml:QtQuick.Controls.Basic,qml,LIKELY_REQUIRED,PySide6 wheel tree SHA-256 match,,UNKNOWN
Release/External_Test/2026-07-30_audio-validation-fix/Qonic_Audio_v5.0_internal_test/_internal/PySide6/qml/QtQuick/Controls/Basic/TextArea.qml,7FA1F89ACFE134AB3F11C803DFEC157FAF9981064E06934514D065D9EEF9E9C9,2169,qml:QtQuick.Controls.Basic,qml,LIKELY_REQUIRED,PySide6 wheel tree SHA-256 match,,UNKNOWN
Release/External_Test/2026-07-30_audio-validation-fix/Qonic_Audio_v5.0_internal_test/_internal/PySide6/qml/QtQuick/Controls/Basic/TextField.qml,D22172DA8037AC34F064F8C61A2DD053AC996E163BA885416C6718B16A188EB4,2390,qml:QtQuick.Controls.Basic,qml,LIKELY_REQUIRED,PySide6 wheel tree SHA-256 match,,UNKNOWN
Release/External_Test/2026-07-30_audio-validation-fix/Qonic_Audio_v5.0_internal_test/_internal/PySide6/qml/QtQuick/Controls/Basic/ToolBar.qml,152A336FE967BFD458586431F22389032934E39E00D35D7C47831CFF32F991FD,904,qml:QtQuick.Controls.Basic,qml,LIKELY_REQUIRED,PySide6 wheel tree SHA-256 match,,UNKNOWN
Release/External_Test/2026-07-30_audio-validation-fix/Qonic_Audio_v5.0_internal_test/_internal/PySide6/qml/QtQuick/Controls/Basic/ToolButton.qml,E3602AF06521C303AC35E9694DC4F584312D527E5D9830D9A4191AE5AD391A6B,1990,qml:QtQuick.Controls.Basic,qml,LIKELY_REQUIRED,PySide6 wheel tree SHA-256 match,,UNKNOWN
Release/External_Test/2026-07-30_audio-validation-fix/Qonic_Audio_v5.0_internal_test/_internal/PySide6/qml/QtQuick/Controls/Basic/ToolSeparator.qml,B90207F8220A3A54E0F279D6E7BE93ED2791AA864C10835130E505589BF22309,1037,qml:QtQuick.Controls.Basic,qml,LIKELY_REQUIRED,PySide6 wheel tree SHA-256 match,,UNKNOWN
Release/External_Test/2026-07-30_audio-validation-fix/Qonic_Audio_v5.0_internal_test/_internal/PySide6/qml/QtQuick/Controls/Basic/ToolTip.qml,0F70C39A283641F6D309B62A62DC8B62C5FDE500510A117D554F932FA4BA0D82,1158,qml:QtQuick.Controls.Basic,qml,LIKELY_REQUIRED,PySide6 wheel tree SHA-256 match,,UNKNOWN
Release/External_Test/2026-07-30_audio-validation-fix/Qonic_Audio_v5.0_internal_test/_internal/PySide6/qml/QtQuick/Controls/Basic/TreeViewDelegate.qml,FFAB415177DAA180DC978C5EDC4E78B5D04B306159DD859B6471E48FABFB3930,4389,qml:QtQuick.Controls.Basic,qml,LIKELY_REQUIRED,PySide6 wheel tree SHA-256 match,,UNKNOWN
Release/External_Test/2026-07-30_audio-validation-fix/Qonic_Audio_v5.0_internal_test/_internal/PySide6/qml/QtQuick/Controls/Basic/Tumbler.qml,8BC5DB7673954DF7F925B806D3657EA7CA6FEB067BA34CA26D9EB752E7CCE541,2126,qml:QtQuick.Controls.Basic,qml,LIKELY_REQUIRED,PySide6 wheel tree SHA-256 match,,UNKNOWN
Release/External_Test/2026-07-30_audio-validation-fix/Qonic_Audio_v5.0_internal_test/_internal/PySide6/qml/QtQuick/Controls/Basic/VerticalHeaderView.qml,BFB44B28BE8636CF5FEDD504B41DED92DDE35350A9E437F61F327E413CB18F07,841,qml:QtQuick.Controls.Basic,qml,LIKELY_REQUIRED,PySide6 wheel tree SHA-256 match,,UNKNOWN
Release/External_Test/2026-07-30_audio-validation-fix/Qonic_Audio_v5.0_internal_test/_internal/PySide6/qml/QtQuick/Controls/Basic/VerticalHeaderViewDelegate.qml,C450201E728ED0569D36FBA1838C6B0115410F629F950D46B5A04DB589DAC9DB,1171,qml:QtQuick.Controls.Basic,qml,LIKELY_REQUIRED,PySide6 wheel tree SHA-256 match,,UNKNOWN
Release/External_Test/2026-07-30_audio-validation-fix/Qonic_Audio_v5.0_internal_test/_internal/PySide6/qml/QtQuick/Controls/Basic/WeekNumberColumn.qml,20C891CF756F0711F8FDBF2371F04D0A8F0D8F556613EB0F85F2A18FA5C2724C,1181,qml:QtQuick.Controls.Basic,qml,LIKELY_REQUIRED,PySide6 wheel tree SHA-256 match,,UNKNOWN
Release/External_Test/2026-07-30_audio-validation-fix/Qonic_Audio_v5.0_internal_test/_internal/PySide6/qml/QtQuick/Controls/designer/AbstractButtonSection.qml,78E92B4A85141F8B494FBDC4B476FA3BF21889ABC4B32E89A8560F1808649DAD,2896,qml:QtQuick.Controls.designer,qml,LIKELY_REQUIRED,PySide6 wheel tree SHA-256 match,,UNKNOWN
Release/External_Test/2026-07-30_audio-validation-fix/Qonic_Audio_v5.0_internal_test/_internal/PySide6/qml/QtQuick/Controls/designer/BusyIndicatorSpecifics.qml,DB795A7BFE15B0AACE02AB820CDF97DD613C9FC631866CC3C1F5FB19713D9561,1037,qml:QtQuick.Controls.designer,qml,LIKELY_REQUIRED,PySide6 wheel tree SHA-256 match,,UNKNOWN
Release/External_Test/2026-07-30_audio-validation-fix/Qonic_Audio_v5.0_internal_test/_internal/PySide6/qml/QtQuick/Controls/designer/ButtonSection.qml,D667C160BAB2ABF46A4441D8790F91CDD09B3D715E41C19F1DD410695D1E631F,1298,qml:QtQuick.Controls.designer,qml,LIKELY_REQUIRED,PySide6 wheel tree SHA-256 match,,UNKNOWN
Release/External_Test/2026-07-30_audio-validation-fix/Qonic_Audio_v5.0_internal_test/_internal/PySide6/qml/QtQuick/Controls/designer/ButtonSpecifics.qml,96C8077F2AA8D335CEEF3C7B07C8EB8AE1B119FDCFEAF91E09ACFDA2FDD6C410,602,qml:QtQuick.Controls.designer,qml,LIKELY_REQUIRED,PySide6 wheel tree SHA-256 match,,UNKNOWN
Release/External_Test/2026-07-30_audio-validation-fix/Qonic_Audio_v5.0_internal_test/_internal/PySide6/qml/QtQuick/Controls/designer/CheckBoxSpecifics.qml,FE596A33DCE9EC55352AA8AB72B807CB0D6A7D2893B5EC2D7F6BEDD2766A7DA8,636,qml:QtQuick.Controls.designer,qml,LIKELY_REQUIRED,PySide6 wheel tree SHA-256 match,,UNKNOWN
Release/External_Test/2026-07-30_audio-validation-fix/Qonic_Audio_v5.0_internal_test/_internal/PySide6/qml/QtQuick/Controls/designer/CheckDelegateSpecifics.qml,BC7A7FF1FC3C0B46FC7B1D966D11145AB1D07480B7B8B114838F09DCF3CB83F6,706,qml:QtQuick.Controls.designer,qml,LIKELY_REQUIRED,PySide6 wheel tree SHA-256 match,,UNKNOWN
Release/External_Test/2026-07-30_audio-validation-fix/Qonic_Audio_v5.0_internal_test/_internal/PySide6/qml/QtQuick/Controls/designer/CheckSection.qml,D217ADAEB887A68C68E08AB0DA370F1A472FBB2BECAE86B79C48D539EBD439B1,1071,qml:QtQuick.Controls.designer,qml,LIKELY_REQUIRED,PySide6 wheel tree SHA-256 match,,UNKNOWN
Release/External_Test/2026-07-30_audio-validation-fix/Qonic_Audio_v5.0_internal_test/_internal/PySide6/qml/QtQuick/Controls/designer/ComboBoxSpecifics.qml,24389EC76882A86A261F615AAC784EFEC8E4ABBA0AF9873D4FD67BE5B09EC76C,2500,qml:QtQuick.Controls.designer,qml,LIKELY_REQUIRED,PySide6 wheel tree SHA-256 match,,UNKNOWN
Release/External_Test/2026-07-30_audio-validation-fix/Qonic_Audio_v5.0_internal_test/_internal/PySide6/qml/QtQuick/Controls/designer/ContainerSection.qml,7C4FC8EA41EC414FE15CCBF66E8AA954B1A363180F0048EA7D536832687637AA,746,qml:QtQuick.Controls.designer,qml,LIKELY_REQUIRED,PySide6 wheel tree SHA-256 match,,UNKNOWN
Release/External_Test/2026-07-30_audio-validation-fix/Qonic_Audio_v5.0_internal_test/_internal/PySide6/qml/QtQuick/Controls/designer/ControlSection.qml,D60C6C5A74D42B8EDF7E795E64F645B63C083DABAAB2CCF9730D779B0CA71DD9,2647,qml:QtQuick.Controls.designer,qml,LIKELY_REQUIRED,PySide6 wheel tree SHA-256 match,,UNKNOWN
Release/External_Test/2026-07-30_audio-validation-fix/Qonic_Audio_v5.0_internal_test/_internal/PySide6/qml/QtQuick/Controls/designer/ControlSpecifics.qml,F0957C7F14093DC9002A74930D72E3D1A7DB69CD9CBEAA023CF8394EF9D20D96,476,qml:QtQuick.Controls.designer,qml,LIKELY_REQUIRED,PySide6 wheel tree SHA-256 match,,UNKNOWN
Release/External_Test/2026-07-30_audio-validation-fix/Qonic_Audio_v5.0_internal_test/_internal/PySide6/qml/QtQuick/Controls/designer/DelayButtonSpecifics.qml,BE6DF69972E09DBB30D9219200DF08304DD93BB3C2C0A34958E102A4153E301D,1146,qml:QtQuick.Controls.designer,qml,LIKELY_REQUIRED,PySide6 wheel tree SHA-256 match,,UNKNOWN
Release/External_Test/2026-07-30_audio-validation-fix/Qonic_Audio_v5.0_internal_test/_internal/PySide6/qml/QtQuick/Controls/designer/DialSpecifics.qml,AA2D1D04B9D05CCD74C51004C62421840F6D2A55B3AEBED8DE865EC3E0395D5D,4359,qml:QtQuick.Controls.designer,qml,LIKELY_REQUIRED,PySide6 wheel tree SHA-256 match,,UNKNOWN
Release/External_Test/2026-07-30_audio-validation-fix/Qonic_Audio_v5.0_internal_test/_internal/PySide6/qml/QtQuick/Controls/designer/FrameSpecifics.qml,D9ABE08E9409089A61B85EB35568A5ED68C3E28E0042529BEE8BF2D6417F14EB,533,qml:QtQuick.Controls.designer,qml,LIKELY_REQUIRED,PySide6 wheel tree SHA-256 match,,UNKNOWN
Release/External_Test/2026-07-30_audio-validation-fix/Qonic_Audio_v5.0_internal_test/_internal/PySide6/qml/QtQuick/Controls/designer/GroupBoxSpecifics.qml,61E09ADA3FE5348F8D35CBB6C4DB5BD99BDFCF913D55CBC208E846BCDDD143FA,989,qml:QtQuick.Controls.designer,qml,LIKELY_REQUIRED,PySide6 wheel tree SHA-256 match,,UNKNOWN
Release/External_Test/2026-07-30_audio-validation-fix/Qonic_Audio_v5.0_internal_test/_internal/PySide6/qml/QtQuick/Controls/designer/images/busyindicator-icon.png,02E0FA98254896D80E653F6223670ECAF5B289E9326B569DEDA68FB9B3A924ED,320,qml:QtQuick.Controls.designer,qml,LIKELY_REQUIRED,PySide6 wheel tree SHA-256 match,,UNKNOWN
Release/External_Test/2026-07-30_audio-validation-fix/Qonic_Audio_v5.0_internal_test/_internal/PySide6/qml/QtQuick/Controls/designer/images/busyindicator-icon16.png,2733397B655E5CE5EE38A89CE4C47E608CC439C61479191CC769E3CB2047FCAC,229,qml:QtQuick.Controls.designer,qml,LIKELY_REQUIRED,PySide6 wheel tree SHA-256 match,,UNKNOWN
Release/External_Test/2026-07-30_audio-validation-fix/Qonic_Audio_v5.0_internal_test/_internal/PySide6/qml/QtQuick/Controls/designer/images/busyindicator-icon@2x.png,E0CDD5067406A7AF72C33ABA8BBE7DDCB67B35C3AA232CA538F0243D35F9DBC9,643,qml:QtQuick.Controls.designer,qml,LIKELY_REQUIRED,PySide6 wheel tree SHA-256 match,,UNKNOWN
Release/External_Test/2026-07-30_audio-validation-fix/Qonic_Audio_v5.0_internal_test/_internal/PySide6/qml/QtQuick/Controls/designer/images/button-icon.png,8B570AFCF93F9FF7D2299D1689D372B57DF9C432946C28EC5688D437070DD8C0,162,qml:QtQuick.Controls.designer,qml,LIKELY_REQUIRED,PySide6 wheel tree SHA-256 match,,UNKNOWN
Release/External_Test/2026-07-30_audio-validation-fix/Qonic_Audio_v5.0_internal_test/_internal/PySide6/qml/QtQuick/Controls/designer/images/button-icon16.png,BEBDEE848CF1B6041D5FE1E00B064AA16F7CFF5117A3BA72511E70E69C52B888,145,qml:QtQuick.Controls.designer,qml,LIKELY_REQUIRED,PySide6 wheel tree SHA-256 match,,UNKNOWN
Release/External_Test/2026-07-30_audio-validation-fix/Qonic_Audio_v5.0_internal_test/_internal/PySide6/qml/QtQuick/Controls/designer/images/button-icon@2x.png,82C19B31BB0AED7546AA71A9BD909C81056D72C0B91C0B6846F427BDC03A738A,259,qml:QtQuick.Controls.designer,qml,LIKELY_REQUIRED,PySide6 wheel tree SHA-256 match,,UNKNOWN
Release/External_Test/2026-07-30_audio-validation-fix/Qonic_Audio_v5.0_internal_test/_internal/PySide6/qml/QtQuick/Controls/designer/images/checkbox-icon.png,1311DD9623D476FAD26EC82C6622F52181E8C557309D3B0E4B964410AE49DD24,258,qml:QtQuick.Controls.designer,qml,LIKELY_REQUIRED,PySide6 wheel tree SHA-256 match,,UNKNOWN
Release/External_Test/2026-07-30_audio-validation-fix/Qonic_Audio_v5.0_internal_test/_internal/PySide6/qml/QtQuick/Controls/designer/images/checkbox-icon16.png,C79B4B9C3C7C95C8A9A7F387B7565003904AB92754D808B63B603695A7782BD1,230,qml:QtQuick.Controls.designer,qml,LIKELY_REQUIRED,PySide6 wheel tree SHA-256 match,,UNKNOWN
Release/External_Test/2026-07-30_audio-validation-fix/Qonic_Audio_v5.0_internal_test/_internal/PySide6/qml/QtQuick/Controls/designer/images/checkbox-icon@2x.png,81497DEC610FBA4092B6FEA708898EF5378C556CF50547DB745F0D2BB0B15E0E,336,qml:QtQuick.Controls.designer,qml,LIKELY_REQUIRED,PySide6 wheel tree SHA-256 match,,UNKNOWN
Release/External_Test/2026-07-30_audio-validation-fix/Qonic_Audio_v5.0_internal_test/_internal/PySide6/qml/QtQuick/Controls/designer/images/combobox-icon.png,1339F0EE67AF481730246CDE6C2294E75389CBFBD88AE7E92E978E24C5477E1F,156,qml:QtQuick.Controls.designer,qml,LIKELY_REQUIRED,PySide6 wheel tree SHA-256 match,,UNKNOWN
Release/External_Test/2026-07-30_audio-validation-fix/Qonic_Audio_v5.0_internal_test/_internal/PySide6/qml/QtQuick/Controls/designer/images/combobox-icon16.png,5C8669BBAF53135CD9A908C7DE90A765E6AA63291D4F38188B2FD8CEB7D42EB3,155,qml:QtQuick.Controls.designer,qml,LIKELY_REQUIRED,PySide6 wheel tree SHA-256 match,,UNKNOWN
Release/External_Test/2026-07-30_audio-validation-fix/Qonic_Audio_v5.0_internal_test/_internal/PySide6/qml/QtQuick/Controls/designer/images/combobox-icon@2x.png,2A55B72A3BC42AB0292FBE1259E27F4FADFB08C19DB2A6012523AA8FB221CA52,185,qml:QtQuick.Controls.designer,qml,LIKELY_REQUIRED,PySide6 wheel tree SHA-256 match,,UNKNOWN
Release/External_Test/2026-07-30_audio-validation-fix/Qonic_Audio_v5.0_internal_test/_internal/PySide6/qml/QtQuick/Controls/designer/images/control-icon.png,4B419BED449885A9CE6A92A001CA9E19F084DADC3D369BD99B926F1E71BC7903,293,qml:QtQuick.Controls.designer,qml,LIKELY_REQUIRED,PySide6 wheel tree SHA-256 match,,UNKNOWN
Release/External_Test/2026-07-30_audio-validation-fix/Qonic_Audio_v5.0_internal_test/_internal/PySide6/qml/QtQuick/Controls/designer/images/control-icon16.png,9879D4655024AFC502749BB00D8299D971D0812D9348BDB9F194D8C541475811,229,qml:QtQuick.Controls.designer,qml,LIKELY_REQUIRED,PySide6 wheel tree SHA-256 match,,UNKNOWN
Release/External_Test/2026-07-30_audio-validation-fix/Qonic_Audio_v5.0_internal_test/_internal/PySide6/qml/QtQuick/Controls/designer/images/control-icon@2x.png,8C807C9B566F1A0052C4BDD745DF974289C04922F33CBF7584A45A0806DB628F,509,qml:QtQuick.Controls.designer,qml,LIKELY_REQUIRED,PySide6 wheel tree SHA-256 match,,UNKNOWN
Release/External_Test/2026-07-30_audio-validation-fix/Qonic_Audio_v5.0_internal_test/_internal/PySide6/qml/QtQuick/Controls/designer/images/delaybutton-icon.png,9A87ACE858844CE30217E692274F96EB064FC3EA3AFD7CD22E73481BB73F3D3C,189,qml:QtQuick.Controls.designer,qml,LIKELY_REQUIRED,PySide6 wheel tree SHA-256 match,,UNKNOWN
Release/External_Test/2026-07-30_audio-validation-fix/Qonic_Audio_v5.0_internal_test/_internal/PySide6/qml/QtQuick/Controls/designer/images/delaybutton-icon16.png,F62AB5573950155F52AE1B7911A7ED547E877785883D77307CD5953DDFAA0D5B,160,qml:QtQuick.Controls.designer,qml,LIKELY_REQUIRED,PySide6 wheel tree SHA-256 match,,UNKNOWN
Release/External_Test/2026-07-30_audio-validation-fix/Qonic_Audio_v5.0_internal_test/_internal/PySide6/qml/QtQuick/Controls/designer/images/delaybutton-icon@2x.png,53F0385B1E5ACA0F6CAF5D38895EC5F5DA1AFB61F99BE8FCDA086DB44342BADD,286,qml:QtQuick.Controls.designer,qml,LIKELY_REQUIRED,PySide6 wheel tree SHA-256 match,,UNKNOWN
Release/External_Test/2026-07-30_audio-validation-fix/Qonic_Audio_v5.0_internal_test/_internal/PySide6/qml/QtQuick/Controls/designer/images/dial-icon.png,B920792965B82F5E6A6050584CAD23177EAE03CD531703858C97C7F9E1562B1D,267,qml:QtQuick.Controls.designer,qml,LIKELY_REQUIRED,PySide6 wheel tree SHA-256 match,,UNKNOWN
Release/External_Test/2026-07-30_audio-validation-fix/Qonic_Audio_v5.0_internal_test/_internal/PySide6/qml/QtQuick/Controls/designer/images/dial-icon16.png,5D34C18970ADBA1C6E1CF4BFF1D10869610F9C634566E64764473DC978CD3589,243,qml:QtQuick.Controls.designer,qml,LIKELY_REQUIRED,PySide6 wheel tree SHA-256 match,,UNKNOWN
Release/External_Test/2026-07-30_audio-validation-fix/Qonic_Audio_v5.0_internal_test/_internal/PySide6/qml/QtQuick/Controls/designer/images/dial-icon@2x.png,8E5865DEA50E264BC454A474B5F92902A0F7BEDAA2841F7E967B8A9741BFE16A,505,qml:QtQuick.Controls.designer,qml,LIKELY_REQUIRED,PySide6 wheel tree SHA-256 match,,UNKNOWN
Release/External_Test/2026-07-30_audio-validation-fix/Qonic_Audio_v5.0_internal_test/_internal/PySide6/qml/QtQuick/Controls/designer/images/frame-icon.png,34FA2C4574D3640EC71AB2A381EE781995E4772A060AFA6BD8FB9B13577218A1,121,qml:QtQuick.Controls.designer,qml,LIKELY_REQUIRED,PySide6 wheel tree SHA-256 match,,UNKNOWN
Release/External_Test/2026-07-30_audio-validation-fix/Qonic_Audio_v5.0_internal_test/_internal/PySide6/qml/QtQuick/Controls/designer/images/frame-icon16.png,2F8A816D42FD5F91C6106C89DCEE793697E9801419CF935ECDEE902463E2720D,117,qml:QtQuick.Controls.designer,qml,LIKELY_REQUIRED,PySide6 wheel tree SHA-256 match,,UNKNOWN
Release/External_Test/2026-07-30_audio-validation-fix/Qonic_Audio_v5.0_internal_test/_internal/PySide6/qml/QtQuick/Controls/designer/images/frame-icon@2x.png,457668FC7504283BF117791EDC3EF901818AE857387FDE1D0E1F17B420741266,125,qml:QtQuick.Controls.designer,qml,LIKELY_REQUIRED,PySide6 wheel tree SHA-256 match,,UNKNOWN
Release/External_Test/2026-07-30_audio-validation-fix/Qonic_Audio_v5.0_internal_test/_internal/PySide6/qml/QtQuick/Controls/designer/images/groupbox-icon.png,FF9230939EAFDFC03C31F6DBF9B42DC8E5FC6E76904638BD0AF04612BB6C3D88,133,qml:QtQuick.Controls.designer,qml,LIKELY_REQUIRED,PySide6 wheel tree SHA-256 match,,UNKNOWN
Release/External_Test/2026-07-30_audio-validation-fix/Qonic_Audio_v5.0_internal_test/_internal/PySide6/qml/QtQuick/Controls/designer/images/groupbox-icon16.png,9BAA51F7C2E36E6FB68AE25F417034E9CBFE67A7263D521A39304A36CE8581A3,125,qml:QtQuick.Controls.designer,qml,LIKELY_REQUIRED,PySide6 wheel tree SHA-256 match,,UNKNOWN
Release/External_Test/2026-07-30_audio-validation-fix/Qonic_Audio_v5.0_internal_test/_internal/PySide6/qml/QtQuick/Controls/designer/images/groupbox-icon@2x.png,8BFAAE84606A3B98252BB9036F135730F6FEC4B4976A832459DAE1014025F385,136,qml:QtQuick.Controls.designer,qml,LIKELY_REQUIRED,PySide6 wheel tree SHA-256 match,,UNKNOWN
Release/External_Test/2026-07-30_audio-validation-fix/Qonic_Audio_v5.0_internal_test/_internal/PySide6/qml/QtQuick/Controls/designer/images/itemdelegate-icon.png,AB5FBD265A69F34A4AABF064594CE5DD9DB497F9E0B78109BBB6CAE248EE2E6E,127,qml:QtQuick.Controls.designer,qml,LIKELY_REQUIRED,PySide6 wheel tree SHA-256 match,,UNKNOWN
Release/External_Test/2026-07-30_audio-validation-fix/Qonic_Audio_v5.0_internal_test/_internal/PySide6/qml/QtQuick/Controls/designer/images/itemdelegate-icon16.png,2ED49E5D10F3EFF68CD57F9F5CA18E1649D79D64430CD0C27C2F379C31E2C5BA,124,qml:QtQuick.Controls.designer,qml,LIKELY_REQUIRED,PySide6 wheel tree SHA-256 match,,UNKNOWN
Release/External_Test/2026-07-30_audio-validation-fix/Qonic_Audio_v5.0_internal_test/_internal/PySide6/qml/QtQuick/Controls/designer/images/itemdelegate-icon@2x.png,35CD190647589D00427E03F347FB9A0E68FBAA18F3556393F8A9978C83287BB8,133,qml:QtQuick.Controls.designer,qml,LIKELY_REQUIRED,PySide6 wheel tree SHA-256 match,,UNKNOWN
Release/External_Test/2026-07-30_audio-validation-fix/Qonic_Audio_v5.0_internal_test/_internal/PySide6/qml/QtQuick/Controls/designer/images/label-icon.png,E66830233371D21E0DD1613E4CD968C8ADDDDD38459DCA332EB1184D30005B2D,206,qml:QtQuick.Controls.designer,qml,LIKELY_REQUIRED,PySide6 wheel tree SHA-256 match,,UNKNOWN
Release/External_Test/2026-07-30_audio-validation-fix/Qonic_Audio_v5.0_internal_test/_internal/PySide6/qml/QtQuick/Controls/designer/images/label-icon16.png,8CE5FA2C227D57ADBF9B68BAA42A3765D81E34E8332C413E498E989074BE8701,182,qml:QtQuick.Controls.designer,qml,LIKELY_REQUIRED,PySide6 wheel tree SHA-256 match,,UNKNOWN
Release/External_Test/2026-07-30_audio-validation-fix/Qonic_Audio_v5.0_internal_test/_internal/PySide6/qml/QtQuick/Controls/designer/images/label-icon@2x.png,CCBC36BE31BA5B576570753FA92181B887E9A048F9155B2CC630BADF2F229B3E,284,qml:QtQuick.Controls.designer,qml,LIKELY_REQUIRED,PySide6 wheel tree SHA-256 match,,UNKNOWN
Release/External_Test/2026-07-30_audio-validation-fix/Qonic_Audio_v5.0_internal_test/_internal/PySide6/qml/QtQuick/Controls/designer/images/page-icon.png,671571E519D51393F67C7EF6165ABEDF2CBCF6A5ADEC760D62F7477733791610,190,qml:QtQuick.Controls.designer,qml,LIKELY_REQUIRED,PySide6 wheel tree SHA-256 match,,UNKNOWN
Release/External_Test/2026-07-30_audio-validation-fix/Qonic_Audio_v5.0_internal_test/_internal/PySide6/qml/QtQuick/Controls/designer/images/page-icon16.png,A1104B7C497367B054EA7BB7B13042ABCF6E2701B5B4FD2D32E4F0C288C61C8B,148,qml:QtQuick.Controls.designer,qml,LIKELY_REQUIRED,PySide6 wheel tree SHA-256 match,,UNKNOWN
Release/External_Test/2026-07-30_audio-validation-fix/Qonic_Audio_v5.0_internal_test/_internal/PySide6/qml/QtQuick/Controls/designer/images/page-icon@2x.png,470C07CF07F02ED291741433AAD88AB80F1EC7671D6403DEC3D74F7EE13BB803,195,qml:QtQuick.Controls.designer,qml,LIKELY_REQUIRED,PySide6 wheel tree SHA-256 match,,UNKNOWN
Release/External_Test/2026-07-30_audio-validation-fix/Qonic_Audio_v5.0_internal_test/_internal/PySide6/qml/QtQuick/Controls/designer/images/pageindicator-icon.png,F464FA5BBC20F60471A1747B455FB5982C34E378602858EBC54A28128D53CAAF,179,qml:QtQuick.Controls.designer,qml,LIKELY_REQUIRED,PySide6 wheel tree SHA-256 match,,UNKNOWN
Release/External_Test/2026-07-30_audio-validation-fix/Qonic_Audio_v5.0_internal_test/_internal/PySide6/qml/QtQuick/Controls/designer/images/pageindicator-icon16.png,C55198FAACCEEF55982A3ECEBE54EE4DA5C602DE3F25F1CA8A7E0E47390A42D5,158,qml:QtQuick.Controls.designer,qml,LIKELY_REQUIRED,PySide6 wheel tree SHA-256 match,,UNKNOWN
Release/External_Test/2026-07-30_audio-validation-fix/Qonic_Audio_v5.0_internal_test/_internal/PySide6/qml/QtQuick/Controls/designer/images/pageindicator-icon@2x.png,F76D3DB6E89F93B8A94227791DF7679341C42BAA1C81D36290B0C3EAB6CB87DD,207,qml:QtQuick.Controls.designer,qml,LIKELY_REQUIRED,PySide6 wheel tree SHA-256 match,,UNKNOWN
Release/External_Test/2026-07-30_audio-validation-fix/Qonic_Audio_v5.0_internal_test/_internal/PySide6/qml/QtQuick/Controls/designer/images/pane-icon.png,F685A48ECCE386E135631BEA5021D952B76F103D9591C5F0A08E3EE128095108,93,qml:QtQuick.Controls.designer,qml,LIKELY_REQUIRED,PySide6 wheel tree SHA-256 match,,UNKNOWN
Release/External_Test/2026-07-30_audio-validation-fix/Qonic_Audio_v5.0_internal_test/_internal/PySide6/qml/QtQuick/Controls/designer/images/pane-icon16.png,52A9FD93B93D89D52179D59413D9E66C30E4DCB772517D2779B50B333D8BF2BB,92,qml:QtQuick.Controls.designer,qml,LIKELY_REQUIRED,PySide6 wheel tree SHA-256 match,,UNKNOWN
Release/External_Test/2026-07-30_audio-validation-fix/Qonic_Audio_v5.0_internal_test/_internal/PySide6/qml/QtQuick/Controls/designer/images/pane-icon@2x.png,B72E9B5CDD7CC922817A511E44BD27573868EF7841B456A4C22FF9FC61092D3A,96,qml:QtQuick.Controls.designer,qml,LIKELY_REQUIRED,PySide6 wheel tree SHA-256 match,,UNKNOWN
Release/External_Test/2026-07-30_audio-validation-fix/Qonic_Audio_v5.0_internal_test/_internal/PySide6/qml/QtQuick/Controls/designer/images/progressbar-icon.png,6B3F1DA3DD4CA2CB84164070647D28CC9FB2490E8ABCEC24639EA7F4F3789FD8,101,qml:QtQuick.Controls.designer,qml,LIKELY_REQUIRED,PySide6 wheel tree SHA-256 match,,UNKNOWN
Release/External_Test/2026-07-30_audio-validation-fix/Qonic_Audio_v5.0_internal_test/_internal/PySide6/qml/QtQuick/Controls/designer/images/progressbar-icon16.png,D2697968299A96AECD915C22891DB2E25F3059BB9D5A4E207ECD156115FCD2A8,92,qml:QtQuick.Controls.designer,qml,LIKELY_REQUIRED,PySide6 wheel tree SHA-256 match,,UNKNOWN
Release/External_Test/2026-07-30_audio-validation-fix/Qonic_Audio_v5.0_internal_test/_internal/PySide6/qml/QtQuick/Controls/designer/images/progressbar-icon@2x.png,A7E67F219846D4F820C64F2C6BE7C58C9A5F048EC78DEF9BB634A0DC43479841,127,qml:QtQuick.Controls.designer,qml,LIKELY_REQUIRED,PySide6 wheel tree SHA-256 match,,UNKNOWN
Release/External_Test/2026-07-30_audio-validation-fix/Qonic_Audio_v5.0_internal_test/_internal/PySide6/qml/QtQuick/Controls/designer/images/radiobutton-icon.png,A78117CB020CA15F02B3BCCFF2682E5DD53740820872E49BE0F592946179D970,279,qml:QtQuick.Controls.designer,qml,LIKELY_REQUIRED,PySide6 wheel tree SHA-256 match,,UNKNOWN
Release/External_Test/2026-07-30_audio-validation-fix/Qonic_Audio_v5.0_internal_test/_internal/PySide6/qml/QtQuick/Controls/designer/images/radiobutton-icon16.png,56D1AABB240390F3AF33227CF47572DDB604B5581144739DEEB422A4E3598182,218,qml:QtQuick.Controls.designer,qml,LIKELY_REQUIRED,PySide6 wheel tree SHA-256 match,,UNKNOWN
Release/External_Test/2026-07-30_audio-validation-fix/Qonic_Audio_v5.0_internal_test/_internal/PySide6/qml/QtQuick/Controls/designer/images/radiobutton-icon@2x.png,33A57B2B210E4000C73200EB62EAE4E3FDB53E752F2FC8CEE5032C2967D2BDC5,482,qml:QtQuick.Controls.designer,qml,LIKELY_REQUIRED,PySide6 wheel tree SHA-256 match,,UNKNOWN
Release/External_Test/2026-07-30_audio-validation-fix/Qonic_Audio_v5.0_internal_test/_internal/PySide6/qml/QtQuick/Controls/designer/images/rangeslider-icon.png,6F1B5F8D94399A1BB372D78B958101621D04C2030324DCE548D570DC140A9E8E,269,qml:QtQuick.Controls.designer,qml,LIKELY_REQUIRED,PySide6 wheel tree SHA-256 match,,UNKNOWN
Release/External_Test/2026-07-30_audio-validation-fix/Qonic_Audio_v5.0_internal_test/_internal/PySide6/qml/QtQuick/Controls/designer/images/rangeslider-icon16.png,6864EB590ECDEA19DEAA5D9D858164E9F0FED65B3F92FCBAFB4F1F2B678BDCA9,231,qml:QtQuick.Controls.designer,qml,LIKELY_REQUIRED,PySide6 wheel tree SHA-256 match,,UNKNOWN
Release/External_Test/2026-07-30_audio-validation-fix/Qonic_Audio_v5.0_internal_test/_internal/PySide6/qml/QtQuick/Controls/designer/images/rangeslider-icon@2x.png,2CDBDA8732E153568C15E088A865A822F9743B1B437C7DB1341C2917199F28AD,282,qml:QtQuick.Controls.designer,qml,LIKELY_REQUIRED,PySide6 wheel tree SHA-256 match,,UNKNOWN
Release/External_Test/2026-07-30_audio-validation-fix/Qonic_Audio_v5.0_internal_test/_internal/PySide6/qml/QtQuick/Controls/designer/images/roundbutton-icon.png,99B9B80312B8DEAF6B9F39AE3D9BEDC2053C13E60AF608A4B0497AC300ABED57,229,qml:QtQuick.Controls.designer,qml,LIKELY_REQUIRED,PySide6 wheel tree SHA-256 match,,UNKNOWN
Release/External_Test/2026-07-30_audio-validation-fix/Qonic_Audio_v5.0_internal_test/_internal/PySide6/qml/QtQuick/Controls/designer/images/roundbutton-icon16.png,DBEB399381F205C59FA25B5FEEE98FFAAF744EA4A339AE42F3A497A9A41EF2ED,186,qml:QtQuick.Controls.designer,qml,LIKELY_REQUIRED,PySide6 wheel tree SHA-256 match,,UNKNOWN
Release/External_Test/2026-07-30_audio-validation-fix/Qonic_Audio_v5.0_internal_test/_internal/PySide6/qml/QtQuick/Controls/designer/images/roundbutton-icon@2x.png,D29E2D78A95EFCABA8391EA35A5F1C097BE666BF878FCBB2D91262D600213129,381,qml:QtQuick.Controls.designer,qml,LIKELY_REQUIRED,PySide6 wheel tree SHA-256 match,,UNKNOWN
Release/External_Test/2026-07-30_audio-validation-fix/Qonic_Audio_v5.0_internal_test/_internal/PySide6/qml/QtQuick/Controls/designer/images/scrollview-icon.png,95C391220B616E9733A9D4FB8C675430069DD74CA3C37E4DEF92158C3A1B75E2,110,qml:QtQuick.Controls.designer,qml,LIKELY_REQUIRED,PySide6 wheel tree SHA-256 match,,UNKNOWN
Release/External_Test/2026-07-30_audio-validation-fix/Qonic_Audio_v5.0_internal_test/_internal/PySide6/qml/QtQuick/Controls/designer/images/scrollview-icon16.png,382824CB4968E384B1A85DE6A222EBF36EB5691F4A736E7293580FE62A9FAA81,116,qml:QtQuick.Controls.designer,qml,LIKELY_REQUIRED,PySide6 wheel tree SHA-256 match,,UNKNOWN
Release/External_Test/2026-07-30_audio-validation-fix/Qonic_Audio_v5.0_internal_test/_internal/PySide6/qml/QtQuick/Controls/designer/images/scrollview-icon@2x.png,046E91E191B4DB9F38C631004FF261C3A391ED6BD10821FCBD75A367B99045C2,145,qml:QtQuick.Controls.designer,qml,LIKELY_REQUIRED,PySide6 wheel tree SHA-256 match,,UNKNOWN
Release/External_Test/2026-07-30_audio-validation-fix/Qonic_Audio_v5.0_internal_test/_internal/PySide6/qml/QtQuick/Controls/designer/images/slider-icon.png,62687A61FC08E488563F76DEEF1C3DFA13A4D46B1B2989ED0B8E97B8EA286A80,190,qml:QtQuick.Controls.designer,qml,LIKELY_REQUIRED,PySide6 wheel tree SHA-256 match,,UNKNOWN
Release/External_Test/2026-07-30_audio-validation-fix/Qonic_Audio_v5.0_internal_test/_internal/PySide6/qml/QtQuick/Controls/designer/images/slider-icon16.png,A1F3E4C5B3955E27AE26B96AD3611C68EA3A0C821F79E26E3037050F77DA30D2,156,qml:QtQuick.Controls.designer,qml,LIKELY_REQUIRED,PySide6 wheel tree SHA-256 match,,UNKNOWN
Release/External_Test/2026-07-30_audio-validation-fix/Qonic_Audio_v5.0_internal_test/_internal/PySide6/qml/QtQuick/Controls/designer/images/slider-icon@2x.png,E2549F3EDF7F059C7386780ACB7B837282226713DF8E335EA20EAAE46D558292,227,qml:QtQuick.Controls.designer,qml,LIKELY_REQUIRED,PySide6 wheel tree SHA-256 match,,UNKNOWN
Release/External_Test/2026-07-30_audio-validation-fix/Qonic_Audio_v5.0_internal_test/_internal/PySide6/qml/QtQuick/Controls/designer/images/spinbox-icon.png,A4B625CF8A9514FB099BF6EC10BB3E3CB85EEC1965E559C7D2A945B4CCE9FA07,144,qml:QtQuick.Controls.designer,qml,LIKELY_REQUIRED,PySide6 wheel tree SHA-256 match,,UNKNOWN
Release/External_Test/2026-07-30_audio-validation-fix/Qonic_Audio_v5.0_internal_test/_internal/PySide6/qml/QtQuick/Controls/designer/images/spinbox-icon16.png,8AD23FC81CF56182C5D8A70BE925539DE31BCEA0F2B6B54BB8592A71AE634545,151,qml:QtQuick.Controls.designer,qml,LIKELY_REQUIRED,PySide6 wheel tree SHA-256 match,,UNKNOWN
Release/External_Test/2026-07-30_audio-validation-fix/Qonic_Audio_v5.0_internal_test/_internal/PySide6/qml/QtQuick/Controls/designer/images/spinbox-icon@2x.png,DE0D8D23A147190E9A5A1D97828953D2AAF73938033BE5C648BD621CCE8533F0,178,qml:QtQuick.Controls.designer,qml,LIKELY_REQUIRED,PySide6 wheel tree SHA-256 match,,UNKNOWN
Release/External_Test/2026-07-30_audio-validation-fix/Qonic_Audio_v5.0_internal_test/_internal/PySide6/qml/QtQuick/Controls/designer/images/stackview-icon.png,8D0EC44BA53CF381C80624AEF18CE8962730BE6F8EBE15890CB32A0B8C3477B7,162,qml:QtQuick.Controls.designer,qml,LIKELY_REQUIRED,PySide6 wheel tree SHA-256 match,,UNKNOWN
Release/External_Test/2026-07-30_audio-validation-fix/Qonic_Audio_v5.0_internal_test/_internal/PySide6/qml/QtQuick/Controls/designer/images/stackview-icon16.png,0BECB6FB56908D6E9923693F0685D0D03E8A14A65A03B823765914BAEB07BF2B,151,qml:QtQuick.Controls.designer,qml,LIKELY_REQUIRED,PySide6 wheel tree SHA-256 match,,UNKNOWN
Release/External_Test/2026-07-30_audio-validation-fix/Qonic_Audio_v5.0_internal_test/_internal/PySide6/qml/QtQuick/Controls/designer/images/stackview-icon@2x.png,8B196AFFA121B3423B2E552B6C000F4DF419DCEA9384707DE5ABCF5EB6D26534,167,qml:QtQuick.Controls.designer,qml,LIKELY_REQUIRED,PySide6 wheel tree SHA-256 match,,UNKNOWN
Release/External_Test/2026-07-30_audio-validation-fix/Qonic_Audio_v5.0_internal_test/_internal/PySide6/qml/QtQuick/Controls/designer/images/swipeview-icon.png,E5856AD4FA95CBBAD49F8D33705550A74A718FDB398EB82E717ED8B7C82F14D1,163,qml:QtQuick.Controls.designer,qml,LIKELY_REQUIRED,PySide6 wheel tree SHA-256 match,,UNKNOWN
Release/External_Test/2026-07-30_audio-validation-fix/Qonic_Audio_v5.0_internal_test/_internal/PySide6/qml/QtQuick/Controls/designer/images/swipeview-icon16.png,98DD3480608943DBCFDF9C355084F03988BD7A479564C13EEE52B603D744C90D,152,qml:QtQuick.Controls.designer,qml,LIKELY_REQUIRED,PySide6 wheel tree SHA-256 match,,UNKNOWN
Release/External_Test/2026-07-30_audio-validation-fix/Qonic_Audio_v5.0_internal_test/_internal/PySide6/qml/QtQuick/Controls/designer/images/swipeview-icon@2x.png,C6CCB895A1FB51423297A02194E4D9A1AC2E5A7BD690903FECA458582F90DECD,184,qml:QtQuick.Controls.designer,qml,LIKELY_REQUIRED,PySide6 wheel tree SHA-256 match,,UNKNOWN
Release/External_Test/2026-07-30_audio-validation-fix/Qonic_Audio_v5.0_internal_test/_internal/PySide6/qml/QtQuick/Controls/designer/images/switch-icon.png,C8F6D4CB1869750B512DCCE9A605FE9625EDD76117253DC41BAE0C3D4DCB0C97,205,qml:QtQuick.Controls.designer,qml,LIKELY_REQUIRED,PySide6 wheel tree SHA-256 match,,UNKNOWN
Release/External_Test/2026-07-30_audio-validation-fix/Qonic_Audio_v5.0_internal_test/_internal/PySide6/qml/QtQuick/Controls/designer/images/switch-icon16.png,8690393A518700CED00DA1322C2438BA6F6498C54AFDC309560E8DEA1A953119,160,qml:QtQuick.Controls.designer,qml,LIKELY_REQUIRED,PySide6 wheel tree SHA-256 match,,UNKNOWN
Release/External_Test/2026-07-30_audio-validation-fix/Qonic_Audio_v5.0_internal_test/_internal/PySide6/qml/QtQuick/Controls/designer/images/switch-icon@2x.png,77CBB8F223A8305B80415E9827F96E2EFE7C00A1A947E36D329771FBF90282A3,314,qml:QtQuick.Controls.designer,qml,LIKELY_REQUIRED,PySide6 wheel tree SHA-256 match,,UNKNOWN
Release/External_Test/2026-07-30_audio-validation-fix/Qonic_Audio_v5.0_internal_test/_internal/PySide6/qml/QtQuick/Controls/designer/images/textarea-icon.png,5A266D70001496C2EA91123EA595228394257E937E0DF19F3F3E95FFA00A0C47,149,qml:QtQuick.Controls.designer,qml,LIKELY_REQUIRED,PySide6 wheel tree SHA-256 match,,UNKNOWN
Release/External_Test/2026-07-30_audio-validation-fix/Qonic_Audio_v5.0_internal_test/_internal/PySide6/qml/QtQuick/Controls/designer/images/textarea-icon16.png,41E8E252ABECA49BD6EFBF151FE02ACF120FEAB7980875D46EEA5A8E659D966A,133,qml:QtQuick.Controls.designer,qml,LIKELY_REQUIRED,PySide6 wheel tree SHA-256 match,,UNKNOWN
Release/External_Test/2026-07-30_audio-validation-fix/Qonic_Audio_v5.0_internal_test/_internal/PySide6/qml/QtQuick/Controls/designer/images/textarea-icon@2x.png,F51CE133DD7CB2ED74C8DAB85E775C46E705BFC91D6212A8D04B0C5432C822A1,163,qml:QtQuick.Controls.designer,qml,LIKELY_REQUIRED,PySide6 wheel tree SHA-256 match,,UNKNOWN
Release/External_Test/2026-07-30_audio-validation-fix/Qonic_Audio_v5.0_internal_test/_internal/PySide6/qml/QtQuick/Controls/designer/images/textfield-icon.png,DD0453FD04FFA9AEDF5AAC978FD4F2E22107FB46D6F2869CBAC4DE5903E1500A,154,qml:QtQuick.Controls.designer,qml,LIKELY_REQUIRED,PySide6 wheel tree SHA-256 match,,UNKNOWN
Release/External_Test/2026-07-30_audio-validation-fix/Qonic_Audio_v5.0_internal_test/_internal/PySide6/qml/QtQuick/Controls/designer/images/textfield-icon16.png,9A8F3EB2A14EC5517495F687402351FBBE2E06A04401D03D294E2544913B62F4,147,qml:QtQuick.Controls.designer,qml,LIKELY_REQUIRED,PySide6 wheel tree SHA-256 match,,UNKNOWN
Release/External_Test/2026-07-30_audio-validation-fix/Qonic_Audio_v5.0_internal_test/_internal/PySide6/qml/QtQuick/Controls/designer/images/textfield-icon@2x.png,85B8DDBC37078A49F151F2BFF080B33DB54B6E0C2A8FE6A044B83D9A3148A2DB,172,qml:QtQuick.Controls.designer,qml,LIKELY_REQUIRED,PySide6 wheel tree SHA-256 match,,UNKNOWN
Release/External_Test/2026-07-30_audio-validation-fix/Qonic_Audio_v5.0_internal_test/_internal/PySide6/qml/QtQuick/Controls/designer/images/toolbar-icon.png,091C60F6BA74899AB0BD2AFC454755659FA7D3B40A9A1F1F2E8FF557ABCA697E,131,qml:QtQuick.Controls.designer,qml,LIKELY_REQUIRED,PySide6 wheel tree SHA-256 match,,UNKNOWN
Release/External_Test/2026-07-30_audio-validation-fix/Qonic_Audio_v5.0_internal_test/_internal/PySide6/qml/QtQuick/Controls/designer/images/toolbar-icon16.png,B5265D124540A03E1FA7DEC3160B210B0BA48257D272B77F2F98CC17ACD1C754,114,qml:QtQuick.Controls.designer,qml,LIKELY_REQUIRED,PySide6 wheel tree SHA-256 match,,UNKNOWN
Release/External_Test/2026-07-30_audio-validation-fix/Qonic_Audio_v5.0_internal_test/_internal/PySide6/qml/QtQuick/Controls/designer/images/toolbar-icon@2x.png,286A7E5F47C1F8F67008FF1343ECE35CD5236AE9682E6556398C4D19682B2406,140,qml:QtQuick.Controls.designer,qml,LIKELY_REQUIRED,PySide6 wheel tree SHA-256 match,,UNKNOWN
Release/External_Test/2026-07-30_audio-validation-fix/Qonic_Audio_v5.0_internal_test/_internal/PySide6/qml/QtQuick/Controls/designer/images/toolbutton-icon.png,925D6C1F934919B59E1F3E142B2E7A38B0D4F6D5CA2FE67EFB7F237B22C300A0,141,qml:QtQuick.Controls.designer,qml,LIKELY_REQUIRED,PySide6 wheel tree SHA-256 match,,UNKNOWN
Release/External_Test/2026-07-30_audio-validation-fix/Qonic_Audio_v5.0_internal_test/_internal/PySide6/qml/QtQuick/Controls/designer/images/toolbutton-icon16.png,158C753531D79B927CD384125688FA813D4282CCA5D237BE7E89B8DD66E7FD85,128,qml:QtQuick.Controls.designer,qml,LIKELY_REQUIRED,PySide6 wheel tree SHA-256 match,,UNKNOWN
Release/External_Test/2026-07-30_audio-validation-fix/Qonic_Audio_v5.0_internal_test/_internal/PySide6/qml/QtQuick/Controls/designer/images/toolbutton-icon@2x.png,AB648E389EC4282747300E00A293A1DD7DDB56F63E232DA241D9B66A66009590,158,qml:QtQuick.Controls.designer,qml,LIKELY_REQUIRED,PySide6 wheel tree SHA-256 match,,UNKNOWN
Release/External_Test/2026-07-30_audio-validation-fix/Qonic_Audio_v5.0_internal_test/_internal/PySide6/qml/QtQuick/Controls/designer/images/toolseparator-icon.png,B1198FEB502554A254F9C1F3D86C1934E793876606CE1923458D0838CE1EF114,111,qml:QtQuick.Controls.designer,qml,LIKELY_REQUIRED,PySide6 wheel tree SHA-256 match,,UNKNOWN
Release/External_Test/2026-07-30_audio-validation-fix/Qonic_Audio_v5.0_internal_test/_internal/PySide6/qml/QtQuick/Controls/designer/images/toolseparator-icon16.png,B7B0010F45F586A24225F07576AD4569327EE948C51C58F77445C6709622C5F6,123,qml:QtQuick.Controls.designer,qml,LIKELY_REQUIRED,PySide6 wheel tree SHA-256 match,,UNKNOWN
Release/External_Test/2026-07-30_audio-validation-fix/Qonic_Audio_v5.0_internal_test/_internal/PySide6/qml/QtQuick/Controls/designer/images/toolseparator-icon@2x.png,5B41B2F5367516B08139E31150AC48C16A256136B96C2D33ECBBB502AA8240EC,131,qml:QtQuick.Controls.designer,qml,LIKELY_REQUIRED,PySide6 wheel tree SHA-256 match,,UNKNOWN
Release/External_Test/2026-07-30_audio-validation-fix/Qonic_Audio_v5.0_internal_test/_internal/PySide6/qml/QtQuick/Controls/designer/images/tumbler-icon.png,66BC18B0F169CF3C17C1EE95938B4E6A5F517594A7799839EB24468F05EA0511,132,qml:QtQuick.Controls.designer,qml,LIKELY_REQUIRED,PySide6 wheel tree SHA-256 match,,UNKNOWN
Release/External_Test/2026-07-30_audio-validation-fix/Qonic_Audio_v5.0_internal_test/_internal/PySide6/qml/QtQuick/Controls/designer/images/tumbler-icon16.png,DFA7FD0DCA712C77BAB4161E6E8D5C2DFEED76D3BFD75B7A194BFD5988EB55E1,127,qml:QtQuick.Controls.designer,qml,LIKELY_REQUIRED,PySide6 wheel tree SHA-256 match,,UNKNOWN
Release/External_Test/2026-07-30_audio-validation-fix/Qonic_Audio_v5.0_internal_test/_internal/PySide6/qml/QtQuick/Controls/designer/images/tumbler-icon@2x.png,7D2EE15DC2297AE4C6E376DE8157B00F1361FC93FE374B2A170F4B9D2F90510E,153,qml:QtQuick.Controls.designer,qml,LIKELY_REQUIRED,PySide6 wheel tree SHA-256 match,,UNKNOWN
Release/External_Test/2026-07-30_audio-validation-fix/Qonic_Audio_v5.0_internal_test/_internal/PySide6/qml/QtQuick/Controls/designer/InsetSection.qml,4342BCF13B57B49EB203193022F79B726F90D45A0BCDCE0B10442955F03898B3,2485,qml:QtQuick.Controls.designer,qml,LIKELY_REQUIRED,PySide6 wheel tree SHA-256 match,,UNKNOWN
Release/External_Test/2026-07-30_audio-validation-fix/Qonic_Audio_v5.0_internal_test/_internal/PySide6/qml/QtQuick/Controls/designer/ItemDelegateSection.qml,79A3EE23337A0A165E7ADF07DF632E110DF717D043E523C0AF52D4597B6FD4C1,731,qml:QtQuick.Controls.designer,qml,LIKELY_REQUIRED,PySide6 wheel tree SHA-256 match,,UNKNOWN
Release/External_Test/2026-07-30_audio-validation-fix/Qonic_Audio_v5.0_internal_test/_internal/PySide6/qml/QtQuick/Controls/designer/ItemDelegateSpecifics.qml,142C0D41D8334DB63F999A95A2DADE0EC056D9D7DC293578E80CD1F9F30D8BA6,608,qml:QtQuick.Controls.designer,qml,LIKELY_REQUIRED,PySide6 wheel tree SHA-256 match,,UNKNOWN
Release/External_Test/2026-07-30_audio-validation-fix/Qonic_Audio_v5.0_internal_test/_internal/PySide6/qml/QtQuick/Controls/designer/LabelSpecifics.qml,E56CCE7E9664C2430B78B8D5E4DB6883705BA2454DD25A25D1D4AE9C57FF1786,1233,qml:QtQuick.Controls.designer,qml,LIKELY_REQUIRED,PySide6 wheel tree SHA-256 match,,UNKNOWN
Release/External_Test/2026-07-30_audio-validation-fix/Qonic_Audio_v5.0_internal_test/_internal/PySide6/qml/QtQuick/Controls/designer/PaddingSection.qml,EDD0FF503C8236D01C2311A4B361FF96874902AAD8DE7D6ADB66438FAAD55CC2,2091,qml:QtQuick.Controls.designer,qml,LIKELY_REQUIRED,PySide6 wheel tree SHA-256 match,,UNKNOWN
Release/External_Test/2026-07-30_audio-validation-fix/Qonic_Audio_v5.0_internal_test/_internal/PySide6/qml/QtQuick/Controls/designer/PageIndicatorSpecifics.qml,C6A3C53CD5851ADCC937BD6B3B86278AB24FFB12E53576F04F475218DA4364E4,1874,qml:QtQuick.Controls.designer,qml,LIKELY_REQUIRED,PySide6 wheel tree SHA-256 match,,UNKNOWN
Release/External_Test/2026-07-30_audio-validation-fix/Qonic_Audio_v5.0_internal_test/_internal/PySide6/qml/QtQuick/Controls/designer/PageSpecifics.qml,98C875D4BEAC9C8F5094DE5FF4B09B5A4F13E50BFD23C78DAC9601D85BCE4FA5,1922,qml:QtQuick.Controls.designer,qml,LIKELY_REQUIRED,PySide6 wheel tree SHA-256 match,,UNKNOWN
Release/External_Test/2026-07-30_audio-validation-fix/Qonic_Audio_v5.0_internal_test/_internal/PySide6/qml/QtQuick/Controls/designer/PaneSection.qml,39833694E594E903E12661DDB0D7A75356660A834B1C0C93D7DB3879F7558240,1229,qml:QtQuick.Controls.designer,qml,LIKELY_REQUIRED,PySide6 wheel tree SHA-256 match,,UNKNOWN
Release/External_Test/2026-07-30_audio-validation-fix/Qonic_Audio_v5.0_internal_test/_internal/PySide6/qml/QtQuick/Controls/designer/PaneSpecifics.qml,D9ABE08E9409089A61B85EB35568A5ED68C3E28E0042529BEE8BF2D6417F14EB,533,qml:QtQuick.Controls.designer,qml,LIKELY_REQUIRED,PySide6 wheel tree SHA-256 match,,UNKNOWN
Release/External_Test/2026-07-30_audio-validation-fix/Qonic_Audio_v5.0_internal_test/_internal/PySide6/qml/QtQuick/Controls/designer/ProgressBarSpecifics.qml,E493D130579132604AB98E7D558CBF59C001E2F24B9F58DCCB0C4C9039EBDB6C,2733,qml:QtQuick.Controls.designer,qml,LIKELY_REQUIRED,PySide6 wheel tree SHA-256 match,,UNKNOWN
Release/External_Test/2026-07-30_audio-validation-fix/Qonic_Audio_v5.0_internal_test/_internal/PySide6/qml/QtQuick/Controls/designer/qtquickcontrols2.metainfo,16416139A8F63C83AE65C73F36DB20D34AA1AED533F34D85AC38746EA56C7028,18522,qml:QtQuick.Controls.designer,qml,LIKELY_REQUIRED,PySide6 wheel tree SHA-256 match,,UNKNOWN
Release/External_Test/2026-07-30_audio-validation-fix/Qonic_Audio_v5.0_internal_test/_internal/PySide6/qml/QtQuick/Controls/designer/RadioButtonSpecifics.qml,C31AC58E3F61750FC1EBA0C1D205263DD8F9411B1E31F2F7FCF8E09504650964,543,qml:QtQuick.Controls.designer,qml,LIKELY_REQUIRED,PySide6 wheel tree SHA-256 match,,UNKNOWN
Release/External_Test/2026-07-30_audio-validation-fix/Qonic_Audio_v5.0_internal_test/_internal/PySide6/qml/QtQuick/Controls/designer/RadioDelegateSpecifics.qml,142C0D41D8334DB63F999A95A2DADE0EC056D9D7DC293578E80CD1F9F30D8BA6,608,qml:QtQuick.Controls.designer,qml,LIKELY_REQUIRED,PySide6 wheel tree SHA-256 match,,UNKNOWN
Release/External_Test/2026-07-30_audio-validation-fix/Qonic_Audio_v5.0_internal_test/_internal/PySide6/qml/QtQuick/Controls/designer/RangeSliderSpecifics.qml,E28D1778B625883F0FF4C61FFBCA2FB50715456ADB31E49657011DC261F994B7,5176,qml:QtQuick.Controls.designer,qml,LIKELY_REQUIRED,PySide6 wheel tree SHA-256 match,,UNKNOWN
Release/External_Test/2026-07-30_audio-validation-fix/Qonic_Audio_v5.0_internal_test/_internal/PySide6/qml/QtQuick/Controls/designer/RoundButtonSpecifics.qml,AF831AB457CADD676F7912E02F722448006617ADC6AB7D70D34B04BA5FB788FA,1167,qml:QtQuick.Controls.designer,qml,LIKELY_REQUIRED,PySide6 wheel tree SHA-256 match,,UNKNOWN
Release/External_Test/2026-07-30_audio-validation-fix/Qonic_Audio_v5.0_internal_test/_internal/PySide6/qml/QtQuick/Controls/designer/ScrollViewSpecifics.qml,DB9F9FBCFAE22D6978DCC4EE532DC2A1182286A3B8408FF320E2325872BD4C3E,1605,qml:QtQuick.Controls.designer,qml,LIKELY_REQUIRED,PySide6 wheel tree SHA-256 match,,UNKNOWN
Release/External_Test/2026-07-30_audio-validation-fix/Qonic_Audio_v5.0_internal_test/_internal/PySide6/qml/QtQuick/Controls/designer/SliderSpecifics.qml,6BA3ACFD371E9979252645AF7CD9539BBACBE2A702CBD9E31F87070558F93737,4864,qml:QtQuick.Controls.designer,qml,LIKELY_REQUIRED,PySide6 wheel tree SHA-256 match,,UNKNOWN
Release/External_Test/2026-07-30_audio-validation-fix/Qonic_Audio_v5.0_internal_test/_internal/PySide6/qml/QtQuick/Controls/designer/SpinBoxSpecifics.qml,D3CDE0BA6A83A48390F0CC45341E1E57122E04E861BC4A02D9A477AFB3E19FF6,3331,qml:QtQuick.Controls.designer,qml,LIKELY_REQUIRED,PySide6 wheel tree SHA-256 match,,UNKNOWN
Release/External_Test/2026-07-30_audio-validation-fix/Qonic_Audio_v5.0_internal_test/_internal/PySide6/qml/QtQuick/Controls/designer/StackViewSpecifics.qml,F0957C7F14093DC9002A74930D72E3D1A7DB69CD9CBEAA023CF8394EF9D20D96,476,qml:QtQuick.Controls.designer,qml,LIKELY_REQUIRED,PySide6 wheel tree SHA-256 match,,UNKNOWN
Release/External_Test/2026-07-30_audio-validation-fix/Qonic_Audio_v5.0_internal_test/_internal/PySide6/qml/QtQuick/Controls/designer/SwipeDelegateSpecifics.qml,142C0D41D8334DB63F999A95A2DADE0EC056D9D7DC293578E80CD1F9F30D8BA6,608,qml:QtQuick.Controls.designer,qml,LIKELY_REQUIRED,PySide6 wheel tree SHA-256 match,,UNKNOWN
Release/External_Test/2026-07-30_audio-validation-fix/Qonic_Audio_v5.0_internal_test/_internal/PySide6/qml/QtQuick/Controls/designer/SwipeViewSpecifics.qml,BCBD242897D35CA4C95B49E12547C7E649507E52A2A82F956D5AE258E97AF3BC,1510,qml:QtQuick.Controls.designer,qml,LIKELY_REQUIRED,PySide6 wheel tree SHA-256 match,,UNKNOWN
Release/External_Test/2026-07-30_audio-validation-fix/Qonic_Audio_v5.0_internal_test/_internal/PySide6/qml/QtQuick/Controls/designer/SwitchDelegateSpecifics.qml,AF015D56F7D98B1C36D66209B8D3EC6AD5B409F2A8290ACA5C1BB1BD54A7EF23,551,qml:QtQuick.Controls.designer,qml,LIKELY_REQUIRED,PySide6 wheel tree SHA-256 match,,UNKNOWN
Release/External_Test/2026-07-30_audio-validation-fix/Qonic_Audio_v5.0_internal_test/_internal/PySide6/qml/QtQuick/Controls/designer/SwitchSpecifics.qml,C31AC58E3F61750FC1EBA0C1D205263DD8F9411B1E31F2F7FCF8E09504650964,543,qml:QtQuick.Controls.designer,qml,LIKELY_REQUIRED,PySide6 wheel tree SHA-256 match,,UNKNOWN
Release/External_Test/2026-07-30_audio-validation-fix/Qonic_Audio_v5.0_internal_test/_internal/PySide6/qml/QtQuick/Controls/designer/TabBarSpecifics.qml,D7E0D01C2B12EFBD0191A1DA5E13B5C1E6C55E95F592ED4694EB70BED79BCF36,2085,qml:QtQuick.Controls.designer,qml,LIKELY_REQUIRED,PySide6 wheel tree SHA-256 match,,UNKNOWN
Release/External_Test/2026-07-30_audio-validation-fix/Qonic_Audio_v5.0_internal_test/_internal/PySide6/qml/QtQuick/Controls/designer/TabButtonSpecifics.qml,C31AC58E3F61750FC1EBA0C1D205263DD8F9411B1E31F2F7FCF8E09504650964,543,qml:QtQuick.Controls.designer,qml,LIKELY_REQUIRED,PySide6 wheel tree SHA-256 match,,UNKNOWN
Release/External_Test/2026-07-30_audio-validation-fix/Qonic_Audio_v5.0_internal_test/_internal/PySide6/qml/QtQuick/Controls/designer/TextAreaSpecifics.qml,C9A9ACB2357A043D91C40B4EAB44DD7783AC5F1234509CCAFE51CC570198BA83,1847,qml:QtQuick.Controls.designer,qml,LIKELY_REQUIRED,PySide6 wheel tree SHA-256 match,,UNKNOWN
Release/External_Test/2026-07-30_audio-validation-fix/Qonic_Audio_v5.0_internal_test/_internal/PySide6/qml/QtQuick/Controls/designer/TextFieldSpecifics.qml,9FD9E26721EA2130C5C4D918C2FDA21029B2C65016E9D6F31A05A606391FDEDF,1748,qml:QtQuick.Controls.designer,qml,LIKELY_REQUIRED,PySide6 wheel tree SHA-256 match,,UNKNOWN
Release/External_Test/2026-07-30_audio-validation-fix/Qonic_Audio_v5.0_internal_test/_internal/PySide6/qml/QtQuick/Controls/designer/ToolBarSpecifics.qml,2767D15F3A791E65FD805ACB30AEFDAC73AD2CDDAE170B940ED2523DFE23C706,1080,qml:QtQuick.Controls.designer,qml,LIKELY_REQUIRED,PySide6 wheel tree SHA-256 match,,UNKNOWN
Release/External_Test/2026-07-30_audio-validation-fix/Qonic_Audio_v5.0_internal_test/_internal/PySide6/qml/QtQuick/Controls/designer/ToolButtonSpecifics.qml,96C8077F2AA8D335CEEF3C7B07C8EB8AE1B119FDCFEAF91E09ACFDA2FDD6C410,602,qml:QtQuick.Controls.designer,qml,LIKELY_REQUIRED,PySide6 wheel tree SHA-256 match,,UNKNOWN
Release/External_Test/2026-07-30_audio-validation-fix/Qonic_Audio_v5.0_internal_test/_internal/PySide6/qml/QtQuick/Controls/designer/ToolSeparatorSpecifics.qml,CBA9D4A6968085505AE711E02CD8D83B202E28D3932C454310B892958EF7A53C,988,qml:QtQuick.Controls.designer,qml,LIKELY_REQUIRED,PySide6 wheel tree SHA-256 match,,UNKNOWN
Release/External_Test/2026-07-30_audio-validation-fix/Qonic_Audio_v5.0_internal_test/_internal/PySide6/qml/QtQuick/Controls/designer/TumblerSpecifics.qml,562AA332DC332F4875DF3DBE800483A4D55E58DBA05A8A69BA37753EB5C0DB1F,2438,qml:QtQuick.Controls.designer,qml,LIKELY_REQUIRED,PySide6 wheel tree SHA-256 match,,UNKNOWN
Release/External_Test/2026-07-30_audio-validation-fix/Qonic_Audio_v5.0_internal_test/_internal/PySide6/qml/QtQuick/Controls/FluentWinUI3/ApplicationWindow.qml,A29D762EB054B1B016703E7DB8EAB2ED023C3A815859BD8C13CBADDB871A52C7,354,qml:QtQuick.Controls.FluentWinUI3,qml,LIKELY_REQUIRED,PySide6 wheel tree SHA-256 match,,UNKNOWN
Release/External_Test/2026-07-30_audio-validation-fix/Qonic_Audio_v5.0_internal_test/_internal/PySide6/qml/QtQuick/Controls/FluentWinUI3/BusyIndicator.qml,73122A88BFE0EBB47FFC5B901B2C60E49C44310F831F458518AFDE51F86EA2CC,2725,qml:QtQuick.Controls.FluentWinUI3,qml,LIKELY_REQUIRED,PySide6 wheel tree SHA-256 match,,UNKNOWN
Release/External_Test/2026-07-30_audio-validation-fix/Qonic_Audio_v5.0_internal_test/_internal/PySide6/qml/QtQuick/Controls/FluentWinUI3/Button.qml,369F6A4AE90C49A1071100A3B5F089F7003ECDC7E12B0C60B415393B80433414,3782,qml:QtQuick.Controls.FluentWinUI3,qml,LIKELY_REQUIRED,PySide6 wheel tree SHA-256 match,,UNKNOWN
Release/External_Test/2026-07-30_audio-validation-fix/Qonic_Audio_v5.0_internal_test/_internal/PySide6/qml/QtQuick/Controls/FluentWinUI3/CheckBox.qml,7CEC91643431DFE8F2988BD2B21E928EDFA21C1B4BE03D55946FDA36FD9BBE19,2770,qml:QtQuick.Controls.FluentWinUI3,qml,LIKELY_REQUIRED,PySide6 wheel tree SHA-256 match,,UNKNOWN
Release/External_Test/2026-07-30_audio-validation-fix/Qonic_Audio_v5.0_internal_test/_internal/PySide6/qml/QtQuick/Controls/FluentWinUI3/CheckDelegate.qml,A3D9A61A137E2E01F74638665FC9CF97C128086E1241D73DF1004491624A2716,4102,qml:QtQuick.Controls.FluentWinUI3,qml,LIKELY_REQUIRED,PySide6 wheel tree SHA-256 match,,UNKNOWN
Release/External_Test/2026-07-30_audio-validation-fix/Qonic_Audio_v5.0_internal_test/_internal/PySide6/qml/QtQuick/Controls/FluentWinUI3/ComboBox.qml,D9E1B11026D52D8F6FDCFC588D1362927BEECC048394EBC15EE4088C6FC89EE6,8154,qml:QtQuick.Controls.FluentWinUI3,qml,LIKELY_REQUIRED,PySide6 wheel tree SHA-256 match,,UNKNOWN
Release/External_Test/2026-07-30_audio-validation-fix/Qonic_Audio_v5.0_internal_test/_internal/PySide6/qml/QtQuick/Controls/FluentWinUI3/Config.qml,4BD9A8D0BEBA3D96AB9CB50ADF4B0E807FB823D7C92E9E520E6401AD19DC48E2,1235982,qml:QtQuick.Controls.FluentWinUI3,qml,LIKELY_REQUIRED,PySide6 wheel tree SHA-256 match,,UNKNOWN
Release/External_Test/2026-07-30_audio-validation-fix/Qonic_Audio_v5.0_internal_test/_internal/PySide6/qml/QtQuick/Controls/FluentWinUI3/dark/images/checkbox-indicator-checked-disabled.png,C4AAD4B26D1304BC4A920FAD31FED7B549951855852034CE126A38194E92AF56,170,qml:QtQuick.Controls.FluentWinUI3,qml,LIKELY_REQUIRED,PySide6 wheel tree SHA-256 match,,UNKNOWN
Release/External_Test/2026-07-30_audio-validation-fix/Qonic_Audio_v5.0_internal_test/_internal/PySide6/qml/QtQuick/Controls/FluentWinUI3/dark/images/checkbox-indicator-checked-disabled@2x.png,D6B25F5B487194C92ADF069493A3CF5CC9246A9BD14E333CBAD62FB531FBE672,240,qml:QtQuick.Controls.FluentWinUI3,qml,LIKELY_REQUIRED,PySide6 wheel tree SHA-256 match,,UNKNOWN
Release/External_Test/2026-07-30_audio-validation-fix/Qonic_Audio_v5.0_internal_test/_internal/PySide6/qml/QtQuick/Controls/FluentWinUI3/dark/images/checkbox-indicator-checked-disabled@3x.png,F401FAD41577C884F319583C2DA31C804E7915C8D9199C5906895AA8ED78608B,299,qml:QtQuick.Controls.FluentWinUI3,qml,LIKELY_REQUIRED,PySide6 wheel tree SHA-256 match,,UNKNOWN
Release/External_Test/2026-07-30_audio-validation-fix/Qonic_Audio_v5.0_internal_test/_internal/PySide6/qml/QtQuick/Controls/FluentWinUI3/dark/images/checkbox-indicator-checked-hovered.png,061273A070D1556F8FED37DB950B0158F41B7AB66B2FD8F9F2328A9EE84AC9FC,192,qml:QtQuick.Controls.FluentWinUI3,qml,LIKELY_REQUIRED,PySide6 wheel tree SHA-256 match,,UNKNOWN
Release/External_Test/2026-07-30_audio-validation-fix/Qonic_Audio_v5.0_internal_test/_internal/PySide6/qml/QtQuick/Controls/FluentWinUI3/dark/images/checkbox-indicator-checked-hovered@2x.png,041EAFD27095DB66F2DCD137B39C381394B7A9F44F34409D83AB9E8E50C160B9,268,qml:QtQuick.Controls.FluentWinUI3,qml,LIKELY_REQUIRED,PySide6 wheel tree SHA-256 match,,UNKNOWN
Release/External_Test/2026-07-30_audio-validation-fix/Qonic_Audio_v5.0_internal_test/_internal/PySide6/qml/QtQuick/Controls/FluentWinUI3/dark/images/checkbox-indicator-checked-hovered@3x.png,AD869A95540D941BA6ACF5329FB949D332BC07A24ABBB1E644DCF8149735000F,340,qml:QtQuick.Controls.FluentWinUI3,qml,LIKELY_REQUIRED,PySide6 wheel tree SHA-256 match,,UNKNOWN
Release/External_Test/2026-07-30_audio-validation-fix/Qonic_Audio_v5.0_internal_test/_internal/PySide6/qml/QtQuick/Controls/FluentWinUI3/dark/images/checkbox-indicator-checked-pressed.png,7F12B18D6B37E61A32ACB287DB7D3AE27664A3512CF1061C392E7EE8C598E872,196,qml:QtQuick.Controls.FluentWinUI3,qml,LIKELY_REQUIRED,PySide6 wheel tree SHA-256 match,,UNKNOWN
Release/External_Test/2026-07-30_audio-validation-fix/Qonic_Audio_v5.0_internal_test/_internal/PySide6/qml/QtQuick/Controls/FluentWinUI3/dark/images/checkbox-indicator-checked-pressed@2x.png,7AB52E7B2461658CFF68EAF42C40B5A405BF7ED84CE0E89AB18936410AA066F8,305,qml:QtQuick.Controls.FluentWinUI3,qml,LIKELY_REQUIRED,PySide6 wheel tree SHA-256 match,,UNKNOWN
Release/External_Test/2026-07-30_audio-validation-fix/Qonic_Audio_v5.0_internal_test/_internal/PySide6/qml/QtQuick/Controls/FluentWinUI3/dark/images/checkbox-indicator-checked-pressed@3x.png,DD116EBE0561A5BE10B5270747D45BA4533FC552EEC27A86BD3D039BFEC73E89,358,qml:QtQuick.Controls.FluentWinUI3,qml,LIKELY_REQUIRED,PySide6 wheel tree SHA-256 match,,UNKNOWN
Release/External_Test/2026-07-30_audio-validation-fix/Qonic_Audio_v5.0_internal_test/_internal/PySide6/qml/QtQuick/Controls/FluentWinUI3/dark/images/checkbox-indicator-checked.png,F1437C4BD861B0E72DBC868F2BEDDABCBBA7390DFA0EF615FFC65A6D1A058809,169,qml:QtQuick.Controls.FluentWinUI3,qml,LIKELY_REQUIRED,PySide6 wheel tree SHA-256 match,,UNKNOWN
Release/External_Test/2026-07-30_audio-validation-fix/Qonic_Audio_v5.0_internal_test/_internal/PySide6/qml/QtQuick/Controls/FluentWinUI3/dark/images/checkbox-indicator-checked@2x.png,DA6467096444FE58B05CFF749DD89BED45F413FCC15BF9447554FEA332FCE5FF,252,qml:QtQuick.Controls.FluentWinUI3,qml,LIKELY_REQUIRED,PySide6 wheel tree SHA-256 match,,UNKNOWN
Release/External_Test/2026-07-30_audio-validation-fix/Qonic_Audio_v5.0_internal_test/_internal/PySide6/qml/QtQuick/Controls/FluentWinUI3/dark/images/checkbox-indicator-checked@3x.png,40B65D22A1CB95BD572C064BB1456DAA4C471B28E2A2833922B13BC230E840E7,304,qml:QtQuick.Controls.FluentWinUI3,qml,LIKELY_REQUIRED,PySide6 wheel tree SHA-256 match,,UNKNOWN
Release/External_Test/2026-07-30_audio-validation-fix/Qonic_Audio_v5.0_internal_test/_internal/PySide6/qml/QtQuick/Controls/FluentWinUI3/dark/images/checkbox-indicator-disabled-partiallyChecked.png,C4AAD4B26D1304BC4A920FAD31FED7B549951855852034CE126A38194E92AF56,170,qml:QtQuick.Controls.FluentWinUI3,qml,LIKELY_REQUIRED,PySide6 wheel tree SHA-256 match,,UNKNOWN
Release/External_Test/2026-07-30_audio-validation-fix/Qonic_Audio_v5.0_internal_test/_internal/PySide6/qml/QtQuick/Controls/FluentWinUI3/dark/images/checkbox-indicator-disabled-partiallyChecked@2x.png,D6B25F5B487194C92ADF069493A3CF5CC9246A9BD14E333CBAD62FB531FBE672,240,qml:QtQuick.Controls.FluentWinUI3,qml,LIKELY_REQUIRED,PySide6 wheel tree SHA-256 match,,UNKNOWN
Release/External_Test/2026-07-30_audio-validation-fix/Qonic_Audio_v5.0_internal_test/_internal/PySide6/qml/QtQuick/Controls/FluentWinUI3/dark/images/checkbox-indicator-disabled-partiallyChecked@3x.png,F401FAD41577C884F319583C2DA31C804E7915C8D9199C5906895AA8ED78608B,299,qml:QtQuick.Controls.FluentWinUI3,qml,LIKELY_REQUIRED,PySide6 wheel tree SHA-256 match,,UNKNOWN
Release/External_Test/2026-07-30_audio-validation-fix/Qonic_Audio_v5.0_internal_test/_internal/PySide6/qml/QtQuick/Controls/FluentWinUI3/dark/images/checkbox-indicator-disabled.png,2CD7F2413D558A7F38DBC404886D5848267E63394CB1B4AF2E80F30BF9460531,201,qml:QtQuick.Controls.FluentWinUI3,qml,LIKELY_REQUIRED,PySide6 wheel tree SHA-256 match,,UNKNOWN
Release/External_Test/2026-07-30_audio-validation-fix/Qonic_Audio_v5.0_internal_test/_internal/PySide6/qml/QtQuick/Controls/FluentWinUI3/dark/images/checkbox-indicator-disabled@2x.png,0C0FF167B29D5F594898487EE86F1F07CC91F8A82A90C0CB61CFCF16359CC2E7,286,qml:QtQuick.Controls.FluentWinUI3,qml,LIKELY_REQUIRED,PySide6 wheel tree SHA-256 match,,UNKNOWN
Release/External_Test/2026-07-30_audio-validation-fix/Qonic_Audio_v5.0_internal_test/_internal/PySide6/qml/QtQuick/Controls/FluentWinUI3/dark/images/checkbox-indicator-disabled@3x.png,58460A5F5C964599CD328057512B8A2C800D175DC0359A1D3EDBD67D11671990,393,qml:QtQuick.Controls.FluentWinUI3,qml,LIKELY_REQUIRED,PySide6 wheel tree SHA-256 match,,UNKNOWN
Release/External_Test/2026-07-30_audio-validation-fix/Qonic_Audio_v5.0_internal_test/_internal/PySide6/qml/QtQuick/Controls/FluentWinUI3/dark/images/checkbox-indicator-hovered-partiallyChecked.png,061273A070D1556F8FED37DB950B0158F41B7AB66B2FD8F9F2328A9EE84AC9FC,192,qml:QtQuick.Controls.FluentWinUI3,qml,LIKELY_REQUIRED,PySide6 wheel tree SHA-256 match,,UNKNOWN
Release/External_Test/2026-07-30_audio-validation-fix/Qonic_Audio_v5.0_internal_test/_internal/PySide6/qml/QtQuick/Controls/FluentWinUI3/dark/images/checkbox-indicator-hovered-partiallyChecked@2x.png,041EAFD27095DB66F2DCD137B39C381394B7A9F44F34409D83AB9E8E50C160B9,268,qml:QtQuick.Controls.FluentWinUI3,qml,LIKELY_REQUIRED,PySide6 wheel tree SHA-256 match,,UNKNOWN
Release/External_Test/2026-07-30_audio-validation-fix/Qonic_Audio_v5.0_internal_test/_internal/PySide6/qml/QtQuick/Controls/FluentWinUI3/dark/images/checkbox-indicator-hovered-partiallyChecked@3x.png,AD869A95540D941BA6ACF5329FB949D332BC07A24ABBB1E644DCF8149735000F,340,qml:QtQuick.Controls.FluentWinUI3,qml,LIKELY_REQUIRED,PySide6 wheel tree SHA-256 match,,UNKNOWN
Release/External_Test/2026-07-30_audio-validation-fix/Qonic_Audio_v5.0_internal_test/_internal/PySide6/qml/QtQuick/Controls/FluentWinUI3/dark/images/checkbox-indicator-hovered.png,B1695E4F8858E441451AB31C097211B387135402669373FC203488057A33FC3B,197,qml:QtQuick.Controls.FluentWinUI3,qml,LIKELY_REQUIRED,PySide6 wheel tree SHA-256 match,,UNKNOWN
Release/External_Test/2026-07-30_audio-validation-fix/Qonic_Audio_v5.0_internal_test/_internal/PySide6/qml/QtQuick/Controls/FluentWinUI3/dark/images/checkbox-indicator-hovered@2x.png,CDB65D2E2298A2B1F4DA1D718A629C0FB546D9354414601AB589C0F5F37ED065,289,qml:QtQuick.Controls.FluentWinUI3,qml,LIKELY_REQUIRED,PySide6 wheel tree SHA-256 match,,UNKNOWN
Release/External_Test/2026-07-30_audio-validation-fix/Qonic_Audio_v5.0_internal_test/_internal/PySide6/qml/QtQuick/Controls/FluentWinUI3/dark/images/checkbox-indicator-hovered@3x.png,B28DE81061063F137DF59392C9503D626262B9540E72939E59EF178FEA2D4031,409,qml:QtQuick.Controls.FluentWinUI3,qml,LIKELY_REQUIRED,PySide6 wheel tree SHA-256 match,,UNKNOWN
Release/External_Test/2026-07-30_audio-validation-fix/Qonic_Audio_v5.0_internal_test/_internal/PySide6/qml/QtQuick/Controls/FluentWinUI3/dark/images/checkbox-indicator-partiallyChecked-pressed.png,7F12B18D6B37E61A32ACB287DB7D3AE27664A3512CF1061C392E7EE8C598E872,196,qml:QtQuick.Controls.FluentWinUI3,qml,LIKELY_REQUIRED,PySide6 wheel tree SHA-256 match,,UNKNOWN
Release/External_Test/2026-07-30_audio-validation-fix/Qonic_Audio_v5.0_internal_test/_internal/PySide6/qml/QtQuick/Controls/FluentWinUI3/dark/images/checkbox-indicator-partiallyChecked-pressed@2x.png,7AB52E7B2461658CFF68EAF42C40B5A405BF7ED84CE0E89AB18936410AA066F8,305,qml:QtQuick.Controls.FluentWinUI3,qml,LIKELY_REQUIRED,PySide6 wheel tree SHA-256 match,,UNKNOWN
Release/External_Test/2026-07-30_audio-validation-fix/Qonic_Audio_v5.0_internal_test/_internal/PySide6/qml/QtQuick/Controls/FluentWinUI3/dark/images/checkbox-indicator-partiallyChecked-pressed@3x.png,DD116EBE0561A5BE10B5270747D45BA4533FC552EEC27A86BD3D039BFEC73E89,358,qml:QtQuick.Controls.FluentWinUI3,qml,LIKELY_REQUIRED,PySide6 wheel tree SHA-256 match,,UNKNOWN
Release/External_Test/2026-07-30_audio-validation-fix/Qonic_Audio_v5.0_internal_test/_internal/PySide6/qml/QtQuick/Controls/FluentWinUI3/dark/images/checkbox-indicator-partiallyChecked.png,F1437C4BD861B0E72DBC868F2BEDDABCBBA7390DFA0EF615FFC65A6D1A058809,169,qml:QtQuick.Controls.FluentWinUI3,qml,LIKELY_REQUIRED,PySide6 wheel tree SHA-256 match,,UNKNOWN
Release/External_Test/2026-07-30_audio-validation-fix/Qonic_Audio_v5.0_internal_test/_internal/PySide6/qml/QtQuick/Controls/FluentWinUI3/dark/images/checkbox-indicator-partiallyChecked@2x.png,DA6467096444FE58B05CFF749DD89BED45F413FCC15BF9447554FEA332FCE5FF,252,qml:QtQuick.Controls.FluentWinUI3,qml,LIKELY_REQUIRED,PySide6 wheel tree SHA-256 match,,UNKNOWN
Release/External_Test/2026-07-30_audio-validation-fix/Qonic_Audio_v5.0_internal_test/_internal/PySide6/qml/QtQuick/Controls/FluentWinUI3/dark/images/checkbox-indicator-partiallyChecked@3x.png,40B65D22A1CB95BD572C064BB1456DAA4C471B28E2A2833922B13BC230E840E7,304,qml:QtQuick.Controls.FluentWinUI3,qml,LIKELY_REQUIRED,PySide6 wheel tree SHA-256 match,,UNKNOWN
Release/External_Test/2026-07-30_audio-validation-fix/Qonic_Audio_v5.0_internal_test/_internal/PySide6/qml/QtQuick/Controls/FluentWinUI3/dark/images/checkbox-indicator-pressed.png,20C320D547988C9AC629AD0BC6105686CDE29909CC81D60828530618A5ADB171,205,qml:QtQuick.Controls.FluentWinUI3,qml,LIKELY_REQUIRED,PySide6 wheel tree SHA-256 match,,UNKNOWN
Release/External_Test/2026-07-30_audio-validation-fix/Qonic_Audio_v5.0_internal_test/_internal/PySide6/qml/QtQuick/Controls/FluentWinUI3/dark/images/checkbox-indicator-pressed@2x.png,F5E8640715967D814EAC71FE24372AEC4CD8887F38EB13262FBD688440D87697,314,qml:QtQuick.Controls.FluentWinUI3,qml,LIKELY_REQUIRED,PySide6 wheel tree SHA-256 match,,UNKNOWN
Release/External_Test/2026-07-30_audio-validation-fix/Qonic_Audio_v5.0_internal_test/_internal/PySide6/qml/QtQuick/Controls/FluentWinUI3/dark/images/checkbox-indicator-pressed@3x.png,081379732FCB07F0C90EFB66B52ED55911460357E6F2E8E220A3A26457621E0E,409,qml:QtQuick.Controls.FluentWinUI3,qml,LIKELY_REQUIRED,PySide6 wheel tree SHA-256 match,,UNKNOWN
Release/External_Test/2026-07-30_audio-validation-fix/Qonic_Audio_v5.0_internal_test/_internal/PySide6/qml/QtQuick/Controls/FluentWinUI3/dark/images/checkbox-indicator.png,F35ED022263FD69BC152BCEE749A7BBC46B351791222AA0C1B10CAC1941F8D83,255,qml:QtQuick.Controls.FluentWinUI3,qml,LIKELY_REQUIRED,PySide6 wheel tree SHA-256 match,,UNKNOWN
Release/External_Test/2026-07-30_audio-validation-fix/Qonic_Audio_v5.0_internal_test/_internal/PySide6/qml/QtQuick/Controls/FluentWinUI3/dark/images/checkbox-indicator@2x.png,3058EF48F8ECE7DECD423E1A40C776DC01E10908219F9FB26A79025EC92E5090,394,qml:QtQuick.Controls.FluentWinUI3,qml,LIKELY_REQUIRED,PySide6 wheel tree SHA-256 match,,UNKNOWN
Release/External_Test/2026-07-30_audio-validation-fix/Qonic_Audio_v5.0_internal_test/_internal/PySide6/qml/QtQuick/Controls/FluentWinUI3/dark/images/checkbox-indicator@3x.png,F1531E7A288A65D6772BB2E86DEA77D02AB5A4395E593BB69FAE7A7832D4BC4E,546,qml:QtQuick.Controls.FluentWinUI3,qml,LIKELY_REQUIRED,PySide6 wheel tree SHA-256 match,,UNKNOWN
Release/External_Test/2026-07-30_audio-validation-fix/Qonic_Audio_v5.0_internal_test/_internal/PySide6/qml/QtQuick/Controls/FluentWinUI3/dark/images/combobox-background-disabled.png,283F494FEC5C1973B6D37C1C9696E427B380BD44C9CD85554B175A4788753EC0,197,qml:QtQuick.Controls.FluentWinUI3,qml,LIKELY_REQUIRED,PySide6 wheel tree SHA-256 match,,UNKNOWN
Release/External_Test/2026-07-30_audio-validation-fix/Qonic_Audio_v5.0_internal_test/_internal/PySide6/qml/QtQuick/Controls/FluentWinUI3/dark/images/combobox-background-disabled@2x.png,CCCA18F62FDBAA9ACC65700BB5D8BC0E144345B6C4D7EBC08612D4D193BB0B26,315,qml:QtQuick.Controls.FluentWinUI3,qml,LIKELY_REQUIRED,PySide6 wheel tree SHA-256 match,,UNKNOWN
Release/External_Test/2026-07-30_audio-validation-fix/Qonic_Audio_v5.0_internal_test/_internal/PySide6/qml/QtQuick/Controls/FluentWinUI3/dark/images/combobox-background-disabled@3x.png,C6285AB3831E7E321FB012BD7FA27F4B1B3929B636A244322DA3F3E564523F24,479,qml:QtQuick.Controls.FluentWinUI3,qml,LIKELY_REQUIRED,PySide6 wheel tree SHA-256 match,,UNKNOWN
Release/External_Test/2026-07-30_audio-validation-fix/Qonic_Audio_v5.0_internal_test/_internal/PySide6/qml/QtQuick/Controls/FluentWinUI3/dark/images/combobox-background-focused.png,4A094C584B7E0DC23291D778861EAD37D087EF0E43574E8D43BAE27239648298,310,qml:QtQuick.Controls.FluentWinUI3,qml,LIKELY_REQUIRED,PySide6 wheel tree SHA-256 match,,UNKNOWN
Release/External_Test/2026-07-30_audio-validation-fix/Qonic_Audio_v5.0_internal_test/_internal/PySide6/qml/QtQuick/Controls/FluentWinUI3/dark/images/combobox-background-focused@2x.png,D1424AF3AEB805BCA2375F3C01C885525BE4561065FF1118FD5E3FCDE63D2757,687,qml:QtQuick.Controls.FluentWinUI3,qml,LIKELY_REQUIRED,PySide6 wheel tree SHA-256 match,,UNKNOWN
Release/External_Test/2026-07-30_audio-validation-fix/Qonic_Audio_v5.0_internal_test/_internal/PySide6/qml/QtQuick/Controls/FluentWinUI3/dark/images/combobox-background-focused@3x.png,9BDE42438A2F0178BA8C90156C738A4A5FB80578CA70FF6E82810D57D74E7A3E,1146,qml:QtQuick.Controls.FluentWinUI3,qml,LIKELY_REQUIRED,PySide6 wheel tree SHA-256 match,,UNKNOWN
Release/External_Test/2026-07-30_audio-validation-fix/Qonic_Audio_v5.0_internal_test/_internal/PySide6/qml/QtQuick/Controls/FluentWinUI3/dark/images/combobox-background-hovered-open.png,56C1447E1B45DC50192644FBC564C99EE8F35CD137211E19F2BD1A9B7B3BC3F3,309,qml:QtQuick.Controls.FluentWinUI3,qml,LIKELY_REQUIRED,PySide6 wheel tree SHA-256 match,,UNKNOWN
Release/External_Test/2026-07-30_audio-validation-fix/Qonic_Audio_v5.0_internal_test/_internal/PySide6/qml/QtQuick/Controls/FluentWinUI3/dark/images/combobox-background-hovered-open@2x.png,73BCD2164BDBF69C818D1FBE374398DC5404B2F7EA43279676FAACA1D11B4A67,677,qml:QtQuick.Controls.FluentWinUI3,qml,LIKELY_REQUIRED,PySide6 wheel tree SHA-256 match,,UNKNOWN
Release/External_Test/2026-07-30_audio-validation-fix/Qonic_Audio_v5.0_internal_test/_internal/PySide6/qml/QtQuick/Controls/FluentWinUI3/dark/images/combobox-background-hovered-open@3x.png,5295FC8DCA411D6E83B5049C62B130ECF927E640ED74FF5A57823CC0119259CD,1132,qml:QtQuick.Controls.FluentWinUI3,qml,LIKELY_REQUIRED,PySide6 wheel tree SHA-256 match,,UNKNOWN
Release/External_Test/2026-07-30_audio-validation-fix/Qonic_Audio_v5.0_internal_test/_internal/PySide6/qml/QtQuick/Controls/FluentWinUI3/dark/images/combobox-background-hovered.png,56C1447E1B45DC50192644FBC564C99EE8F35CD137211E19F2BD1A9B7B3BC3F3,309,qml:QtQuick.Controls.FluentWinUI3,qml,LIKELY_REQUIRED,PySide6 wheel tree SHA-256 match,,UNKNOWN
Release/External_Test/2026-07-30_audio-validation-fix/Qonic_Audio_v5.0_internal_test/_internal/PySide6/qml/QtQuick/Controls/FluentWinUI3/dark/images/combobox-background-hovered@2x.png,73BCD2164BDBF69C818D1FBE374398DC5404B2F7EA43279676FAACA1D11B4A67,677,qml:QtQuick.Controls.FluentWinUI3,qml,LIKELY_REQUIRED,PySide6 wheel tree SHA-256 match,,UNKNOWN
Release/External_Test/2026-07-30_audio-validation-fix/Qonic_Audio_v5.0_internal_test/_internal/PySide6/qml/QtQuick/Controls/FluentWinUI3/dark/images/combobox-background-hovered@3x.png,5295FC8DCA411D6E83B5049C62B130ECF927E640ED74FF5A57823CC0119259CD,1132,qml:QtQuick.Controls.FluentWinUI3,qml,LIKELY_REQUIRED,PySide6 wheel tree SHA-256 match,,UNKNOWN
Release/External_Test/2026-07-30_audio-validation-fix/Qonic_Audio_v5.0_internal_test/_internal/PySide6/qml/QtQuick/Controls/FluentWinUI3/dark/images/combobox-background-open-pressed.png,F0174A4122228520B92636FDFF14D898EBBCB84DB1B5426B5A547BB62AA86E1E,207,qml:QtQuick.Controls.FluentWinUI3,qml,LIKELY_REQUIRED,PySide6 wheel tree SHA-256 match,,UNKNOWN
Release/External_Test/2026-07-30_audio-validation-fix/Qonic_Audio_v5.0_internal_test/_internal/PySide6/qml/QtQuick/Controls/FluentWinUI3/dark/images/combobox-background-open-pressed@2x.png,5119E18DC701B43F79E06AF81583665D8BC1311FBE56F8D5950CC9A17FE9A4BC,343,qml:QtQuick.Controls.FluentWinUI3,qml,LIKELY_REQUIRED,PySide6 wheel tree SHA-256 match,,UNKNOWN
Release/External_Test/2026-07-30_audio-validation-fix/Qonic_Audio_v5.0_internal_test/_internal/PySide6/qml/QtQuick/Controls/FluentWinUI3/dark/images/combobox-background-open-pressed@3x.png,815DCA49E52A5B5D75379F0896F6340E90B3B4FCB36A051105F27662F8ACD0ED,489,qml:QtQuick.Controls.FluentWinUI3,qml,LIKELY_REQUIRED,PySide6 wheel tree SHA-256 match,,UNKNOWN
Release/External_Test/2026-07-30_audio-validation-fix/Qonic_Audio_v5.0_internal_test/_internal/PySide6/qml/QtQuick/Controls/FluentWinUI3/dark/images/combobox-background-open.png,4A094C584B7E0DC23291D778861EAD37D087EF0E43574E8D43BAE27239648298,310,qml:QtQuick.Controls.FluentWinUI3,qml,LIKELY_REQUIRED,PySide6 wheel tree SHA-256 match,,UNKNOWN
Release/External_Test/2026-07-30_audio-validation-fix/Qonic_Audio_v5.0_internal_test/_internal/PySide6/qml/QtQuick/Controls/FluentWinUI3/dark/images/combobox-background-open@2x.png,D1424AF3AEB805BCA2375F3C01C885525BE4561065FF1118FD5E3FCDE63D2757,687,qml:QtQuick.Controls.FluentWinUI3,qml,LIKELY_REQUIRED,PySide6 wheel tree SHA-256 match,,UNKNOWN
Release/External_Test/2026-07-30_audio-validation-fix/Qonic_Audio_v5.0_internal_test/_internal/PySide6/qml/QtQuick/Controls/FluentWinUI3/dark/images/combobox-background-open@3x.png,9BDE42438A2F0178BA8C90156C738A4A5FB80578CA70FF6E82810D57D74E7A3E,1146,qml:QtQuick.Controls.FluentWinUI3,qml,LIKELY_REQUIRED,PySide6 wheel tree SHA-256 match,,UNKNOWN
Release/External_Test/2026-07-30_audio-validation-fix/Qonic_Audio_v5.0_internal_test/_internal/PySide6/qml/QtQuick/Controls/FluentWinUI3/dark/images/combobox-background-pressed.png,F0174A4122228520B92636FDFF14D898EBBCB84DB1B5426B5A547BB62AA86E1E,207,qml:QtQuick.Controls.FluentWinUI3,qml,LIKELY_REQUIRED,PySide6 wheel tree SHA-256 match,,UNKNOWN
Release/External_Test/2026-07-30_audio-validation-fix/Qonic_Audio_v5.0_internal_test/_internal/PySide6/qml/QtQuick/Controls/FluentWinUI3/dark/images/combobox-background-pressed@2x.png,5119E18DC701B43F79E06AF81583665D8BC1311FBE56F8D5950CC9A17FE9A4BC,343,qml:QtQuick.Controls.FluentWinUI3,qml,LIKELY_REQUIRED,PySide6 wheel tree SHA-256 match,,UNKNOWN
Release/External_Test/2026-07-30_audio-validation-fix/Qonic_Audio_v5.0_internal_test/_internal/PySide6/qml/QtQuick/Controls/FluentWinUI3/dark/images/combobox-background-pressed@3x.png,815DCA49E52A5B5D75379F0896F6340E90B3B4FCB36A051105F27662F8ACD0ED,489,qml:QtQuick.Controls.FluentWinUI3,qml,LIKELY_REQUIRED,PySide6 wheel tree SHA-256 match,,UNKNOWN
Release/External_Test/2026-07-30_audio-validation-fix/Qonic_Audio_v5.0_internal_test/_internal/PySide6/qml/QtQuick/Controls/FluentWinUI3/dark/images/combobox-background.png,4A094C584B7E0DC23291D778861EAD37D087EF0E43574E8D43BAE27239648298,310,qml:QtQuick.Controls.FluentWinUI3,qml,LIKELY_REQUIRED,PySide6 wheel tree SHA-256 match,,UNKNOWN
Release/External_Test/2026-07-30_audio-validation-fix/Qonic_Audio_v5.0_internal_test/_internal/PySide6/qml/QtQuick/Controls/FluentWinUI3/dark/images/combobox-background@2x.png,D1424AF3AEB805BCA2375F3C01C885525BE4561065FF1118FD5E3FCDE63D2757,687,qml:QtQuick.Controls.FluentWinUI3,qml,LIKELY_REQUIRED,PySide6 wheel tree SHA-256 match,,UNKNOWN
Release/External_Test/2026-07-30_audio-validation-fix/Qonic_Audio_v5.0_internal_test/_internal/PySide6/qml/QtQuick/Controls/FluentWinUI3/dark/images/combobox-background@3x.png,9BDE42438A2F0178BA8C90156C738A4A5FB80578CA70FF6E82810D57D74E7A3E,1146,qml:QtQuick.Controls.FluentWinUI3,qml,LIKELY_REQUIRED,PySide6 wheel tree SHA-256 match,,UNKNOWN
Release/External_Test/2026-07-30_audio-validation-fix/Qonic_Audio_v5.0_internal_test/_internal/PySide6/qml/QtQuick/Controls/FluentWinUI3/dark/images/combobox-indicator-disabled.png,DDA8D0D5444670F0A82F7B7AABF1F771D94D0C418F15BE75B120137758932C7A,120,qml:QtQuick.Controls.FluentWinUI3,qml,LIKELY_REQUIRED,PySide6 wheel tree SHA-256 match,,UNKNOWN
Release/External_Test/2026-07-30_audio-validation-fix/Qonic_Audio_v5.0_internal_test/_internal/PySide6/qml/QtQuick/Controls/FluentWinUI3/dark/images/combobox-indicator-disabled@2x.png,6D584DF93B6785277A090E3C2D46EBBA057D262253DFCEBBB81585A9F48658C1,167,qml:QtQuick.Controls.FluentWinUI3,qml,LIKELY_REQUIRED,PySide6 wheel tree SHA-256 match,,UNKNOWN
Release/External_Test/2026-07-30_audio-validation-fix/Qonic_Audio_v5.0_internal_test/_internal/PySide6/qml/QtQuick/Controls/FluentWinUI3/dark/images/combobox-indicator-disabled@3x.png,340DFB8F5D90EE5D986EB4B3570A2B3481CA50048A1A5EB38144E13A598D9BC9,177,qml:QtQuick.Controls.FluentWinUI3,qml,LIKELY_REQUIRED,PySide6 wheel tree SHA-256 match,,UNKNOWN
Release/External_Test/2026-07-30_audio-validation-fix/Qonic_Audio_v5.0_internal_test/_internal/PySide6/qml/QtQuick/Controls/FluentWinUI3/dark/images/combobox-indicator-focused.png,DDA8D0D5444670F0A82F7B7AABF1F771D94D0C418F15BE75B120137758932C7A,120,qml:QtQuick.Controls.FluentWinUI3,qml,LIKELY_REQUIRED,PySide6 wheel tree SHA-256 match,,UNKNOWN
Release/External_Test/2026-07-30_audio-validation-fix/Qonic_Audio_v5.0_internal_test/_internal/PySide6/qml/QtQuick/Controls/FluentWinUI3/dark/images/combobox-indicator-focused@2x.png,6D584DF93B6785277A090E3C2D46EBBA057D262253DFCEBBB81585A9F48658C1,167,qml:QtQuick.Controls.FluentWinUI3,qml,LIKELY_REQUIRED,PySide6 wheel tree SHA-256 match,,UNKNOWN
Release/External_Test/2026-07-30_audio-validation-fix/Qonic_Audio_v5.0_internal_test/_internal/PySide6/qml/QtQuick/Controls/FluentWinUI3/dark/images/combobox-indicator-focused@3x.png,340DFB8F5D90EE5D986EB4B3570A2B3481CA50048A1A5EB38144E13A598D9BC9,177,qml:QtQuick.Controls.FluentWinUI3,qml,LIKELY_REQUIRED,PySide6 wheel tree SHA-256 match,,UNKNOWN
Release/External_Test/2026-07-30_audio-validation-fix/Qonic_Audio_v5.0_internal_test/_internal/PySide6/qml/QtQuick/Controls/FluentWinUI3/dark/images/combobox-indicator-hovered-open.png,DDA8D0D5444670F0A82F7B7AABF1F771D94D0C418F15BE75B120137758932C7A,120,qml:QtQuick.Controls.FluentWinUI3,qml,LIKELY_REQUIRED,PySide6 wheel tree SHA-256 match,,UNKNOWN
Release/External_Test/2026-07-30_audio-validation-fix/Qonic_Audio_v5.0_internal_test/_internal/PySide6/qml/QtQuick/Controls/FluentWinUI3/dark/images/combobox-indicator-hovered-open@2x.png,6D584DF93B6785277A090E3C2D46EBBA057D262253DFCEBBB81585A9F48658C1,167,qml:QtQuick.Controls.FluentWinUI3,qml,LIKELY_REQUIRED,PySide6 wheel tree SHA-256 match,,UNKNOWN
Release/External_Test/2026-07-30_audio-validation-fix/Qonic_Audio_v5.0_internal_test/_internal/PySide6/qml/QtQuick/Controls/FluentWinUI3/dark/images/combobox-indicator-hovered-open@3x.png,340DFB8F5D90EE5D986EB4B3570A2B3481CA50048A1A5EB38144E13A598D9BC9,177,qml:QtQuick.Controls.FluentWinUI3,qml,LIKELY_REQUIRED,PySide6 wheel tree SHA-256 match,,UNKNOWN
Release/External_Test/2026-07-30_audio-validation-fix/Qonic_Audio_v5.0_internal_test/_internal/PySide6/qml/QtQuick/Controls/FluentWinUI3/dark/images/combobox-indicator-hovered.png,DDA8D0D5444670F0A82F7B7AABF1F771D94D0C418F15BE75B120137758932C7A,120,qml:QtQuick.Controls.FluentWinUI3,qml,LIKELY_REQUIRED,PySide6 wheel tree SHA-256 match,,UNKNOWN
Release/External_Test/2026-07-30_audio-validation-fix/Qonic_Audio_v5.0_internal_test/_internal/PySide6/qml/QtQuick/Controls/FluentWinUI3/dark/images/combobox-indicator-hovered@2x.png,6D584DF93B6785277A090E3C2D46EBBA057D262253DFCEBBB81585A9F48658C1,167,qml:QtQuick.Controls.FluentWinUI3,qml,LIKELY_REQUIRED,PySide6 wheel tree SHA-256 match,,UNKNOWN
Release/External_Test/2026-07-30_audio-validation-fix/Qonic_Audio_v5.0_internal_test/_internal/PySide6/qml/QtQuick/Controls/FluentWinUI3/dark/images/combobox-indicator-hovered@3x.png,340DFB8F5D90EE5D986EB4B3570A2B3481CA50048A1A5EB38144E13A598D9BC9,177,qml:QtQuick.Controls.FluentWinUI3,qml,LIKELY_REQUIRED,PySide6 wheel tree SHA-256 match,,UNKNOWN
Release/External_Test/2026-07-30_audio-validation-fix/Qonic_Audio_v5.0_internal_test/_internal/PySide6/qml/QtQuick/Controls/FluentWinUI3/dark/images/combobox-indicator-open-pressed.png,DDA8D0D5444670F0A82F7B7AABF1F771D94D0C418F15BE75B120137758932C7A,120,qml:QtQuick.Controls.FluentWinUI3,qml,LIKELY_REQUIRED,PySide6 wheel tree SHA-256 match,,UNKNOWN
Release/External_Test/2026-07-30_audio-validation-fix/Qonic_Audio_v5.0_internal_test/_internal/PySide6/qml/QtQuick/Controls/FluentWinUI3/dark/images/combobox-indicator-open-pressed@2x.png,6D584DF93B6785277A090E3C2D46EBBA057D262253DFCEBBB81585A9F48658C1,167,qml:QtQuick.Controls.FluentWinUI3,qml,LIKELY_REQUIRED,PySide6 wheel tree SHA-256 match,,UNKNOWN
Release/External_Test/2026-07-30_audio-validation-fix/Qonic_Audio_v5.0_internal_test/_internal/PySide6/qml/QtQuick/Controls/FluentWinUI3/dark/images/combobox-indicator-open-pressed@3x.png,340DFB8F5D90EE5D986EB4B3570A2B3481CA50048A1A5EB38144E13A598D9BC9,177,qml:QtQuick.Controls.FluentWinUI3,qml,LIKELY_REQUIRED,PySide6 wheel tree SHA-256 match,,UNKNOWN
Release/External_Test/2026-07-30_audio-validation-fix/Qonic_Audio_v5.0_internal_test/_internal/PySide6/qml/QtQuick/Controls/FluentWinUI3/dark/images/combobox-indicator-open.png,DDA8D0D5444670F0A82F7B7AABF1F771D94D0C418F15BE75B120137758932C7A,120,qml:QtQuick.Controls.FluentWinUI3,qml,LIKELY_REQUIRED,PySide6 wheel tree SHA-256 match,,UNKNOWN
Release/External_Test/2026-07-30_audio-validation-fix/Qonic_Audio_v5.0_internal_test/_internal/PySide6/qml/QtQuick/Controls/FluentWinUI3/dark/images/combobox-indicator-open@2x.png,6D584DF93B6785277A090E3C2D46EBBA057D262253DFCEBBB81585A9F48658C1,167,qml:QtQuick.Controls.FluentWinUI3,qml,LIKELY_REQUIRED,PySide6 wheel tree SHA-256 match,,UNKNOWN
Release/External_Test/2026-07-30_audio-validation-fix/Qonic_Audio_v5.0_internal_test/_internal/PySide6/qml/QtQuick/Controls/FluentWinUI3/dark/images/combobox-indicator-open@3x.png,340DFB8F5D90EE5D986EB4B3570A2B3481CA50048A1A5EB38144E13A598D9BC9,177,qml:QtQuick.Controls.FluentWinUI3,qml,LIKELY_REQUIRED,PySide6 wheel tree SHA-256 match,,UNKNOWN
Release/External_Test/2026-07-30_audio-validation-fix/Qonic_Audio_v5.0_internal_test/_internal/PySide6/qml/QtQuick/Controls/FluentWinUI3/dark/images/combobox-indicator-pressed.png,DDA8D0D5444670F0A82F7B7AABF1F771D94D0C418F15BE75B120137758932C7A,120,qml:QtQuick.Controls.FluentWinUI3,qml,LIKELY_REQUIRED,PySide6 wheel tree SHA-256 match,,UNKNOWN
Release/External_Test/2026-07-30_audio-validation-fix/Qonic_Audio_v5.0_internal_test/_internal/PySide6/qml/QtQuick/Controls/FluentWinUI3/dark/images/combobox-indicator-pressed@2x.png,6D584DF93B6785277A090E3C2D46EBBA057D262253DFCEBBB81585A9F48658C1,167,qml:QtQuick.Controls.FluentWinUI3,qml,LIKELY_REQUIRED,PySide6 wheel tree SHA-256 match,,UNKNOWN
Release/External_Test/2026-07-30_audio-validation-fix/Qonic_Audio_v5.0_internal_test/_internal/PySide6/qml/QtQuick/Controls/FluentWinUI3/dark/images/combobox-indicator-pressed@3x.png,340DFB8F5D90EE5D986EB4B3570A2B3481CA50048A1A5EB38144E13A598D9BC9,177,qml:QtQuick.Controls.FluentWinUI3,qml,LIKELY_REQUIRED,PySide6 wheel tree SHA-256 match,,UNKNOWN
Release/External_Test/2026-07-30_audio-validation-fix/Qonic_Audio_v5.0_internal_test/_internal/PySide6/qml/QtQuick/Controls/FluentWinUI3/dark/images/combobox-indicator.png,DDA8D0D5444670F0A82F7B7AABF1F771D94D0C418F15BE75B120137758932C7A,120,qml:QtQuick.Controls.FluentWinUI3,qml,LIKELY_REQUIRED,PySide6 wheel tree SHA-256 match,,UNKNOWN
Release/External_Test/2026-07-30_audio-validation-fix/Qonic_Audio_v5.0_internal_test/_internal/PySide6/qml/QtQuick/Controls/FluentWinUI3/dark/images/combobox-indicator@2x.png,6D584DF93B6785277A090E3C2D46EBBA057D262253DFCEBBB81585A9F48658C1,167,qml:QtQuick.Controls.FluentWinUI3,qml,LIKELY_REQUIRED,PySide6 wheel tree SHA-256 match,,UNKNOWN
Release/External_Test/2026-07-30_audio-validation-fix/Qonic_Audio_v5.0_internal_test/_internal/PySide6/qml/QtQuick/Controls/FluentWinUI3/dark/images/combobox-indicator@3x.png,340DFB8F5D90EE5D986EB4B3570A2B3481CA50048A1A5EB38144E13A598D9BC9,177,qml:QtQuick.Controls.FluentWinUI3,qml,LIKELY_REQUIRED,PySide6 wheel tree SHA-256 match,,UNKNOWN
Release/External_Test/2026-07-30_audio-validation-fix/Qonic_Audio_v5.0_internal_test/_internal/PySide6/qml/QtQuick/Controls/FluentWinUI3/dark/images/editablecombobox-background-hovered-open.png,9B2993A8B96673393B17EC53D71CB5862EB2A44BA9FD3C5F465A0BF4638A4B9D,356,qml:QtQuick.Controls.FluentWinUI3,qml,LIKELY_REQUIRED,PySide6 wheel tree SHA-256 match,,UNKNOWN
Release/External_Test/2026-07-30_audio-validation-fix/Qonic_Audio_v5.0_internal_test/_internal/PySide6/qml/QtQuick/Controls/FluentWinUI3/dark/images/editablecombobox-background-hovered-open@2x.png,46B24C8416C8B349A455D78475D8BB99BA260FA6EA3B722E15DC312BCD7DB53D,745,qml:QtQuick.Controls.FluentWinUI3,qml,LIKELY_REQUIRED,PySide6 wheel tree SHA-256 match,,UNKNOWN
Release/External_Test/2026-07-30_audio-validation-fix/Qonic_Audio_v5.0_internal_test/_internal/PySide6/qml/QtQuick/Controls/FluentWinUI3/dark/images/editablecombobox-background-hovered-open@3x.png,04EF55069CBC71BCAFCF10807DA3E0FBF7DB7C205BD6DD88156B30EE0C6F1AF1,1257,qml:QtQuick.Controls.FluentWinUI3,qml,LIKELY_REQUIRED,PySide6 wheel tree SHA-256 match,,UNKNOWN
Release/External_Test/2026-07-30_audio-validation-fix/Qonic_Audio_v5.0_internal_test/_internal/PySide6/qml/QtQuick/Controls/FluentWinUI3/dark/images/editablecombobox-background-open-pressed.png,9B2993A8B96673393B17EC53D71CB5862EB2A44BA9FD3C5F465A0BF4638A4B9D,356,qml:QtQuick.Controls.FluentWinUI3,qml,LIKELY_REQUIRED,PySide6 wheel tree SHA-256 match,,UNKNOWN
Release/External_Test/2026-07-30_audio-validation-fix/Qonic_Audio_v5.0_internal_test/_internal/PySide6/qml/QtQuick/Controls/FluentWinUI3/dark/images/editablecombobox-background-open-pressed@2x.png,46B24C8416C8B349A455D78475D8BB99BA260FA6EA3B722E15DC312BCD7DB53D,745,qml:QtQuick.Controls.FluentWinUI3,qml,LIKELY_REQUIRED,PySide6 wheel tree SHA-256 match,,UNKNOWN
Release/External_Test/2026-07-30_audio-validation-fix/Qonic_Audio_v5.0_internal_test/_internal/PySide6/qml/QtQuick/Controls/FluentWinUI3/dark/images/editablecombobox-background-open-pressed@3x.png,04EF55069CBC71BCAFCF10807DA3E0FBF7DB7C205BD6DD88156B30EE0C6F1AF1,1257,qml:QtQuick.Controls.FluentWinUI3,qml,LIKELY_REQUIRED,PySide6 wheel tree SHA-256 match,,UNKNOWN
Release/External_Test/2026-07-30_audio-validation-fix/Qonic_Audio_v5.0_internal_test/_internal/PySide6/qml/QtQuick/Controls/FluentWinUI3/dark/images/editablecombobox-background-open.png,9B2993A8B96673393B17EC53D71CB5862EB2A44BA9FD3C5F465A0BF4638A4B9D,356,qml:QtQuick.Controls.FluentWinUI3,qml,LIKELY_REQUIRED,PySide6 wheel tree SHA-256 match,,UNKNOWN
Release/External_Test/2026-07-30_audio-validation-fix/Qonic_Audio_v5.0_internal_test/_internal/PySide6/qml/QtQuick/Controls/FluentWinUI3/dark/images/editablecombobox-background-open@2x.png,46B24C8416C8B349A455D78475D8BB99BA260FA6EA3B722E15DC312BCD7DB53D,745,qml:QtQuick.Controls.FluentWinUI3,qml,LIKELY_REQUIRED,PySide6 wheel tree SHA-256 match,,UNKNOWN
Release/External_Test/2026-07-30_audio-validation-fix/Qonic_Audio_v5.0_internal_test/_internal/PySide6/qml/QtQuick/Controls/FluentWinUI3/dark/images/editablecombobox-background-open@3x.png,04EF55069CBC71BCAFCF10807DA3E0FBF7DB7C205BD6DD88156B30EE0C6F1AF1,1257,qml:QtQuick.Controls.FluentWinUI3,qml,LIKELY_REQUIRED,PySide6 wheel tree SHA-256 match,,UNKNOWN
Release/External_Test/2026-07-30_audio-validation-fix/Qonic_Audio_v5.0_internal_test/_internal/PySide6/qml/QtQuick/Controls/FluentWinUI3/dark/images/editablecombobox-indicator-hovered-open.png,0941EC5DA06F1CAFE91004C1B035997609AB1EEF1F39A9AC5F0BB558DD8F93EB,125,qml:QtQuick.Controls.FluentWinUI3,qml,LIKELY_REQUIRED,PySide6 wheel tree SHA-256 match,,UNKNOWN
Release/External_Test/2026-07-30_audio-validation-fix/Qonic_Audio_v5.0_internal_test/_internal/PySide6/qml/QtQuick/Controls/FluentWinUI3/dark/images/editablecombobox-indicator-hovered-open@2x.png,840B43337D232F04AED0B3209A43A0B25BB5F4BB53920620C7E0BCC155743DAA,171,qml:QtQuick.Controls.FluentWinUI3,qml,LIKELY_REQUIRED,PySide6 wheel tree SHA-256 match,,UNKNOWN
Release/External_Test/2026-07-30_audio-validation-fix/Qonic_Audio_v5.0_internal_test/_internal/PySide6/qml/QtQuick/Controls/FluentWinUI3/dark/images/editablecombobox-indicator-hovered-open@3x.png,B74CF0894A7B42AAE0630586E321E3CEA282724A16E1ED40322CB39014C0041F,184,qml:QtQuick.Controls.FluentWinUI3,qml,LIKELY_REQUIRED,PySide6 wheel tree SHA-256 match,,UNKNOWN
Release/External_Test/2026-07-30_audio-validation-fix/Qonic_Audio_v5.0_internal_test/_internal/PySide6/qml/QtQuick/Controls/FluentWinUI3/dark/images/editablecombobox-indicator-open-pressed.png,0941EC5DA06F1CAFE91004C1B035997609AB1EEF1F39A9AC5F0BB558DD8F93EB,125,qml:QtQuick.Controls.FluentWinUI3,qml,LIKELY_REQUIRED,PySide6 wheel tree SHA-256 match,,UNKNOWN
Release/External_Test/2026-07-30_audio-validation-fix/Qonic_Audio_v5.0_internal_test/_internal/PySide6/qml/QtQuick/Controls/FluentWinUI3/dark/images/editablecombobox-indicator-open-pressed@2x.png,840B43337D232F04AED0B3209A43A0B25BB5F4BB53920620C7E0BCC155743DAA,171,qml:QtQuick.Controls.FluentWinUI3,qml,LIKELY_REQUIRED,PySide6 wheel tree SHA-256 match,,UNKNOWN
Release/External_Test/2026-07-30_audio-validation-fix/Qonic_Audio_v5.0_internal_test/_internal/PySide6/qml/QtQuick/Controls/FluentWinUI3/dark/images/editablecombobox-indicator-open-pressed@3x.png,B74CF0894A7B42AAE0630586E321E3CEA282724A16E1ED40322CB39014C0041F,184,qml:QtQuick.Controls.FluentWinUI3,qml,LIKELY_REQUIRED,PySide6 wheel tree SHA-256 match,,UNKNOWN
Release/External_Test/2026-07-30_audio-validation-fix/Qonic_Audio_v5.0_internal_test/_internal/PySide6/qml/QtQuick/Controls/FluentWinUI3/dark/images/editablecombobox-indicator-open.png,0941EC5DA06F1CAFE91004C1B035997609AB1EEF1F39A9AC5F0BB558DD8F93EB,125,qml:QtQuick.Controls.FluentWinUI3,qml,LIKELY_REQUIRED,PySide6 wheel tree SHA-256 match,,UNKNOWN
Release/External_Test/2026-07-30_audio-validation-fix/Qonic_Audio_v5.0_internal_test/_internal/PySide6/qml/QtQuick/Controls/FluentWinUI3/dark/images/editablecombobox-indicator-open@2x.png,840B43337D232F04AED0B3209A43A0B25BB5F4BB53920620C7E0BCC155743DAA,171,qml:QtQuick.Controls.FluentWinUI3,qml,LIKELY_REQUIRED,PySide6 wheel tree SHA-256 match,,UNKNOWN
Release/External_Test/2026-07-30_audio-validation-fix/Qonic_Audio_v5.0_internal_test/_internal/PySide6/qml/QtQuick/Controls/FluentWinUI3/dark/images/editablecombobox-indicator-open@3x.png,B74CF0894A7B42AAE0630586E321E3CEA282724A16E1ED40322CB39014C0041F,184,qml:QtQuick.Controls.FluentWinUI3,qml,LIKELY_REQUIRED,PySide6 wheel tree SHA-256 match,,UNKNOWN
Release/External_Test/2026-07-30_audio-validation-fix/Qonic_Audio_v5.0_internal_test/_internal/PySide6/qml/QtQuick/Controls/FluentWinUI3/dark/images/editablecombobox-popup-background-hovered-open.png,6C6B7C12D0A9080109E8CF1E5BA23A535CF195A85A01FE9BB4A1F66CDDA9657C,3947,qml:QtQuick.Controls.FluentWinUI3,qml,LIKELY_REQUIRED,PySide6 wheel tree SHA-256 match,,UNKNOWN
Release/External_Test/2026-07-30_audio-validation-fix/Qonic_Audio_v5.0_internal_test/_internal/PySide6/qml/QtQuick/Controls/FluentWinUI3/dark/images/editablecombobox-popup-background-hovered-open@2x.png,26C58314ABBAB9420DA568696AF5FF36287B0E569EB15D2C35904A1C7D9A32D8,7741,qml:QtQuick.Controls.FluentWinUI3,qml,LIKELY_REQUIRED,PySide6 wheel tree SHA-256 match,,UNKNOWN
Release/External_Test/2026-07-30_audio-validation-fix/Qonic_Audio_v5.0_internal_test/_internal/PySide6/qml/QtQuick/Controls/FluentWinUI3/dark/images/editablecombobox-popup-background-hovered-open@3x.png,1CAB68C7C8CF21D2F7A721EAF3E254899685DEECBC2B11C2198183C2F19F3602,14818,qml:QtQuick.Controls.FluentWinUI3,qml,LIKELY_REQUIRED,PySide6 wheel tree SHA-256 match,,UNKNOWN
Release/External_Test/2026-07-30_audio-validation-fix/Qonic_Audio_v5.0_internal_test/_internal/PySide6/qml/QtQuick/Controls/FluentWinUI3/dark/images/editablecombobox-popup-background-open-pressed.png,6C6B7C12D0A9080109E8CF1E5BA23A535CF195A85A01FE9BB4A1F66CDDA9657C,3947,qml:QtQuick.Controls.FluentWinUI3,qml,LIKELY_REQUIRED,PySide6 wheel tree SHA-256 match,,UNKNOWN
Release/External_Test/2026-07-30_audio-validation-fix/Qonic_Audio_v5.0_internal_test/_internal/PySide6/qml/QtQuick/Controls/FluentWinUI3/dark/images/editablecombobox-popup-background-open-pressed@2x.png,26C58314ABBAB9420DA568696AF5FF36287B0E569EB15D2C35904A1C7D9A32D8,7741,qml:QtQuick.Controls.FluentWinUI3,qml,LIKELY_REQUIRED,PySide6 wheel tree SHA-256 match,,UNKNOWN
Release/External_Test/2026-07-30_audio-validation-fix/Qonic_Audio_v5.0_internal_test/_internal/PySide6/qml/QtQuick/Controls/FluentWinUI3/dark/images/editablecombobox-popup-background-open-pressed@3x.png,1CAB68C7C8CF21D2F7A721EAF3E254899685DEECBC2B11C2198183C2F19F3602,14818,qml:QtQuick.Controls.FluentWinUI3,qml,LIKELY_REQUIRED,PySide6 wheel tree SHA-256 match,,UNKNOWN
Release/External_Test/2026-07-30_audio-validation-fix/Qonic_Audio_v5.0_internal_test/_internal/PySide6/qml/QtQuick/Controls/FluentWinUI3/dark/images/editablecombobox-popup-background-open.png,6C6B7C12D0A9080109E8CF1E5BA23A535CF195A85A01FE9BB4A1F66CDDA9657C,3947,qml:QtQuick.Controls.FluentWinUI3,qml,LIKELY_REQUIRED,PySide6 wheel tree SHA-256 match,,UNKNOWN
Release/External_Test/2026-07-30_audio-validation-fix/Qonic_Audio_v5.0_internal_test/_internal/PySide6/qml/QtQuick/Controls/FluentWinUI3/dark/images/editablecombobox-popup-background-open@2x.png,26C58314ABBAB9420DA568696AF5FF36287B0E569EB15D2C35904A1C7D9A32D8,7741,qml:QtQuick.Controls.FluentWinUI3,qml,LIKELY_REQUIRED,PySide6 wheel tree SHA-256 match,,UNKNOWN
Release/External_Test/2026-07-30_audio-validation-fix/Qonic_Audio_v5.0_internal_test/_internal/PySide6/qml/QtQuick/Controls/FluentWinUI3/dark/images/editablecombobox-popup-background-open@3x.png,1CAB68C7C8CF21D2F7A721EAF3E254899685DEECBC2B11C2198183C2F19F3602,14818,qml:QtQuick.Controls.FluentWinUI3,qml,LIKELY_REQUIRED,PySide6 wheel tree SHA-256 match,,UNKNOWN
Release/External_Test/2026-07-30_audio-validation-fix/Qonic_Audio_v5.0_internal_test/_internal/PySide6/qml/QtQuick/Controls/FluentWinUI3/dark/images/frame-background-disabled.png,B322D405E63B3F175706528BD45CB8A18AA949CE1EA9E726C62BF59F3F48437F,375,qml:QtQuick.Controls.FluentWinUI3,qml,LIKELY_REQUIRED,PySide6 wheel tree SHA-256 match,,UNKNOWN
Release/External_Test/2026-07-30_audio-validation-fix/Qonic_Audio_v5.0_internal_test/_internal/PySide6/qml/QtQuick/Controls/FluentWinUI3/dark/images/frame-background-disabled@2x.png,2F16442C308EE0B60B3CFEBC808446F90C72B263DFCFB20E35D30E59BE6D8944,645,qml:QtQuick.Controls.FluentWinUI3,qml,LIKELY_REQUIRED,PySide6 wheel tree SHA-256 match,,UNKNOWN
Release/External_Test/2026-07-30_audio-validation-fix/Qonic_Audio_v5.0_internal_test/_internal/PySide6/qml/QtQuick/Controls/FluentWinUI3/dark/images/frame-background-disabled@3x.png,D23404EB8E4BD8C8416449E1D07697B3BDF3EC7BE58308F7EF92EC59FC6270DF,972,qml:QtQuick.Controls.FluentWinUI3,qml,LIKELY_REQUIRED,PySide6 wheel tree SHA-256 match,,UNKNOWN
Release/External_Test/2026-07-30_audio-validation-fix/Qonic_Audio_v5.0_internal_test/_internal/PySide6/qml/QtQuick/Controls/FluentWinUI3/dark/images/frame-background.png,B322D405E63B3F175706528BD45CB8A18AA949CE1EA9E726C62BF59F3F48437F,375,qml:QtQuick.Controls.FluentWinUI3,qml,LIKELY_REQUIRED,PySide6 wheel tree SHA-256 match,,UNKNOWN
Release/External_Test/2026-07-30_audio-validation-fix/Qonic_Audio_v5.0_internal_test/_internal/PySide6/qml/QtQuick/Controls/FluentWinUI3/dark/images/frame-background@2x.png,2F16442C308EE0B60B3CFEBC808446F90C72B263DFCFB20E35D30E59BE6D8944,645,qml:QtQuick.Controls.FluentWinUI3,qml,LIKELY_REQUIRED,PySide6 wheel tree SHA-256 match,,UNKNOWN
Release/External_Test/2026-07-30_audio-validation-fix/Qonic_Audio_v5.0_internal_test/_internal/PySide6/qml/QtQuick/Controls/FluentWinUI3/dark/images/frame-background@3x.png,D23404EB8E4BD8C8416449E1D07697B3BDF3EC7BE58308F7EF92EC59FC6270DF,972,qml:QtQuick.Controls.FluentWinUI3,qml,LIKELY_REQUIRED,PySide6 wheel tree SHA-256 match,,UNKNOWN
Release/External_Test/2026-07-30_audio-validation-fix/Qonic_Audio_v5.0_internal_test/_internal/PySide6/qml/QtQuick/Controls/FluentWinUI3/dark/images/itemdelegate-background-highlighted-hovered.png,3C5FAFBC237F9E5F72829CC66A37DC81BCB531B9F3AEAEE91A55469FD7DE5073,177,qml:QtQuick.Controls.FluentWinUI3,qml,LIKELY_REQUIRED,PySide6 wheel tree SHA-256 match,,UNKNOWN
Release/External_Test/2026-07-30_audio-validation-fix/Qonic_Audio_v5.0_internal_test/_internal/PySide6/qml/QtQuick/Controls/FluentWinUI3/dark/images/itemdelegate-background-highlighted-hovered@2x.png,507FD11CC0EF9C76294413EC13A078A70771235A6379A8E285A8B27B7A7776D7,257,qml:QtQuick.Controls.FluentWinUI3,qml,LIKELY_REQUIRED,PySide6 wheel tree SHA-256 match,,UNKNOWN
Release/External_Test/2026-07-30_audio-validation-fix/Qonic_Audio_v5.0_internal_test/_internal/PySide6/qml/QtQuick/Controls/FluentWinUI3/dark/images/itemdelegate-background-highlighted-hovered@3x.png,DBBD1CFBFD6B58D2F6E3B91D388844599B003198CB064D17C00F5BA321DFFB75,337,qml:QtQuick.Controls.FluentWinUI3,qml,LIKELY_REQUIRED,PySide6 wheel tree SHA-256 match,,UNKNOWN
Release/External_Test/2026-07-30_audio-validation-fix/Qonic_Audio_v5.0_internal_test/_internal/PySide6/qml/QtQuick/Controls/FluentWinUI3/dark/images/itemdelegate-background-highlighted-pressed.png,DE44725384503C17A52D22B396D5A49157C32E7255F9CE77CF20C92EA8DEB893,179,qml:QtQuick.Controls.FluentWinUI3,qml,LIKELY_REQUIRED,PySide6 wheel tree SHA-256 match,,UNKNOWN
Release/External_Test/2026-07-30_audio-validation-fix/Qonic_Audio_v5.0_internal_test/_internal/PySide6/qml/QtQuick/Controls/FluentWinUI3/dark/images/itemdelegate-background-highlighted-pressed@2x.png,2CAA3A058DCE9E2921D9B91F604319B111EB14032761032F683F112C816EAD6A,243,qml:QtQuick.Controls.FluentWinUI3,qml,LIKELY_REQUIRED,PySide6 wheel tree SHA-256 match,,UNKNOWN
Release/External_Test/2026-07-30_audio-validation-fix/Qonic_Audio_v5.0_internal_test/_internal/PySide6/qml/QtQuick/Controls/FluentWinUI3/dark/images/itemdelegate-background-highlighted-pressed@3x.png,0C099FA7D7897518B2BEEA4FED29A22A888065D9034B04E5B27E370D553559F4,339,qml:QtQuick.Controls.FluentWinUI3,qml,LIKELY_REQUIRED,PySide6 wheel tree SHA-256 match,,UNKNOWN
Release/External_Test/2026-07-30_audio-validation-fix/Qonic_Audio_v5.0_internal_test/_internal/PySide6/qml/QtQuick/Controls/FluentWinUI3/dark/images/itemdelegate-background-highlighted.png,3C5FAFBC237F9E5F72829CC66A37DC81BCB531B9F3AEAEE91A55469FD7DE5073,177,qml:QtQuick.Controls.FluentWinUI3,qml,LIKELY_REQUIRED,PySide6 wheel tree SHA-256 match,,UNKNOWN
Release/External_Test/2026-07-30_audio-validation-fix/Qonic_Audio_v5.0_internal_test/_internal/PySide6/qml/QtQuick/Controls/FluentWinUI3/dark/images/itemdelegate-background-highlighted@2x.png,507FD11CC0EF9C76294413EC13A078A70771235A6379A8E285A8B27B7A7776D7,257,qml:QtQuick.Controls.FluentWinUI3,qml,LIKELY_REQUIRED,PySide6 wheel tree SHA-256 match,,UNKNOWN
Release/External_Test/2026-07-30_audio-validation-fix/Qonic_Audio_v5.0_internal_test/_internal/PySide6/qml/QtQuick/Controls/FluentWinUI3/dark/images/itemdelegate-background-highlighted@3x.png,DBBD1CFBFD6B58D2F6E3B91D388844599B003198CB064D17C00F5BA321DFFB75,337,qml:QtQuick.Controls.FluentWinUI3,qml,LIKELY_REQUIRED,PySide6 wheel tree SHA-256 match,,UNKNOWN
Release/External_Test/2026-07-30_audio-validation-fix/Qonic_Audio_v5.0_internal_test/_internal/PySide6/qml/QtQuick/Controls/FluentWinUI3/dark/images/itemdelegate-background-hovered.png,3C5FAFBC237F9E5F72829CC66A37DC81BCB531B9F3AEAEE91A55469FD7DE5073,177,qml:QtQuick.Controls.FluentWinUI3,qml,LIKELY_REQUIRED,PySide6 wheel tree SHA-256 match,,UNKNOWN
Release/External_Test/2026-07-30_audio-validation-fix/Qonic_Audio_v5.0_internal_test/_internal/PySide6/qml/QtQuick/Controls/FluentWinUI3/dark/images/itemdelegate-background-hovered@2x.png,507FD11CC0EF9C76294413EC13A078A70771235A6379A8E285A8B27B7A7776D7,257,qml:QtQuick.Controls.FluentWinUI3,qml,LIKELY_REQUIRED,PySide6 wheel tree SHA-256 match,,UNKNOWN
Release/External_Test/2026-07-30_audio-validation-fix/Qonic_Audio_v5.0_internal_test/_internal/PySide6/qml/QtQuick/Controls/FluentWinUI3/dark/images/itemdelegate-background-hovered@3x.png,DBBD1CFBFD6B58D2F6E3B91D388844599B003198CB064D17C00F5BA321DFFB75,337,qml:QtQuick.Controls.FluentWinUI3,qml,LIKELY_REQUIRED,PySide6 wheel tree SHA-256 match,,UNKNOWN
Release/External_Test/2026-07-30_audio-validation-fix/Qonic_Audio_v5.0_internal_test/_internal/PySide6/qml/QtQuick/Controls/FluentWinUI3/dark/images/itemdelegate-background-pressed.png,DE44725384503C17A52D22B396D5A49157C32E7255F9CE77CF20C92EA8DEB893,179,qml:QtQuick.Controls.FluentWinUI3,qml,LIKELY_REQUIRED,PySide6 wheel tree SHA-256 match,,UNKNOWN
Release/External_Test/2026-07-30_audio-validation-fix/Qonic_Audio_v5.0_internal_test/_internal/PySide6/qml/QtQuick/Controls/FluentWinUI3/dark/images/itemdelegate-background-pressed@2x.png,2CAA3A058DCE9E2921D9B91F604319B111EB14032761032F683F112C816EAD6A,243,qml:QtQuick.Controls.FluentWinUI3,qml,LIKELY_REQUIRED,PySide6 wheel tree SHA-256 match,,UNKNOWN
Release/External_Test/2026-07-30_audio-validation-fix/Qonic_Audio_v5.0_internal_test/_internal/PySide6/qml/QtQuick/Controls/FluentWinUI3/dark/images/itemdelegate-background-pressed@3x.png,0C099FA7D7897518B2BEEA4FED29A22A888065D9034B04E5B27E370D553559F4,339,qml:QtQuick.Controls.FluentWinUI3,qml,LIKELY_REQUIRED,PySide6 wheel tree SHA-256 match,,UNKNOWN
Release/External_Test/2026-07-30_audio-validation-fix/Qonic_Audio_v5.0_internal_test/_internal/PySide6/qml/QtQuick/Controls/FluentWinUI3/dark/images/pageindicatordelegate-indicator-delegate-current-hovered.png,0332EA1997DBC4EED3398C8BF9E2A4939BC46AC55126B1043FE0D2DAF68942C2,161,qml:QtQuick.Controls.FluentWinUI3,qml,LIKELY_REQUIRED,PySide6 wheel tree SHA-256 match,,UNKNOWN
Release/External_Test/2026-07-30_audio-validation-fix/Qonic_Audio_v5.0_internal_test/_internal/PySide6/qml/QtQuick/Controls/FluentWinUI3/dark/images/pageindicatordelegate-indicator-delegate-current-hovered@2x.png,39D64D161525B2CFA3364E050FBF78C02D3F998A904874D1A6AFFF9C96AD2BED,239,qml:QtQuick.Controls.FluentWinUI3,qml,LIKELY_REQUIRED,PySide6 wheel tree SHA-256 match,,UNKNOWN
Release/External_Test/2026-07-30_audio-validation-fix/Qonic_Audio_v5.0_internal_test/_internal/PySide6/qml/QtQuick/Controls/FluentWinUI3/dark/images/pageindicatordelegate-indicator-delegate-current-hovered@3x.png,BF2728748C7B6E745F6D2B667D90CC8D03B651AFB7DB1E8C75546CE943812DAD,281,qml:QtQuick.Controls.FluentWinUI3,qml,LIKELY_REQUIRED,PySide6 wheel tree SHA-256 match,,UNKNOWN
Release/External_Test/2026-07-30_audio-validation-fix/Qonic_Audio_v5.0_internal_test/_internal/PySide6/qml/QtQuick/Controls/FluentWinUI3/dark/images/pageindicatordelegate-indicator-delegate-current-pressed.png,7B63FBE111BC307F4D74F119C26A580171AA5638CB956B82D038E625FEDA0202,154,qml:QtQuick.Controls.FluentWinUI3,qml,LIKELY_REQUIRED,PySide6 wheel tree SHA-256 match,,UNKNOWN
Release/External_Test/2026-07-30_audio-validation-fix/Qonic_Audio_v5.0_internal_test/_internal/PySide6/qml/QtQuick/Controls/FluentWinUI3/dark/images/pageindicatordelegate-indicator-delegate-current-pressed@2x.png,FA10CBBE117195AFA058AE3807B83B4EDDCEC767176B31032ACA213DB862503A,178,qml:QtQuick.Controls.FluentWinUI3,qml,LIKELY_REQUIRED,PySide6 wheel tree SHA-256 match,,UNKNOWN
Release/External_Test/2026-07-30_audio-validation-fix/Qonic_Audio_v5.0_internal_test/_internal/PySide6/qml/QtQuick/Controls/FluentWinUI3/dark/images/pageindicatordelegate-indicator-delegate-current-pressed@3x.png,C59E399026AF5FC888BE26CD766638F6DDDD5B79DCCCB3C7805A1E38FF0FCCF2,230,qml:QtQuick.Controls.FluentWinUI3,qml,LIKELY_REQUIRED,PySide6 wheel tree SHA-256 match,,UNKNOWN
Release/External_Test/2026-07-30_audio-validation-fix/Qonic_Audio_v5.0_internal_test/_internal/PySide6/qml/QtQuick/Controls/FluentWinUI3/dark/images/pageindicatordelegate-indicator-delegate-current.png,7D12934116166305BB9A9039728556EE2E5AB15CDF83D31DA685D3E5CEA11ED5,145,qml:QtQuick.Controls.FluentWinUI3,qml,LIKELY_REQUIRED,PySide6 wheel tree SHA-256 match,,UNKNOWN
Release/External_Test/2026-07-30_audio-validation-fix/Qonic_Audio_v5.0_internal_test/_internal/PySide6/qml/QtQuick/Controls/FluentWinUI3/dark/images/pageindicatordelegate-indicator-delegate-current@2x.png,1205443CD4904D2A4305D474A2081DBA0409616D5474E4CA8D7F1EC1F51CD15C,220,qml:QtQuick.Controls.FluentWinUI3,qml,LIKELY_REQUIRED,PySide6 wheel tree SHA-256 match,,UNKNOWN
Release/External_Test/2026-07-30_audio-validation-fix/Qonic_Audio_v5.0_internal_test/_internal/PySide6/qml/QtQuick/Controls/FluentWinUI3/dark/images/pageindicatordelegate-indicator-delegate-current@3x.png,5571E639E04EA85A0EDDA9B9FBAB4770F755E5B502EAFF2BA8CD060C7F3DFE30,271,qml:QtQuick.Controls.FluentWinUI3,qml,LIKELY_REQUIRED,PySide6 wheel tree SHA-256 match,,UNKNOWN
Release/External_Test/2026-07-30_audio-validation-fix/Qonic_Audio_v5.0_internal_test/_internal/PySide6/qml/QtQuick/Controls/FluentWinUI3/dark/images/pageindicatordelegate-indicator-delegate-pressed.png,845981F93A7C37DE8FB26B441F39AE1AC126E88B26DB037558B8F27B15A37C5F,94,qml:QtQuick.Controls.FluentWinUI3,qml,LIKELY_REQUIRED,PySide6 wheel tree SHA-256 match,,UNKNOWN
Release/External_Test/2026-07-30_audio-validation-fix/Qonic_Audio_v5.0_internal_test/_internal/PySide6/qml/QtQuick/Controls/FluentWinUI3/dark/images/pageindicatordelegate-indicator-delegate-pressed@2x.png,4DCA79E071ECD01E8378BBB143167BCFB535E0CAFE8BA00679AD24D46D3D9C00,148,qml:QtQuick.Controls.FluentWinUI3,qml,LIKELY_REQUIRED,PySide6 wheel tree SHA-256 match,,UNKNOWN
Release/External_Test/2026-07-30_audio-validation-fix/Qonic_Audio_v5.0_internal_test/_internal/PySide6/qml/QtQuick/Controls/FluentWinUI3/dark/images/pageindicatordelegate-indicator-delegate-pressed@3x.png,102808CC3964054161DA3128D0FD01BE867D014F756ECEB6DC2EA4A8597C9791,195,qml:QtQuick.Controls.FluentWinUI3,qml,LIKELY_REQUIRED,PySide6 wheel tree SHA-256 match,,UNKNOWN
Release/External_Test/2026-07-30_audio-validation-fix/Qonic_Audio_v5.0_internal_test/_internal/PySide6/qml/QtQuick/Controls/FluentWinUI3/dark/images/pageindicatordelegate-indicator-disabled.png,BAC6C0801E51C298B110AE6098B1465650184A46DB292A96F620FAE6F7EDA229,132,qml:QtQuick.Controls.FluentWinUI3,qml,LIKELY_REQUIRED,PySide6 wheel tree SHA-256 match,,UNKNOWN
Release/External_Test/2026-07-30_audio-validation-fix/Qonic_Audio_v5.0_internal_test/_internal/PySide6/qml/QtQuick/Controls/FluentWinUI3/dark/images/pageindicatordelegate-indicator-disabled@2x.png,EBD1C3753989C71021BFFC13E8D9C9895D10D46AC87510947077A9383F2F7AD4,162,qml:QtQuick.Controls.FluentWinUI3,qml,LIKELY_REQUIRED,PySide6 wheel tree SHA-256 match,,UNKNOWN
Release/External_Test/2026-07-30_audio-validation-fix/Qonic_Audio_v5.0_internal_test/_internal/PySide6/qml/QtQuick/Controls/FluentWinUI3/dark/images/pageindicatordelegate-indicator-disabled@3x.png,2650EC0961AE6DDDAEFBD1E94C8198EFFB856E895B994291F7DAF4F2BD8899D5,209,qml:QtQuick.Controls.FluentWinUI3,qml,LIKELY_REQUIRED,PySide6 wheel tree SHA-256 match,,UNKNOWN
Release/External_Test/2026-07-30_audio-validation-fix/Qonic_Audio_v5.0_internal_test/_internal/PySide6/qml/QtQuick/Controls/FluentWinUI3/dark/images/pageindicatordelegate-indicator-hovered.png,7B63FBE111BC307F4D74F119C26A580171AA5638CB956B82D038E625FEDA0202,154,qml:QtQuick.Controls.FluentWinUI3,qml,LIKELY_REQUIRED,PySide6 wheel tree SHA-256 match,,UNKNOWN
Release/External_Test/2026-07-30_audio-validation-fix/Qonic_Audio_v5.0_internal_test/_internal/PySide6/qml/QtQuick/Controls/FluentWinUI3/dark/images/pageindicatordelegate-indicator-hovered@2x.png,FA10CBBE117195AFA058AE3807B83B4EDDCEC767176B31032ACA213DB862503A,178,qml:QtQuick.Controls.FluentWinUI3,qml,LIKELY_REQUIRED,PySide6 wheel tree SHA-256 match,,UNKNOWN
Release/External_Test/2026-07-30_audio-validation-fix/Qonic_Audio_v5.0_internal_test/_internal/PySide6/qml/QtQuick/Controls/FluentWinUI3/dark/images/pageindicatordelegate-indicator-hovered@3x.png,C59E399026AF5FC888BE26CD766638F6DDDD5B79DCCCB3C7805A1E38FF0FCCF2,230,qml:QtQuick.Controls.FluentWinUI3,qml,LIKELY_REQUIRED,PySide6 wheel tree SHA-256 match,,UNKNOWN
Release/External_Test/2026-07-30_audio-validation-fix/Qonic_Audio_v5.0_internal_test/_internal/PySide6/qml/QtQuick/Controls/FluentWinUI3/dark/images/pageindicatordelegate-indicator.png,0A9526BD395E2DE76D26BE925C4A68222F761DBAB424A0BCEE45A293007ECB98,134,qml:QtQuick.Controls.FluentWinUI3,qml,LIKELY_REQUIRED,PySide6 wheel tree SHA-256 match,,UNKNOWN
Release/External_Test/2026-07-30_audio-validation-fix/Qonic_Audio_v5.0_internal_test/_internal/PySide6/qml/QtQuick/Controls/FluentWinUI3/dark/images/pageindicatordelegate-indicator@2x.png,58F8AF13921A8C95E8D57E245B1FD6B9B6BEC06D532E5A0EA6485FAEF5501A78,182,qml:QtQuick.Controls.FluentWinUI3,qml,LIKELY_REQUIRED,PySide6 wheel tree SHA-256 match,,UNKNOWN
Release/External_Test/2026-07-30_audio-validation-fix/Qonic_Audio_v5.0_internal_test/_internal/PySide6/qml/QtQuick/Controls/FluentWinUI3/dark/images/pageindicatordelegate-indicator@3x.png,C75649360ADECDD64CC9EA2F4157675494C5A674711C3E2D028745C89C8C151C,226,qml:QtQuick.Controls.FluentWinUI3,qml,LIKELY_REQUIRED,PySide6 wheel tree SHA-256 match,,UNKNOWN
Release/External_Test/2026-07-30_audio-validation-fix/Qonic_Audio_v5.0_internal_test/_internal/PySide6/qml/QtQuick/Controls/FluentWinUI3/dark/images/popup-background.png,C4F5B2C4E11C74AF894B336CE842DA4F9266C20483B480C427F4FA5D28079D62,6626,qml:QtQuick.Controls.FluentWinUI3,qml,LIKELY_REQUIRED,PySide6 wheel tree SHA-256 match,,UNKNOWN
Release/External_Test/2026-07-30_audio-validation-fix/Qonic_Audio_v5.0_internal_test/_internal/PySide6/qml/QtQuick/Controls/FluentWinUI3/dark/images/popup-background@2x.png,B320358B0289E898F3C78B37CC8684344C7141BE72DD003BB9D96BFEF8554108,15844,qml:QtQuick.Controls.FluentWinUI3,qml,LIKELY_REQUIRED,PySide6 wheel tree SHA-256 match,,UNKNOWN
Release/External_Test/2026-07-30_audio-validation-fix/Qonic_Audio_v5.0_internal_test/_internal/PySide6/qml/QtQuick/Controls/FluentWinUI3/dark/images/popup-background@3x.png,E091AE444C166D8019CC7DB55D78FFA80AB675B20CE5DF1D47FA66111F46AF33,38877,qml:QtQuick.Controls.FluentWinUI3,qml,LIKELY_REQUIRED,PySide6 wheel tree SHA-256 match,,UNKNOWN
Release/External_Test/2026-07-30_audio-validation-fix/Qonic_Audio_v5.0_internal_test/_internal/PySide6/qml/QtQuick/Controls/FluentWinUI3/dark/images/progressbar-groove-disabled.png,71E682B0C7AAD5400DCA80A96D28A904D8E03BEDAFE5D7E159F642820137E1C2,82,qml:QtQuick.Controls.FluentWinUI3,qml,LIKELY_REQUIRED,PySide6 wheel tree SHA-256 match,,UNKNOWN
Release/External_Test/2026-07-30_audio-validation-fix/Qonic_Audio_v5.0_internal_test/_internal/PySide6/qml/QtQuick/Controls/FluentWinUI3/dark/images/progressbar-groove-disabled@2x.png,7E588670B28EE00A484958BA1AF360267722C57FBAA96A52A97624E0CEAEE641,99,qml:QtQuick.Controls.FluentWinUI3,qml,LIKELY_REQUIRED,PySide6 wheel tree SHA-256 match,,UNKNOWN
Release/External_Test/2026-07-30_audio-validation-fix/Qonic_Audio_v5.0_internal_test/_internal/PySide6/qml/QtQuick/Controls/FluentWinUI3/dark/images/progressbar-groove-disabled@3x.png,8DEB5CC7C9AD666E503E99C11CE6D93B12CC76982D4158C106C8449B18111356,111,qml:QtQuick.Controls.FluentWinUI3,qml,LIKELY_REQUIRED,PySide6 wheel tree SHA-256 match,,UNKNOWN
Release/External_Test/2026-07-30_audio-validation-fix/Qonic_Audio_v5.0_internal_test/_internal/PySide6/qml/QtQuick/Controls/FluentWinUI3/dark/images/progressbar-groove.png,BE1113ED5FBE64207F61C3CA3F48ADE7E4EE7AB3F1DA4AA4B3D5EA0A1730868E,82,qml:QtQuick.Controls.FluentWinUI3,qml,LIKELY_REQUIRED,PySide6 wheel tree SHA-256 match,,UNKNOWN
Release/External_Test/2026-07-30_audio-validation-fix/Qonic_Audio_v5.0_internal_test/_internal/PySide6/qml/QtQuick/Controls/FluentWinUI3/dark/images/progressbar-groove@2x.png,504D654D1DFB4E51DB7404FAE255D83D4A31A129BE2BBFE7A8FB051503D3BE1B,98,qml:QtQuick.Controls.FluentWinUI3,qml,LIKELY_REQUIRED,PySide6 wheel tree SHA-256 match,,UNKNOWN
Release/External_Test/2026-07-30_audio-validation-fix/Qonic_Audio_v5.0_internal_test/_internal/PySide6/qml/QtQuick/Controls/FluentWinUI3/dark/images/progressbar-groove@3x.png,9121157F1B0E85BEF30367E9C10423D66E65C3EFA04F211318EB5E2622A908DE,111,qml:QtQuick.Controls.FluentWinUI3,qml,LIKELY_REQUIRED,PySide6 wheel tree SHA-256 match,,UNKNOWN
Release/External_Test/2026-07-30_audio-validation-fix/Qonic_Audio_v5.0_internal_test/_internal/PySide6/qml/QtQuick/Controls/FluentWinUI3/dark/images/radiobutton-indicator-checked-disabled.png,9CE440355E2C4D0A56086A3AB1A9D48C6A61C99DAB836FF375DF9D41DAE1C969,275,qml:QtQuick.Controls.FluentWinUI3,qml,LIKELY_REQUIRED,PySide6 wheel tree SHA-256 match,,UNKNOWN
Release/External_Test/2026-07-30_audio-validation-fix/Qonic_Audio_v5.0_internal_test/_internal/PySide6/qml/QtQuick/Controls/FluentWinUI3/dark/images/radiobutton-indicator-checked-disabled@2x.png,8A5CAC5B604C6DF9D5A24C705FF44E07CB9DFF0B3B6C2D7F8119FDEBDD619C41,397,qml:QtQuick.Controls.FluentWinUI3,qml,LIKELY_REQUIRED,PySide6 wheel tree SHA-256 match,,UNKNOWN
Release/External_Test/2026-07-30_audio-validation-fix/Qonic_Audio_v5.0_internal_test/_internal/PySide6/qml/QtQuick/Controls/FluentWinUI3/dark/images/radiobutton-indicator-checked-disabled@3x.png,C6A9B086C6C300D20FF948E5A06454A2ADDE44FF861284705C7A0F7613417D28,519,qml:QtQuick.Controls.FluentWinUI3,qml,LIKELY_REQUIRED,PySide6 wheel tree SHA-256 match,,UNKNOWN
Release/External_Test/2026-07-30_audio-validation-fix/Qonic_Audio_v5.0_internal_test/_internal/PySide6/qml/QtQuick/Controls/FluentWinUI3/dark/images/radiobutton-indicator-checked-hovered.png,E9E821B062204A93ABFBD7EDCDE4857BCFEB39ABF48D941330A0DB1E44DABAB1,358,qml:QtQuick.Controls.FluentWinUI3,qml,LIKELY_REQUIRED,PySide6 wheel tree SHA-256 match,,UNKNOWN
Release/External_Test/2026-07-30_audio-validation-fix/Qonic_Audio_v5.0_internal_test/_internal/PySide6/qml/QtQuick/Controls/FluentWinUI3/dark/images/radiobutton-indicator-checked-hovered@2x.png,D62856795DE8078A9F7A628B7BF87D5947F21D98573F19D11FF63F3ED0C0621C,573,qml:QtQuick.Controls.FluentWinUI3,qml,LIKELY_REQUIRED,PySide6 wheel tree SHA-256 match,,UNKNOWN
Release/External_Test/2026-07-30_audio-validation-fix/Qonic_Audio_v5.0_internal_test/_internal/PySide6/qml/QtQuick/Controls/FluentWinUI3/dark/images/radiobutton-indicator-checked-hovered@3x.png,A3D747ABB2D29FE1C7320FEB3B21594B9E1091D699BB309FBFC1F225C302D481,743,qml:QtQuick.Controls.FluentWinUI3,qml,LIKELY_REQUIRED,PySide6 wheel tree SHA-256 match,,UNKNOWN
Release/External_Test/2026-07-30_audio-validation-fix/Qonic_Audio_v5.0_internal_test/_internal/PySide6/qml/QtQuick/Controls/FluentWinUI3/dark/images/radiobutton-indicator-checked-pressed.png,29C20C745CCBB0824E5E59DB0AA487F24C3EDDDBB7CD9F74E48AB925E1E452A1,382,qml:QtQuick.Controls.FluentWinUI3,qml,LIKELY_REQUIRED,PySide6 wheel tree SHA-256 match,,UNKNOWN
Release/External_Test/2026-07-30_audio-validation-fix/Qonic_Audio_v5.0_internal_test/_internal/PySide6/qml/QtQuick/Controls/FluentWinUI3/dark/images/radiobutton-indicator-checked-pressed@2x.png,4B40965E89F54D0D2BCE2A8FA6274D59D7918AAA4919A43D6AB74915F20CDC02,616,qml:QtQuick.Controls.FluentWinUI3,qml,LIKELY_REQUIRED,PySide6 wheel tree SHA-256 match,,UNKNOWN
Release/External_Test/2026-07-30_audio-validation-fix/Qonic_Audio_v5.0_internal_test/_internal/PySide6/qml/QtQuick/Controls/FluentWinUI3/dark/images/radiobutton-indicator-checked-pressed@3x.png,2C8513039C3CD10AB5F238481D3C8143D44BB5A027644F9CBBCC08222E17408E,795,qml:QtQuick.Controls.FluentWinUI3,qml,LIKELY_REQUIRED,PySide6 wheel tree SHA-256 match,,UNKNOWN
Release/External_Test/2026-07-30_audio-validation-fix/Qonic_Audio_v5.0_internal_test/_internal/PySide6/qml/QtQuick/Controls/FluentWinUI3/dark/images/radiobutton-indicator-checked.png,29BAFDE4165AF7208AEA92A587934E5E47AE194F30352A8FBC32452BAC7AA853,284,qml:QtQuick.Controls.FluentWinUI3,qml,LIKELY_REQUIRED,PySide6 wheel tree SHA-256 match,,UNKNOWN
Release/External_Test/2026-07-30_audio-validation-fix/Qonic_Audio_v5.0_internal_test/_internal/PySide6/qml/QtQuick/Controls/FluentWinUI3/dark/images/radiobutton-indicator-checked@2x.png,36A8466BBB98858C953888097D592CA88136C5CBB3104A37D1A2542FFD5324EB,422,qml:QtQuick.Controls.FluentWinUI3,qml,LIKELY_REQUIRED,PySide6 wheel tree SHA-256 match,,UNKNOWN
Release/External_Test/2026-07-30_audio-validation-fix/Qonic_Audio_v5.0_internal_test/_internal/PySide6/qml/QtQuick/Controls/FluentWinUI3/dark/images/radiobutton-indicator-checked@3x.png,60AE40E25F8A5CD072E025EC7DBA59FF88F29F8867AE7391638356A1EF0B0F0C,554,qml:QtQuick.Controls.FluentWinUI3,qml,LIKELY_REQUIRED,PySide6 wheel tree SHA-256 match,,UNKNOWN
Release/External_Test/2026-07-30_audio-validation-fix/Qonic_Audio_v5.0_internal_test/_internal/PySide6/qml/QtQuick/Controls/FluentWinUI3/dark/images/radiobutton-indicator-disabled.png,53911AAF364B6E27D1E2CB23C4D6D3DB86E0FF37C15EFDF9A3E381B9C3B91F3C,334,qml:QtQuick.Controls.FluentWinUI3,qml,LIKELY_REQUIRED,PySide6 wheel tree SHA-256 match,,UNKNOWN
Release/External_Test/2026-07-30_audio-validation-fix/Qonic_Audio_v5.0_internal_test/_internal/PySide6/qml/QtQuick/Controls/FluentWinUI3/dark/images/radiobutton-indicator-disabled@2x.png,FF140888179447374D63A4C610571CBC116282B61C8A90E5D7043887F5CF707D,516,qml:QtQuick.Controls.FluentWinUI3,qml,LIKELY_REQUIRED,PySide6 wheel tree SHA-256 match,,UNKNOWN
Release/External_Test/2026-07-30_audio-validation-fix/Qonic_Audio_v5.0_internal_test/_internal/PySide6/qml/QtQuick/Controls/FluentWinUI3/dark/images/radiobutton-indicator-disabled@3x.png,6C56709D6A85A1FA6B66C668FF00D95BD660B42D2AA449FA8C1C23F279B1E0C9,691,qml:QtQuick.Controls.FluentWinUI3,qml,LIKELY_REQUIRED,PySide6 wheel tree SHA-256 match,,UNKNOWN
Release/External_Test/2026-07-30_audio-validation-fix/Qonic_Audio_v5.0_internal_test/_internal/PySide6/qml/QtQuick/Controls/FluentWinUI3/dark/images/radiobutton-indicator-hovered.png,FABC6FC0734C2E07C5F5F9058ED891794921623E54083372DCFA8CA6E83BA3C8,395,qml:QtQuick.Controls.FluentWinUI3,qml,LIKELY_REQUIRED,PySide6 wheel tree SHA-256 match,,UNKNOWN
Release/External_Test/2026-07-30_audio-validation-fix/Qonic_Audio_v5.0_internal_test/_internal/PySide6/qml/QtQuick/Controls/FluentWinUI3/dark/images/radiobutton-indicator-hovered@2x.png,9B1C4E1EB61EE09B760054A9CB1FB0CBBA1E227A4AE174654FB2B1B50366E969,600,qml:QtQuick.Controls.FluentWinUI3,qml,LIKELY_REQUIRED,PySide6 wheel tree SHA-256 match,,UNKNOWN
Release/External_Test/2026-07-30_audio-validation-fix/Qonic_Audio_v5.0_internal_test/_internal/PySide6/qml/QtQuick/Controls/FluentWinUI3/dark/images/radiobutton-indicator-hovered@3x.png,975DA64ACE8E0F24D4B6AA44EB1A13C5E176A4378BEA41715E363B81C93ECA85,792,qml:QtQuick.Controls.FluentWinUI3,qml,LIKELY_REQUIRED,PySide6 wheel tree SHA-256 match,,UNKNOWN
Release/External_Test/2026-07-30_audio-validation-fix/Qonic_Audio_v5.0_internal_test/_internal/PySide6/qml/QtQuick/Controls/FluentWinUI3/dark/images/radiobutton-indicator-pressed.png,16BF75EDC456D6D8CC89528A07465C460345F217E0563E2BA68D96E171EF9C8F,421,qml:QtQuick.Controls.FluentWinUI3,qml,LIKELY_REQUIRED,PySide6 wheel tree SHA-256 match,,UNKNOWN
Release/External_Test/2026-07-30_audio-validation-fix/Qonic_Audio_v5.0_internal_test/_internal/PySide6/qml/QtQuick/Controls/FluentWinUI3/dark/images/radiobutton-indicator-pressed@2x.png,DF820519963B9B2D1E5BC4939D5D34B2F028BB4EFE42B01B7281A68CC47A2E04,669,qml:QtQuick.Controls.FluentWinUI3,qml,LIKELY_REQUIRED,PySide6 wheel tree SHA-256 match,,UNKNOWN
Release/External_Test/2026-07-30_audio-validation-fix/Qonic_Audio_v5.0_internal_test/_internal/PySide6/qml/QtQuick/Controls/FluentWinUI3/dark/images/radiobutton-indicator-pressed@3x.png,F38AED10A376E2BE122C512B0F32ADA557CEF0420537A6E15621EDE1EE53F39A,854,qml:QtQuick.Controls.FluentWinUI3,qml,LIKELY_REQUIRED,PySide6 wheel tree SHA-256 match,,UNKNOWN
Release/External_Test/2026-07-30_audio-validation-fix/Qonic_Audio_v5.0_internal_test/_internal/PySide6/qml/QtQuick/Controls/FluentWinUI3/dark/images/radiobutton-indicator.png,84B20D8E4469BAB52AFCFB291269F10068D84FF363F7E3C31B02C51EDDF62D07,468,qml:QtQuick.Controls.FluentWinUI3,qml,LIKELY_REQUIRED,PySide6 wheel tree SHA-256 match,,UNKNOWN
Release/External_Test/2026-07-30_audio-validation-fix/Qonic_Audio_v5.0_internal_test/_internal/PySide6/qml/QtQuick/Controls/FluentWinUI3/dark/images/radiobutton-indicator@2x.png,D74DED155BFE5FFC26D436CA51BDB93C9886C93F029AC4433CF63AA146545E83,713,qml:QtQuick.Controls.FluentWinUI3,qml,LIKELY_REQUIRED,PySide6 wheel tree SHA-256 match,,UNKNOWN
Release/External_Test/2026-07-30_audio-validation-fix/Qonic_Audio_v5.0_internal_test/_internal/PySide6/qml/QtQuick/Controls/FluentWinUI3/dark/images/radiobutton-indicator@3x.png,E274631351C4E4B095E5AC33CB221727888A69699878B76E3E97C48E84493925,924,qml:QtQuick.Controls.FluentWinUI3,qml,LIKELY_REQUIRED,PySide6 wheel tree SHA-256 match,,UNKNOWN
Release/External_Test/2026-07-30_audio-validation-fix/Qonic_Audio_v5.0_internal_test/_internal/PySide6/qml/QtQuick/Controls/FluentWinUI3/dark/images/rangeslider-first-handle-disabled.png,E04FBCC696A2EA2A326A1B7BC57F25A0E1B33091E588889DA5A9D7015C595022,442,qml:QtQuick.Controls.FluentWinUI3,qml,LIKELY_REQUIRED,PySide6 wheel tree SHA-256 match,,UNKNOWN
Release/External_Test/2026-07-30_audio-validation-fix/Qonic_Audio_v5.0_internal_test/_internal/PySide6/qml/QtQuick/Controls/FluentWinUI3/dark/images/rangeslider-first-handle-disabled@2x.png,CAF54E636473E19DB45D86B01FB79142BF28E916030EC3B60272A14643313460,698,qml:QtQuick.Controls.FluentWinUI3,qml,LIKELY_REQUIRED,PySide6 wheel tree SHA-256 match,,UNKNOWN
Release/External_Test/2026-07-30_audio-validation-fix/Qonic_Audio_v5.0_internal_test/_internal/PySide6/qml/QtQuick/Controls/FluentWinUI3/dark/images/rangeslider-first-handle-disabled@3x.png,60F757E557455AEF99AD54AE55C3E8D18347FDEF0BDC5AF176055E154E7B8F38,935,qml:QtQuick.Controls.FluentWinUI3,qml,LIKELY_REQUIRED,PySide6 wheel tree SHA-256 match,,UNKNOWN
Release/External_Test/2026-07-30_audio-validation-fix/Qonic_Audio_v5.0_internal_test/_internal/PySide6/qml/QtQuick/Controls/FluentWinUI3/dark/images/rangeslider-first-handle-handle-pressed.png,E04FBCC696A2EA2A326A1B7BC57F25A0E1B33091E588889DA5A9D7015C595022,442,qml:QtQuick.Controls.FluentWinUI3,qml,LIKELY_REQUIRED,PySide6 wheel tree SHA-256 match,,UNKNOWN
Release/External_Test/2026-07-30_audio-validation-fix/Qonic_Audio_v5.0_internal_test/_internal/PySide6/qml/QtQuick/Controls/FluentWinUI3/dark/images/rangeslider-first-handle-handle-pressed@2x.png,CAF54E636473E19DB45D86B01FB79142BF28E916030EC3B60272A14643313460,698,qml:QtQuick.Controls.FluentWinUI3,qml,LIKELY_REQUIRED,PySide6 wheel tree SHA-256 match,,UNKNOWN
Release/External_Test/2026-07-30_audio-validation-fix/Qonic_Audio_v5.0_internal_test/_internal/PySide6/qml/QtQuick/Controls/FluentWinUI3/dark/images/rangeslider-first-handle-handle-pressed@3x.png,60F757E557455AEF99AD54AE55C3E8D18347FDEF0BDC5AF176055E154E7B8F38,935,qml:QtQuick.Controls.FluentWinUI3,qml,LIKELY_REQUIRED,PySide6 wheel tree SHA-256 match,,UNKNOWN
Release/External_Test/2026-07-30_audio-validation-fix/Qonic_Audio_v5.0_internal_test/_internal/PySide6/qml/QtQuick/Controls/FluentWinUI3/dark/images/rangeslider-first-handle-hovered.png,4D5D16A9EF3DB072309D531E11057076BFA7B03F4F47F6BD8A7D89D1FE0BD39B,493,qml:QtQuick.Controls.FluentWinUI3,qml,LIKELY_REQUIRED,PySide6 wheel tree SHA-256 match,,UNKNOWN
Release/External_Test/2026-07-30_audio-validation-fix/Qonic_Audio_v5.0_internal_test/_internal/PySide6/qml/QtQuick/Controls/FluentWinUI3/dark/images/rangeslider-first-handle-hovered@2x.png,6001207502A85CE95A405C9100E575994DAB92E04FD28C1C66EEFC69C52DC3AD,875,qml:QtQuick.Controls.FluentWinUI3,qml,LIKELY_REQUIRED,PySide6 wheel tree SHA-256 match,,UNKNOWN
Release/External_Test/2026-07-30_audio-validation-fix/Qonic_Audio_v5.0_internal_test/_internal/PySide6/qml/QtQuick/Controls/FluentWinUI3/dark/images/rangeslider-first-handle-hovered@3x.png,F38227A12D179E016F9B2696D3DC8EC4C6C96C275CFCCBE839DD5BA0C51D9B26,1283,qml:QtQuick.Controls.FluentWinUI3,qml,LIKELY_REQUIRED,PySide6 wheel tree SHA-256 match,,UNKNOWN
Release/External_Test/2026-07-30_audio-validation-fix/Qonic_Audio_v5.0_internal_test/_internal/PySide6/qml/QtQuick/Controls/FluentWinUI3/dark/images/rangeslider-first-handle.png,4D5D16A9EF3DB072309D531E11057076BFA7B03F4F47F6BD8A7D89D1FE0BD39B,493,qml:QtQuick.Controls.FluentWinUI3,qml,LIKELY_REQUIRED,PySide6 wheel tree SHA-256 match,,UNKNOWN
Release/External_Test/2026-07-30_audio-validation-fix/Qonic_Audio_v5.0_internal_test/_internal/PySide6/qml/QtQuick/Controls/FluentWinUI3/dark/images/rangeslider-first-handle@2x.png,6001207502A85CE95A405C9100E575994DAB92E04FD28C1C66EEFC69C52DC3AD,875,qml:QtQuick.Controls.FluentWinUI3,qml,LIKELY_REQUIRED,PySide6 wheel tree SHA-256 match,,UNKNOWN
Release/External_Test/2026-07-30_audio-validation-fix/Qonic_Audio_v5.0_internal_test/_internal/PySide6/qml/QtQuick/Controls/FluentWinUI3/dark/images/rangeslider-first-handle@3x.png,F38227A12D179E016F9B2696D3DC8EC4C6C96C275CFCCBE839DD5BA0C51D9B26,1283,qml:QtQuick.Controls.FluentWinUI3,qml,LIKELY_REQUIRED,PySide6 wheel tree SHA-256 match,,UNKNOWN
Release/External_Test/2026-07-30_audio-validation-fix/Qonic_Audio_v5.0_internal_test/_internal/PySide6/qml/QtQuick/Controls/FluentWinUI3/dark/images/rangeslider-groove-disabled.png,4BCD78B285A999D92DE0952DD6471B27F87A6FCF738C1FF5D93C5AF0F73C7FD7,129,qml:QtQuick.Controls.FluentWinUI3,qml,LIKELY_REQUIRED,PySide6 wheel tree SHA-256 match,,UNKNOWN
Release/External_Test/2026-07-30_audio-validation-fix/Qonic_Audio_v5.0_internal_test/_internal/PySide6/qml/QtQuick/Controls/FluentWinUI3/dark/images/rangeslider-groove-disabled@2x.png,E47084AD2BB0ADEBC3CA68114441A21E9595CA0C4E4DE717B119DD9811F6A32D,164,qml:QtQuick.Controls.FluentWinUI3,qml,LIKELY_REQUIRED,PySide6 wheel tree SHA-256 match,,UNKNOWN
Release/External_Test/2026-07-30_audio-validation-fix/Qonic_Audio_v5.0_internal_test/_internal/PySide6/qml/QtQuick/Controls/FluentWinUI3/dark/images/rangeslider-groove-disabled@3x.png,F833E5414892B775F1D4DD49862F06D4404CDD78C96306C90C206D66B9F78AB7,216,qml:QtQuick.Controls.FluentWinUI3,qml,LIKELY_REQUIRED,PySide6 wheel tree SHA-256 match,,UNKNOWN
Release/External_Test/2026-07-30_audio-validation-fix/Qonic_Audio_v5.0_internal_test/_internal/PySide6/qml/QtQuick/Controls/FluentWinUI3/dark/images/rangeslider-groove-handle-pressed.png,8FB94BE57391E3B4247B3EA1FA38BE1A36ADB36B3AE4D056F84C441AFD801968,129,qml:QtQuick.Controls.FluentWinUI3,qml,LIKELY_REQUIRED,PySide6 wheel tree SHA-256 match,,UNKNOWN
Release/External_Test/2026-07-30_audio-validation-fix/Qonic_Audio_v5.0_internal_test/_internal/PySide6/qml/QtQuick/Controls/FluentWinUI3/dark/images/rangeslider-groove-handle-pressed@2x.png,B2E9B5268DB1594656D584A35CC7083FCC5FB41B6768DBD7448054D1904D780D,183,qml:QtQuick.Controls.FluentWinUI3,qml,LIKELY_REQUIRED,PySide6 wheel tree SHA-256 match,,UNKNOWN
Release/External_Test/2026-07-30_audio-validation-fix/Qonic_Audio_v5.0_internal_test/_internal/PySide6/qml/QtQuick/Controls/FluentWinUI3/dark/images/rangeslider-groove-handle-pressed@3x.png,EF0D766BDCFFD4BA13BBE77DD451CE94E79D38C6B11E6DB761AAA352CEAE7D36,231,qml:QtQuick.Controls.FluentWinUI3,qml,LIKELY_REQUIRED,PySide6 wheel tree SHA-256 match,,UNKNOWN
Release/External_Test/2026-07-30_audio-validation-fix/Qonic_Audio_v5.0_internal_test/_internal/PySide6/qml/QtQuick/Controls/FluentWinUI3/dark/images/rangeslider-groove-hovered.png,8FB94BE57391E3B4247B3EA1FA38BE1A36ADB36B3AE4D056F84C441AFD801968,129,qml:QtQuick.Controls.FluentWinUI3,qml,LIKELY_REQUIRED,PySide6 wheel tree SHA-256 match,,UNKNOWN
Release/External_Test/2026-07-30_audio-validation-fix/Qonic_Audio_v5.0_internal_test/_internal/PySide6/qml/QtQuick/Controls/FluentWinUI3/dark/images/rangeslider-groove-hovered@2x.png,B2E9B5268DB1594656D584A35CC7083FCC5FB41B6768DBD7448054D1904D780D,183,qml:QtQuick.Controls.FluentWinUI3,qml,LIKELY_REQUIRED,PySide6 wheel tree SHA-256 match,,UNKNOWN
Release/External_Test/2026-07-30_audio-validation-fix/Qonic_Audio_v5.0_internal_test/_internal/PySide6/qml/QtQuick/Controls/FluentWinUI3/dark/images/rangeslider-groove-hovered@3x.png,EF0D766BDCFFD4BA13BBE77DD451CE94E79D38C6B11E6DB761AAA352CEAE7D36,231,qml:QtQuick.Controls.FluentWinUI3,qml,LIKELY_REQUIRED,PySide6 wheel tree SHA-256 match,,UNKNOWN
Release/External_Test/2026-07-30_audio-validation-fix/Qonic_Audio_v5.0_internal_test/_internal/PySide6/qml/QtQuick/Controls/FluentWinUI3/dark/images/rangeslider-groove.png,8FB94BE57391E3B4247B3EA1FA38BE1A36ADB36B3AE4D056F84C441AFD801968,129,qml:QtQuick.Controls.FluentWinUI3,qml,LIKELY_REQUIRED,PySide6 wheel tree SHA-256 match,,UNKNOWN
Release/External_Test/2026-07-30_audio-validation-fix/Qonic_Audio_v5.0_internal_test/_internal/PySide6/qml/QtQuick/Controls/FluentWinUI3/dark/images/rangeslider-groove@2x.png,B2E9B5268DB1594656D584A35CC7083FCC5FB41B6768DBD7448054D1904D780D,183,qml:QtQuick.Controls.FluentWinUI3,qml,LIKELY_REQUIRED,PySide6 wheel tree SHA-256 match,,UNKNOWN
Release/External_Test/2026-07-30_audio-validation-fix/Qonic_Audio_v5.0_internal_test/_internal/PySide6/qml/QtQuick/Controls/FluentWinUI3/dark/images/rangeslider-groove@3x.png,EF0D766BDCFFD4BA13BBE77DD451CE94E79D38C6B11E6DB761AAA352CEAE7D36,231,qml:QtQuick.Controls.FluentWinUI3,qml,LIKELY_REQUIRED,PySide6 wheel tree SHA-256 match,,UNKNOWN
Release/External_Test/2026-07-30_audio-validation-fix/Qonic_Audio_v5.0_internal_test/_internal/PySide6/qml/QtQuick/Controls/FluentWinUI3/dark/images/rangeslider-second-handle-disabled.png,E04FBCC696A2EA2A326A1B7BC57F25A0E1B33091E588889DA5A9D7015C595022,442,qml:QtQuick.Controls.FluentWinUI3,qml,LIKELY_REQUIRED,PySide6 wheel tree SHA-256 match,,UNKNOWN
Release/External_Test/2026-07-30_audio-validation-fix/Qonic_Audio_v5.0_internal_test/_internal/PySide6/qml/QtQuick/Controls/FluentWinUI3/dark/images/rangeslider-second-handle-disabled@2x.png,CAF54E636473E19DB45D86B01FB79142BF28E916030EC3B60272A14643313460,698,qml:QtQuick.Controls.FluentWinUI3,qml,LIKELY_REQUIRED,PySide6 wheel tree SHA-256 match,,UNKNOWN
Release/External_Test/2026-07-30_audio-validation-fix/Qonic_Audio_v5.0_internal_test/_internal/PySide6/qml/QtQuick/Controls/FluentWinUI3/dark/images/rangeslider-second-handle-disabled@3x.png,60F757E557455AEF99AD54AE55C3E8D18347FDEF0BDC5AF176055E154E7B8F38,935,qml:QtQuick.Controls.FluentWinUI3,qml,LIKELY_REQUIRED,PySide6 wheel tree SHA-256 match,,UNKNOWN
Release/External_Test/2026-07-30_audio-validation-fix/Qonic_Audio_v5.0_internal_test/_internal/PySide6/qml/QtQuick/Controls/FluentWinUI3/dark/images/rangeslider-second-handle-handle-pressed.png,E04FBCC696A2EA2A326A1B7BC57F25A0E1B33091E588889DA5A9D7015C595022,442,qml:QtQuick.Controls.FluentWinUI3,qml,LIKELY_REQUIRED,PySide6 wheel tree SHA-256 match,,UNKNOWN
Release/External_Test/2026-07-30_audio-validation-fix/Qonic_Audio_v5.0_internal_test/_internal/PySide6/qml/QtQuick/Controls/FluentWinUI3/dark/images/rangeslider-second-handle-handle-pressed@2x.png,CAF54E636473E19DB45D86B01FB79142BF28E916030EC3B60272A14643313460,698,qml:QtQuick.Controls.FluentWinUI3,qml,LIKELY_REQUIRED,PySide6 wheel tree SHA-256 match,,UNKNOWN
Release/External_Test/2026-07-30_audio-validation-fix/Qonic_Audio_v5.0_internal_test/_internal/PySide6/qml/QtQuick/Controls/FluentWinUI3/dark/images/rangeslider-second-handle-handle-pressed@3x.png,60F757E557455AEF99AD54AE55C3E8D18347FDEF0BDC5AF176055E154E7B8F38,935,qml:QtQuick.Controls.FluentWinUI3,qml,LIKELY_REQUIRED,PySide6 wheel tree SHA-256 match,,UNKNOWN
Release/External_Test/2026-07-30_audio-validation-fix/Qonic_Audio_v5.0_internal_test/_internal/PySide6/qml/QtQuick/Controls/FluentWinUI3/dark/images/rangeslider-second-handle-hovered.png,4D5D16A9EF3DB072309D531E11057076BFA7B03F4F47F6BD8A7D89D1FE0BD39B,493,qml:QtQuick.Controls.FluentWinUI3,qml,LIKELY_REQUIRED,PySide6 wheel tree SHA-256 match,,UNKNOWN
Release/External_Test/2026-07-30_audio-validation-fix/Qonic_Audio_v5.0_internal_test/_internal/PySide6/qml/QtQuick/Controls/FluentWinUI3/dark/images/rangeslider-second-handle-hovered@2x.png,6001207502A85CE95A405C9100E575994DAB92E04FD28C1C66EEFC69C52DC3AD,875,qml:QtQuick.Controls.FluentWinUI3,qml,LIKELY_REQUIRED,PySide6 wheel tree SHA-256 match,,UNKNOWN
Release/External_Test/2026-07-30_audio-validation-fix/Qonic_Audio_v5.0_internal_test/_internal/PySide6/qml/QtQuick/Controls/FluentWinUI3/dark/images/rangeslider-second-handle-hovered@3x.png,F38227A12D179E016F9B2696D3DC8EC4C6C96C275CFCCBE839DD5BA0C51D9B26,1283,qml:QtQuick.Controls.FluentWinUI3,qml,LIKELY_REQUIRED,PySide6 wheel tree SHA-256 match,,UNKNOWN
Release/External_Test/2026-07-30_audio-validation-fix/Qonic_Audio_v5.0_internal_test/_internal/PySide6/qml/QtQuick/Controls/FluentWinUI3/dark/images/rangeslider-second-handle.png,4D5D16A9EF3DB072309D531E11057076BFA7B03F4F47F6BD8A7D89D1FE0BD39B,493,qml:QtQuick.Controls.FluentWinUI3,qml,LIKELY_REQUIRED,PySide6 wheel tree SHA-256 match,,UNKNOWN
Release/External_Test/2026-07-30_audio-validation-fix/Qonic_Audio_v5.0_internal_test/_internal/PySide6/qml/QtQuick/Controls/FluentWinUI3/dark/images/rangeslider-second-handle@2x.png,6001207502A85CE95A405C9100E575994DAB92E04FD28C1C66EEFC69C52DC3AD,875,qml:QtQuick.Controls.FluentWinUI3,qml,LIKELY_REQUIRED,PySide6 wheel tree SHA-256 match,,UNKNOWN
Release/External_Test/2026-07-30_audio-validation-fix/Qonic_Audio_v5.0_internal_test/_internal/PySide6/qml/QtQuick/Controls/FluentWinUI3/dark/images/rangeslider-second-handle@3x.png,F38227A12D179E016F9B2696D3DC8EC4C6C96C275CFCCBE839DD5BA0C51D9B26,1283,qml:QtQuick.Controls.FluentWinUI3,qml,LIKELY_REQUIRED,PySide6 wheel tree SHA-256 match,,UNKNOWN
Release/External_Test/2026-07-30_audio-validation-fix/Qonic_Audio_v5.0_internal_test/_internal/PySide6/qml/QtQuick/Controls/FluentWinUI3/dark/images/slider-groove-disabled.png,E34A911648D953819E108F79F430A8FC8A0439A3F6C6A3286AC0B8A68A0F06F0,131,qml:QtQuick.Controls.FluentWinUI3,qml,LIKELY_REQUIRED,PySide6 wheel tree SHA-256 match,,UNKNOWN
Release/External_Test/2026-07-30_audio-validation-fix/Qonic_Audio_v5.0_internal_test/_internal/PySide6/qml/QtQuick/Controls/FluentWinUI3/dark/images/slider-groove-disabled@2x.png,8AEA9E49806B2CC61B975F582D8F00FFD57F0B5C18A08658F4F87EF728A52620,172,qml:QtQuick.Controls.FluentWinUI3,qml,LIKELY_REQUIRED,PySide6 wheel tree SHA-256 match,,UNKNOWN
Release/External_Test/2026-07-30_audio-validation-fix/Qonic_Audio_v5.0_internal_test/_internal/PySide6/qml/QtQuick/Controls/FluentWinUI3/dark/images/slider-groove-disabled@3x.png,A0903EFE27E3D2122F12C226DAAD6A3EB251D9CCCB2687508692E7FAF63AA9F2,217,qml:QtQuick.Controls.FluentWinUI3,qml,LIKELY_REQUIRED,PySide6 wheel tree SHA-256 match,,UNKNOWN
Release/External_Test/2026-07-30_audio-validation-fix/Qonic_Audio_v5.0_internal_test/_internal/PySide6/qml/QtQuick/Controls/FluentWinUI3/dark/images/slider-groove-hovered.png,DC8861AAEF091C7030BB95734BE7CA69B41F64440368E823EE02DF899CFB452D,130,qml:QtQuick.Controls.FluentWinUI3,qml,LIKELY_REQUIRED,PySide6 wheel tree SHA-256 match,,UNKNOWN
Release/External_Test/2026-07-30_audio-validation-fix/Qonic_Audio_v5.0_internal_test/_internal/PySide6/qml/QtQuick/Controls/FluentWinUI3/dark/images/slider-groove-hovered@2x.png,30544B5F1ECBC6FF7DCA896B1493EE57864D121CCE3CF63E274CA0A1AE075C53,185,qml:QtQuick.Controls.FluentWinUI3,qml,LIKELY_REQUIRED,PySide6 wheel tree SHA-256 match,,UNKNOWN
Release/External_Test/2026-07-30_audio-validation-fix/Qonic_Audio_v5.0_internal_test/_internal/PySide6/qml/QtQuick/Controls/FluentWinUI3/dark/images/slider-groove-hovered@3x.png,5485C7BD8BE92E5A94E08BB94090FD6128E063114AF8679482154398EA4B8C8C,232,qml:QtQuick.Controls.FluentWinUI3,qml,LIKELY_REQUIRED,PySide6 wheel tree SHA-256 match,,UNKNOWN
Release/External_Test/2026-07-30_audio-validation-fix/Qonic_Audio_v5.0_internal_test/_internal/PySide6/qml/QtQuick/Controls/FluentWinUI3/dark/images/slider-groove-pressed.png,DC8861AAEF091C7030BB95734BE7CA69B41F64440368E823EE02DF899CFB452D,130,qml:QtQuick.Controls.FluentWinUI3,qml,LIKELY_REQUIRED,PySide6 wheel tree SHA-256 match,,UNKNOWN
Release/External_Test/2026-07-30_audio-validation-fix/Qonic_Audio_v5.0_internal_test/_internal/PySide6/qml/QtQuick/Controls/FluentWinUI3/dark/images/slider-groove-pressed@2x.png,30544B5F1ECBC6FF7DCA896B1493EE57864D121CCE3CF63E274CA0A1AE075C53,185,qml:QtQuick.Controls.FluentWinUI3,qml,LIKELY_REQUIRED,PySide6 wheel tree SHA-256 match,,UNKNOWN
Release/External_Test/2026-07-30_audio-validation-fix/Qonic_Audio_v5.0_internal_test/_internal/PySide6/qml/QtQuick/Controls/FluentWinUI3/dark/images/slider-groove-pressed@3x.png,5485C7BD8BE92E5A94E08BB94090FD6128E063114AF8679482154398EA4B8C8C,232,qml:QtQuick.Controls.FluentWinUI3,qml,LIKELY_REQUIRED,PySide6 wheel tree SHA-256 match,,UNKNOWN
Release/External_Test/2026-07-30_audio-validation-fix/Qonic_Audio_v5.0_internal_test/_internal/PySide6/qml/QtQuick/Controls/FluentWinUI3/dark/images/slider-groove.png,DC8861AAEF091C7030BB95734BE7CA69B41F64440368E823EE02DF899CFB452D,130,qml:QtQuick.Controls.FluentWinUI3,qml,LIKELY_REQUIRED,PySide6 wheel tree SHA-256 match,,UNKNOWN
Release/External_Test/2026-07-30_audio-validation-fix/Qonic_Audio_v5.0_internal_test/_internal/PySide6/qml/QtQuick/Controls/FluentWinUI3/dark/images/slider-groove@2x.png,30544B5F1ECBC6FF7DCA896B1493EE57864D121CCE3CF63E274CA0A1AE075C53,185,qml:QtQuick.Controls.FluentWinUI3,qml,LIKELY_REQUIRED,PySide6 wheel tree SHA-256 match,,UNKNOWN
Release/External_Test/2026-07-30_audio-validation-fix/Qonic_Audio_v5.0_internal_test/_internal/PySide6/qml/QtQuick/Controls/FluentWinUI3/dark/images/slider-groove@3x.png,5485C7BD8BE92E5A94E08BB94090FD6128E063114AF8679482154398EA4B8C8C,232,qml:QtQuick.Controls.FluentWinUI3,qml,LIKELY_REQUIRED,PySide6 wheel tree SHA-256 match,,UNKNOWN
Release/External_Test/2026-07-30_audio-validation-fix/Qonic_Audio_v5.0_internal_test/_internal/PySide6/qml/QtQuick/Controls/FluentWinUI3/dark/images/slider-handle-disabled.png,E04FBCC696A2EA2A326A1B7BC57F25A0E1B33091E588889DA5A9D7015C595022,442,qml:QtQuick.Controls.FluentWinUI3,qml,LIKELY_REQUIRED,PySide6 wheel tree SHA-256 match,,UNKNOWN
Release/External_Test/2026-07-30_audio-validation-fix/Qonic_Audio_v5.0_internal_test/_internal/PySide6/qml/QtQuick/Controls/FluentWinUI3/dark/images/slider-handle-disabled@2x.png,CAF54E636473E19DB45D86B01FB79142BF28E916030EC3B60272A14643313460,698,qml:QtQuick.Controls.FluentWinUI3,qml,LIKELY_REQUIRED,PySide6 wheel tree SHA-256 match,,UNKNOWN
Release/External_Test/2026-07-30_audio-validation-fix/Qonic_Audio_v5.0_internal_test/_internal/PySide6/qml/QtQuick/Controls/FluentWinUI3/dark/images/slider-handle-disabled@3x.png,60F757E557455AEF99AD54AE55C3E8D18347FDEF0BDC5AF176055E154E7B8F38,935,qml:QtQuick.Controls.FluentWinUI3,qml,LIKELY_REQUIRED,PySide6 wheel tree SHA-256 match,,UNKNOWN
Release/External_Test/2026-07-30_audio-validation-fix/Qonic_Audio_v5.0_internal_test/_internal/PySide6/qml/QtQuick/Controls/FluentWinUI3/dark/images/slider-handle-hovered.png,4D5D16A9EF3DB072309D531E11057076BFA7B03F4F47F6BD8A7D89D1FE0BD39B,493,qml:QtQuick.Controls.FluentWinUI3,qml,LIKELY_REQUIRED,PySide6 wheel tree SHA-256 match,,UNKNOWN
Release/External_Test/2026-07-30_audio-validation-fix/Qonic_Audio_v5.0_internal_test/_internal/PySide6/qml/QtQuick/Controls/FluentWinUI3/dark/images/slider-handle-hovered@2x.png,6001207502A85CE95A405C9100E575994DAB92E04FD28C1C66EEFC69C52DC3AD,875,qml:QtQuick.Controls.FluentWinUI3,qml,LIKELY_REQUIRED,PySide6 wheel tree SHA-256 match,,UNKNOWN
Release/External_Test/2026-07-30_audio-validation-fix/Qonic_Audio_v5.0_internal_test/_internal/PySide6/qml/QtQuick/Controls/FluentWinUI3/dark/images/slider-handle-hovered@3x.png,F38227A12D179E016F9B2696D3DC8EC4C6C96C275CFCCBE839DD5BA0C51D9B26,1283,qml:QtQuick.Controls.FluentWinUI3,qml,LIKELY_REQUIRED,PySide6 wheel tree SHA-256 match,,UNKNOWN
Release/External_Test/2026-07-30_audio-validation-fix/Qonic_Audio_v5.0_internal_test/_internal/PySide6/qml/QtQuick/Controls/FluentWinUI3/dark/images/slider-handle-pressed.png,E04FBCC696A2EA2A326A1B7BC57F25A0E1B33091E588889DA5A9D7015C595022,442,qml:QtQuick.Controls.FluentWinUI3,qml,LIKELY_REQUIRED,PySide6 wheel tree SHA-256 match,,UNKNOWN
Release/External_Test/2026-07-30_audio-validation-fix/Qonic_Audio_v5.0_internal_test/_internal/PySide6/qml/QtQuick/Controls/FluentWinUI3/dark/images/slider-handle-pressed@2x.png,CAF54E636473E19DB45D86B01FB79142BF28E916030EC3B60272A14643313460,698,qml:QtQuick.Controls.FluentWinUI3,qml,LIKELY_REQUIRED,PySide6 wheel tree SHA-256 match,,UNKNOWN
Release/External_Test/2026-07-30_audio-validation-fix/Qonic_Audio_v5.0_internal_test/_internal/PySide6/qml/QtQuick/Controls/FluentWinUI3/dark/images/slider-handle-pressed@3x.png,60F757E557455AEF99AD54AE55C3E8D18347FDEF0BDC5AF176055E154E7B8F38,935,qml:QtQuick.Controls.FluentWinUI3,qml,LIKELY_REQUIRED,PySide6 wheel tree SHA-256 match,,UNKNOWN
Release/External_Test/2026-07-30_audio-validation-fix/Qonic_Audio_v5.0_internal_test/_internal/PySide6/qml/QtQuick/Controls/FluentWinUI3/dark/images/slider-handle.png,4D5D16A9EF3DB072309D531E11057076BFA7B03F4F47F6BD8A7D89D1FE0BD39B,493,qml:QtQuick.Controls.FluentWinUI3,qml,LIKELY_REQUIRED,PySide6 wheel tree SHA-256 match,,UNKNOWN
Release/External_Test/2026-07-30_audio-validation-fix/Qonic_Audio_v5.0_internal_test/_internal/PySide6/qml/QtQuick/Controls/FluentWinUI3/dark/images/slider-handle@2x.png,6001207502A85CE95A405C9100E575994DAB92E04FD28C1C66EEFC69C52DC3AD,875,qml:QtQuick.Controls.FluentWinUI3,qml,LIKELY_REQUIRED,PySide6 wheel tree SHA-256 match,,UNKNOWN
Release/External_Test/2026-07-30_audio-validation-fix/Qonic_Audio_v5.0_internal_test/_internal/PySide6/qml/QtQuick/Controls/FluentWinUI3/dark/images/slider-handle@3x.png,F38227A12D179E016F9B2696D3DC8EC4C6C96C275CFCCBE839DD5BA0C51D9B26,1283,qml:QtQuick.Controls.FluentWinUI3,qml,LIKELY_REQUIRED,PySide6 wheel tree SHA-256 match,,UNKNOWN
Release/External_Test/2026-07-30_audio-validation-fix/Qonic_Audio_v5.0_internal_test/_internal/PySide6/qml/QtQuick/Controls/FluentWinUI3/dark/images/spinbox-background-atlimit.png,237FF3516492B63B2ED41562EA6E3B983F277A2375F12D427A0A7769CEC15043,317,qml:QtQuick.Controls.FluentWinUI3,qml,LIKELY_REQUIRED,PySide6 wheel tree SHA-256 match,,UNKNOWN
Release/External_Test/2026-07-30_audio-validation-fix/Qonic_Audio_v5.0_internal_test/_internal/PySide6/qml/QtQuick/Controls/FluentWinUI3/dark/images/spinbox-background-atlimit@2x.png,349CB567BDED99187024758D0CB9CDA60B55227A4D7FE1763F7F41753F692D7C,683,qml:QtQuick.Controls.FluentWinUI3,qml,LIKELY_REQUIRED,PySide6 wheel tree SHA-256 match,,UNKNOWN
Release/External_Test/2026-07-30_audio-validation-fix/Qonic_Audio_v5.0_internal_test/_internal/PySide6/qml/QtQuick/Controls/FluentWinUI3/dark/images/spinbox-background-atlimit@3x.png,4C9186092EABC6788E704B074423E009CD3B80A8D5DE0BB1ADA6F7599F91BB9C,1138,qml:QtQuick.Controls.FluentWinUI3,qml,LIKELY_REQUIRED,PySide6 wheel tree SHA-256 match,,UNKNOWN
Release/External_Test/2026-07-30_audio-validation-fix/Qonic_Audio_v5.0_internal_test/_internal/PySide6/qml/QtQuick/Controls/FluentWinUI3/dark/images/spinbox-background-disabled.png,2CB7F1651E32FBF5C8E1827893CB981EBE61C4BFD497C68E935C1B755C5F32D8,196,qml:QtQuick.Controls.FluentWinUI3,qml,LIKELY_REQUIRED,PySide6 wheel tree SHA-256 match,,UNKNOWN
Release/External_Test/2026-07-30_audio-validation-fix/Qonic_Audio_v5.0_internal_test/_internal/PySide6/qml/QtQuick/Controls/FluentWinUI3/dark/images/spinbox-background-disabled@2x.png,D5C6469D28DB4FE206B5D131DC6B5B4147590D2E635C7892DD50923EA7EEB74B,312,qml:QtQuick.Controls.FluentWinUI3,qml,LIKELY_REQUIRED,PySide6 wheel tree SHA-256 match,,UNKNOWN
Release/External_Test/2026-07-30_audio-validation-fix/Qonic_Audio_v5.0_internal_test/_internal/PySide6/qml/QtQuick/Controls/FluentWinUI3/dark/images/spinbox-background-disabled@3x.png,F6447AC887642300C83ADBDC156F4B5540A4B309AE44ABFB7F62A99F6ADDB2F2,470,qml:QtQuick.Controls.FluentWinUI3,qml,LIKELY_REQUIRED,PySide6 wheel tree SHA-256 match,,UNKNOWN
Release/External_Test/2026-07-30_audio-validation-fix/Qonic_Audio_v5.0_internal_test/_internal/PySide6/qml/QtQuick/Controls/FluentWinUI3/dark/images/spinbox-background-down-hovered.png,237FF3516492B63B2ED41562EA6E3B983F277A2375F12D427A0A7769CEC15043,317,qml:QtQuick.Controls.FluentWinUI3,qml,LIKELY_REQUIRED,PySide6 wheel tree SHA-256 match,,UNKNOWN
Release/External_Test/2026-07-30_audio-validation-fix/Qonic_Audio_v5.0_internal_test/_internal/PySide6/qml/QtQuick/Controls/FluentWinUI3/dark/images/spinbox-background-down-hovered@2x.png,349CB567BDED99187024758D0CB9CDA60B55227A4D7FE1763F7F41753F692D7C,683,qml:QtQuick.Controls.FluentWinUI3,qml,LIKELY_REQUIRED,PySide6 wheel tree SHA-256 match,,UNKNOWN
Release/External_Test/2026-07-30_audio-validation-fix/Qonic_Audio_v5.0_internal_test/_internal/PySide6/qml/QtQuick/Controls/FluentWinUI3/dark/images/spinbox-background-down-hovered@3x.png,4C9186092EABC6788E704B074423E009CD3B80A8D5DE0BB1ADA6F7599F91BB9C,1138,qml:QtQuick.Controls.FluentWinUI3,qml,LIKELY_REQUIRED,PySide6 wheel tree SHA-256 match,,UNKNOWN
Release/External_Test/2026-07-30_audio-validation-fix/Qonic_Audio_v5.0_internal_test/_internal/PySide6/qml/QtQuick/Controls/FluentWinUI3/dark/images/spinbox-background-down-pressed.png,237FF3516492B63B2ED41562EA6E3B983F277A2375F12D427A0A7769CEC15043,317,qml:QtQuick.Controls.FluentWinUI3,qml,LIKELY_REQUIRED,PySide6 wheel tree SHA-256 match,,UNKNOWN
Release/External_Test/2026-07-30_audio-validation-fix/Qonic_Audio_v5.0_internal_test/_internal/PySide6/qml/QtQuick/Controls/FluentWinUI3/dark/images/spinbox-background-down-pressed@2x.png,349CB567BDED99187024758D0CB9CDA60B55227A4D7FE1763F7F41753F692D7C,683,qml:QtQuick.Controls.FluentWinUI3,qml,LIKELY_REQUIRED,PySide6 wheel tree SHA-256 match,,UNKNOWN
Release/External_Test/2026-07-30_audio-validation-fix/Qonic_Audio_v5.0_internal_test/_internal/PySide6/qml/QtQuick/Controls/FluentWinUI3/dark/images/spinbox-background-down-pressed@3x.png,4C9186092EABC6788E704B074423E009CD3B80A8D5DE0BB1ADA6F7599F91BB9C,1138,qml:QtQuick.Controls.FluentWinUI3,qml,LIKELY_REQUIRED,PySide6 wheel tree SHA-256 match,,UNKNOWN
Release/External_Test/2026-07-30_audio-validation-fix/Qonic_Audio_v5.0_internal_test/_internal/PySide6/qml/QtQuick/Controls/FluentWinUI3/dark/images/spinbox-background-hovered.png,C764853B9A6DEA00EC37C87FE530151E20F9753B186A19B9371AB0C186FF427B,314,qml:QtQuick.Controls.FluentWinUI3,qml,LIKELY_REQUIRED,PySide6 wheel tree SHA-256 match,,UNKNOWN
Release/External_Test/2026-07-30_audio-validation-fix/Qonic_Audio_v5.0_internal_test/_internal/PySide6/qml/QtQuick/Controls/FluentWinUI3/dark/images/spinbox-background-hovered@2x.png,E00F885206EB8F5B8F0FFEDF6E0A42A59A5A77E4ABB8A70F1F11EAF384C0BF75,670,qml:QtQuick.Controls.FluentWinUI3,qml,LIKELY_REQUIRED,PySide6 wheel tree SHA-256 match,,UNKNOWN
Release/External_Test/2026-07-30_audio-validation-fix/Qonic_Audio_v5.0_internal_test/_internal/PySide6/qml/QtQuick/Controls/FluentWinUI3/dark/images/spinbox-background-hovered@3x.png,EFDD18BDA72B30155BADC73A28C00FDD8C6B0E92D8F5D85396D676B8F7711235,1120,qml:QtQuick.Controls.FluentWinUI3,qml,LIKELY_REQUIRED,PySide6 wheel tree SHA-256 match,,UNKNOWN
Release/External_Test/2026-07-30_audio-validation-fix/Qonic_Audio_v5.0_internal_test/_internal/PySide6/qml/QtQuick/Controls/FluentWinUI3/dark/images/spinbox-background-up-hovered.png,237FF3516492B63B2ED41562EA6E3B983F277A2375F12D427A0A7769CEC15043,317,qml:QtQuick.Controls.FluentWinUI3,qml,LIKELY_REQUIRED,PySide6 wheel tree SHA-256 match,,UNKNOWN
Release/External_Test/2026-07-30_audio-validation-fix/Qonic_Audio_v5.0_internal_test/_internal/PySide6/qml/QtQuick/Controls/FluentWinUI3/dark/images/spinbox-background-up-hovered@2x.png,349CB567BDED99187024758D0CB9CDA60B55227A4D7FE1763F7F41753F692D7C,683,qml:QtQuick.Controls.FluentWinUI3,qml,LIKELY_REQUIRED,PySide6 wheel tree SHA-256 match,,UNKNOWN
Release/External_Test/2026-07-30_audio-validation-fix/Qonic_Audio_v5.0_internal_test/_internal/PySide6/qml/QtQuick/Controls/FluentWinUI3/dark/images/spinbox-background-up-hovered@3x.png,4C9186092EABC6788E704B074423E009CD3B80A8D5DE0BB1ADA6F7599F91BB9C,1138,qml:QtQuick.Controls.FluentWinUI3,qml,LIKELY_REQUIRED,PySide6 wheel tree SHA-256 match,,UNKNOWN
Release/External_Test/2026-07-30_audio-validation-fix/Qonic_Audio_v5.0_internal_test/_internal/PySide6/qml/QtQuick/Controls/FluentWinUI3/dark/images/spinbox-background-up-pressed.png,237FF3516492B63B2ED41562EA6E3B983F277A2375F12D427A0A7769CEC15043,317,qml:QtQuick.Controls.FluentWinUI3,qml,LIKELY_REQUIRED,PySide6 wheel tree SHA-256 match,,UNKNOWN
Release/External_Test/2026-07-30_audio-validation-fix/Qonic_Audio_v5.0_internal_test/_internal/PySide6/qml/QtQuick/Controls/FluentWinUI3/dark/images/spinbox-background-up-pressed@2x.png,349CB567BDED99187024758D0CB9CDA60B55227A4D7FE1763F7F41753F692D7C,683,qml:QtQuick.Controls.FluentWinUI3,qml,LIKELY_REQUIRED,PySide6 wheel tree SHA-256 match,,UNKNOWN
Release/External_Test/2026-07-30_audio-validation-fix/Qonic_Audio_v5.0_internal_test/_internal/PySide6/qml/QtQuick/Controls/FluentWinUI3/dark/images/spinbox-background-up-pressed@3x.png,4C9186092EABC6788E704B074423E009CD3B80A8D5DE0BB1ADA6F7599F91BB9C,1138,qml:QtQuick.Controls.FluentWinUI3,qml,LIKELY_REQUIRED,PySide6 wheel tree SHA-256 match,,UNKNOWN
Release/External_Test/2026-07-30_audio-validation-fix/Qonic_Audio_v5.0_internal_test/_internal/PySide6/qml/QtQuick/Controls/FluentWinUI3/dark/images/spinbox-background.png,237FF3516492B63B2ED41562EA6E3B983F277A2375F12D427A0A7769CEC15043,317,qml:QtQuick.Controls.FluentWinUI3,qml,LIKELY_REQUIRED,PySide6 wheel tree SHA-256 match,,UNKNOWN
Release/External_Test/2026-07-30_audio-validation-fix/Qonic_Audio_v5.0_internal_test/_internal/PySide6/qml/QtQuick/Controls/FluentWinUI3/dark/images/spinbox-background@2x.png,349CB567BDED99187024758D0CB9CDA60B55227A4D7FE1763F7F41753F692D7C,683,qml:QtQuick.Controls.FluentWinUI3,qml,LIKELY_REQUIRED,PySide6 wheel tree SHA-256 match,,UNKNOWN
Release/External_Test/2026-07-30_audio-validation-fix/Qonic_Audio_v5.0_internal_test/_internal/PySide6/qml/QtQuick/Controls/FluentWinUI3/dark/images/spinbox-background@3x.png,4C9186092EABC6788E704B074423E009CD3B80A8D5DE0BB1ADA6F7599F91BB9C,1138,qml:QtQuick.Controls.FluentWinUI3,qml,LIKELY_REQUIRED,PySide6 wheel tree SHA-256 match,,UNKNOWN
Release/External_Test/2026-07-30_audio-validation-fix/Qonic_Audio_v5.0_internal_test/_internal/PySide6/qml/QtQuick/Controls/FluentWinUI3/dark/images/spinbox-indicator-down-background-atlimit.png,8285ACC7FE450D3A72EED1432566F7AA90AF7EE33A154AA7402DC707018979B7,83,qml:QtQuick.Controls.FluentWinUI3,qml,LIKELY_REQUIRED,PySide6 wheel tree SHA-256 match,,UNKNOWN
Release/External_Test/2026-07-30_audio-validation-fix/Qonic_Audio_v5.0_internal_test/_internal/PySide6/qml/QtQuick/Controls/FluentWinUI3/dark/images/spinbox-indicator-down-background-atlimit@2x.png,4A812392A115A37694707507B84DC3C789FB3880C298CCE2A7D31F1D837F601F,92,qml:QtQuick.Controls.FluentWinUI3,qml,LIKELY_REQUIRED,PySide6 wheel tree SHA-256 match,,UNKNOWN
Release/External_Test/2026-07-30_audio-validation-fix/Qonic_Audio_v5.0_internal_test/_internal/PySide6/qml/QtQuick/Controls/FluentWinUI3/dark/images/spinbox-indicator-down-background-atlimit@3x.png,02530AD19A6A050F2813C5D801A9FE75C9B0FBF4508491C6ABB1BBDB72B28734,101,qml:QtQuick.Controls.FluentWinUI3,qml,LIKELY_REQUIRED,PySide6 wheel tree SHA-256 match,,UNKNOWN
Release/External_Test/2026-07-30_audio-validation-fix/Qonic_Audio_v5.0_internal_test/_internal/PySide6/qml/QtQuick/Controls/FluentWinUI3/dark/images/spinbox-indicator-down-background-disabled.png,8285ACC7FE450D3A72EED1432566F7AA90AF7EE33A154AA7402DC707018979B7,83,qml:QtQuick.Controls.FluentWinUI3,qml,LIKELY_REQUIRED,PySide6 wheel tree SHA-256 match,,UNKNOWN
Release/External_Test/2026-07-30_audio-validation-fix/Qonic_Audio_v5.0_internal_test/_internal/PySide6/qml/QtQuick/Controls/FluentWinUI3/dark/images/spinbox-indicator-down-background-disabled@2x.png,4A812392A115A37694707507B84DC3C789FB3880C298CCE2A7D31F1D837F601F,92,qml:QtQuick.Controls.FluentWinUI3,qml,LIKELY_REQUIRED,PySide6 wheel tree SHA-256 match,,UNKNOWN
Release/External_Test/2026-07-30_audio-validation-fix/Qonic_Audio_v5.0_internal_test/_internal/PySide6/qml/QtQuick/Controls/FluentWinUI3/dark/images/spinbox-indicator-down-background-disabled@3x.png,02530AD19A6A050F2813C5D801A9FE75C9B0FBF4508491C6ABB1BBDB72B28734,101,qml:QtQuick.Controls.FluentWinUI3,qml,LIKELY_REQUIRED,PySide6 wheel tree SHA-256 match,,UNKNOWN
Release/External_Test/2026-07-30_audio-validation-fix/Qonic_Audio_v5.0_internal_test/_internal/PySide6/qml/QtQuick/Controls/FluentWinUI3/dark/images/spinbox-indicator-down-background-down-hovered.png,7B24C72A494B81A4E61BE17014A8C5BFA2DFD457FBFF4CBEC0845793D3FCA0B4,166,qml:QtQuick.Controls.FluentWinUI3,qml,LIKELY_REQUIRED,PySide6 wheel tree SHA-256 match,,UNKNOWN
Release/External_Test/2026-07-30_audio-validation-fix/Qonic_Audio_v5.0_internal_test/_internal/PySide6/qml/QtQuick/Controls/FluentWinUI3/dark/images/spinbox-indicator-down-background-down-hovered@2x.png,96248A359822F167A7195DD2E4C93099701C65C93D470157D1EBAB9164B086F3,233,qml:QtQuick.Controls.FluentWinUI3,qml,LIKELY_REQUIRED,PySide6 wheel tree SHA-256 match,,UNKNOWN
Release/External_Test/2026-07-30_audio-validation-fix/Qonic_Audio_v5.0_internal_test/_internal/PySide6/qml/QtQuick/Controls/FluentWinUI3/dark/images/spinbox-indicator-down-background-down-hovered@3x.png,2A9CE212F759EFAEE2773D7F22E13DD91C5DA7DD0FDDBA2882B10E7D03BD4A5C,305,qml:QtQuick.Controls.FluentWinUI3,qml,LIKELY_REQUIRED,PySide6 wheel tree SHA-256 match,,UNKNOWN
Release/External_Test/2026-07-30_audio-validation-fix/Qonic_Audio_v5.0_internal_test/_internal/PySide6/qml/QtQuick/Controls/FluentWinUI3/dark/images/spinbox-indicator-down-background-down-pressed.png,7B24C72A494B81A4E61BE17014A8C5BFA2DFD457FBFF4CBEC0845793D3FCA0B4,166,qml:QtQuick.Controls.FluentWinUI3,qml,LIKELY_REQUIRED,PySide6 wheel tree SHA-256 match,,UNKNOWN
Release/External_Test/2026-07-30_audio-validation-fix/Qonic_Audio_v5.0_internal_test/_internal/PySide6/qml/QtQuick/Controls/FluentWinUI3/dark/images/spinbox-indicator-down-background-down-pressed@2x.png,96248A359822F167A7195DD2E4C93099701C65C93D470157D1EBAB9164B086F3,233,qml:QtQuick.Controls.FluentWinUI3,qml,LIKELY_REQUIRED,PySide6 wheel tree SHA-256 match,,UNKNOWN
Release/External_Test/2026-07-30_audio-validation-fix/Qonic_Audio_v5.0_internal_test/_internal/PySide6/qml/QtQuick/Controls/FluentWinUI3/dark/images/spinbox-indicator-down-background-down-pressed@3x.png,2A9CE212F759EFAEE2773D7F22E13DD91C5DA7DD0FDDBA2882B10E7D03BD4A5C,305,qml:QtQuick.Controls.FluentWinUI3,qml,LIKELY_REQUIRED,PySide6 wheel tree SHA-256 match,,UNKNOWN
Release/External_Test/2026-07-30_audio-validation-fix/Qonic_Audio_v5.0_internal_test/_internal/PySide6/qml/QtQuick/Controls/FluentWinUI3/dark/images/spinbox-indicator-down-background-hovered.png,8285ACC7FE450D3A72EED1432566F7AA90AF7EE33A154AA7402DC707018979B7,83,qml:QtQuick.Controls.FluentWinUI3,qml,LIKELY_REQUIRED,PySide6 wheel tree SHA-256 match,,UNKNOWN
Release/External_Test/2026-07-30_audio-validation-fix/Qonic_Audio_v5.0_internal_test/_internal/PySide6/qml/QtQuick/Controls/FluentWinUI3/dark/images/spinbox-indicator-down-background-hovered@2x.png,4A812392A115A37694707507B84DC3C789FB3880C298CCE2A7D31F1D837F601F,92,qml:QtQuick.Controls.FluentWinUI3,qml,LIKELY_REQUIRED,PySide6 wheel tree SHA-256 match,,UNKNOWN
Release/External_Test/2026-07-30_audio-validation-fix/Qonic_Audio_v5.0_internal_test/_internal/PySide6/qml/QtQuick/Controls/FluentWinUI3/dark/images/spinbox-indicator-down-background-hovered@3x.png,02530AD19A6A050F2813C5D801A9FE75C9B0FBF4508491C6ABB1BBDB72B28734,101,qml:QtQuick.Controls.FluentWinUI3,qml,LIKELY_REQUIRED,PySide6 wheel tree SHA-256 match,,UNKNOWN
Release/External_Test/2026-07-30_audio-validation-fix/Qonic_Audio_v5.0_internal_test/_internal/PySide6/qml/QtQuick/Controls/FluentWinUI3/dark/images/spinbox-indicator-down-background-up-hovered.png,8285ACC7FE450D3A72EED1432566F7AA90AF7EE33A154AA7402DC707018979B7,83,qml:QtQuick.Controls.FluentWinUI3,qml,LIKELY_REQUIRED,PySide6 wheel tree SHA-256 match,,UNKNOWN
Release/External_Test/2026-07-30_audio-validation-fix/Qonic_Audio_v5.0_internal_test/_internal/PySide6/qml/QtQuick/Controls/FluentWinUI3/dark/images/spinbox-indicator-down-background-up-hovered@2x.png,4A812392A115A37694707507B84DC3C789FB3880C298CCE2A7D31F1D837F601F,92,qml:QtQuick.Controls.FluentWinUI3,qml,LIKELY_REQUIRED,PySide6 wheel tree SHA-256 match,,UNKNOWN
Release/External_Test/2026-07-30_audio-validation-fix/Qonic_Audio_v5.0_internal_test/_internal/PySide6/qml/QtQuick/Controls/FluentWinUI3/dark/images/spinbox-indicator-down-background-up-hovered@3x.png,02530AD19A6A050F2813C5D801A9FE75C9B0FBF4508491C6ABB1BBDB72B28734,101,qml:QtQuick.Controls.FluentWinUI3,qml,LIKELY_REQUIRED,PySide6 wheel tree SHA-256 match,,UNKNOWN
Release/External_Test/2026-07-30_audio-validation-fix/Qonic_Audio_v5.0_internal_test/_internal/PySide6/qml/QtQuick/Controls/FluentWinUI3/dark/images/spinbox-indicator-down-background-up-pressed.png,8285ACC7FE450D3A72EED1432566F7AA90AF7EE33A154AA7402DC707018979B7,83,qml:QtQuick.Controls.FluentWinUI3,qml,LIKELY_REQUIRED,PySide6 wheel tree SHA-256 match,,UNKNOWN
Release/External_Test/2026-07-30_audio-validation-fix/Qonic_Audio_v5.0_internal_test/_internal/PySide6/qml/QtQuick/Controls/FluentWinUI3/dark/images/spinbox-indicator-down-background-up-pressed@2x.png,4A812392A115A37694707507B84DC3C789FB3880C298CCE2A7D31F1D837F601F,92,qml:QtQuick.Controls.FluentWinUI3,qml,LIKELY_REQUIRED,PySide6 wheel tree SHA-256 match,,UNKNOWN
Release/External_Test/2026-07-30_audio-validation-fix/Qonic_Audio_v5.0_internal_test/_internal/PySide6/qml/QtQuick/Controls/FluentWinUI3/dark/images/spinbox-indicator-down-background-up-pressed@3x.png,02530AD19A6A050F2813C5D801A9FE75C9B0FBF4508491C6ABB1BBDB72B28734,101,qml:QtQuick.Controls.FluentWinUI3,qml,LIKELY_REQUIRED,PySide6 wheel tree SHA-256 match,,UNKNOWN
Release/External_Test/2026-07-30_audio-validation-fix/Qonic_Audio_v5.0_internal_test/_internal/PySide6/qml/QtQuick/Controls/FluentWinUI3/dark/images/spinbox-indicator-down-background.png,8285ACC7FE450D3A72EED1432566F7AA90AF7EE33A154AA7402DC707018979B7,83,qml:QtQuick.Controls.FluentWinUI3,qml,LIKELY_REQUIRED,PySide6 wheel tree SHA-256 match,,UNKNOWN
Release/External_Test/2026-07-30_audio-validation-fix/Qonic_Audio_v5.0_internal_test/_internal/PySide6/qml/QtQuick/Controls/FluentWinUI3/dark/images/spinbox-indicator-down-background@2x.png,4A812392A115A37694707507B84DC3C789FB3880C298CCE2A7D31F1D837F601F,92,qml:QtQuick.Controls.FluentWinUI3,qml,LIKELY_REQUIRED,PySide6 wheel tree SHA-256 match,,UNKNOWN
Release/External_Test/2026-07-30_audio-validation-fix/Qonic_Audio_v5.0_internal_test/_internal/PySide6/qml/QtQuick/Controls/FluentWinUI3/dark/images/spinbox-indicator-down-background@3x.png,02530AD19A6A050F2813C5D801A9FE75C9B0FBF4508491C6ABB1BBDB72B28734,101,qml:QtQuick.Controls.FluentWinUI3,qml,LIKELY_REQUIRED,PySide6 wheel tree SHA-256 match,,UNKNOWN
Release/External_Test/2026-07-30_audio-validation-fix/Qonic_Audio_v5.0_internal_test/_internal/PySide6/qml/QtQuick/Controls/FluentWinUI3/dark/images/spinbox-indicator-down-icon-atlimit.png,D7BEA5E577872DE5FC9BDE61B81660D4D9B73A8864D28B69246F7994A1AF2631,145,qml:QtQuick.Controls.FluentWinUI3,qml,LIKELY_REQUIRED,PySide6 wheel tree SHA-256 match,,UNKNOWN
Release/External_Test/2026-07-30_audio-validation-fix/Qonic_Audio_v5.0_internal_test/_internal/PySide6/qml/QtQuick/Controls/FluentWinUI3/dark/images/spinbox-indicator-down-icon-atlimit@2x.png,86B21BCA5D4CA34B3D22456B4DF8D1AB5521F0D14A46EDF7DECE8CF1E61D6A3E,176,qml:QtQuick.Controls.FluentWinUI3,qml,LIKELY_REQUIRED,PySide6 wheel tree SHA-256 match,,UNKNOWN
Release/External_Test/2026-07-30_audio-validation-fix/Qonic_Audio_v5.0_internal_test/_internal/PySide6/qml/QtQuick/Controls/FluentWinUI3/dark/images/spinbox-indicator-down-icon-atlimit@3x.png,104296DEBDCFC2C847B0AAECC9902E6D3046D8151BDF491248AFB1D804036D64,211,qml:QtQuick.Controls.FluentWinUI3,qml,LIKELY_REQUIRED,PySide6 wheel tree SHA-256 match,,UNKNOWN
Release/External_Test/2026-07-30_audio-validation-fix/Qonic_Audio_v5.0_internal_test/_internal/PySide6/qml/QtQuick/Controls/FluentWinUI3/dark/images/spinbox-indicator-down-icon-disabled.png,D7BEA5E577872DE5FC9BDE61B81660D4D9B73A8864D28B69246F7994A1AF2631,145,qml:QtQuick.Controls.FluentWinUI3,qml,LIKELY_REQUIRED,PySide6 wheel tree SHA-256 match,,UNKNOWN
Release/External_Test/2026-07-30_audio-validation-fix/Qonic_Audio_v5.0_internal_test/_internal/PySide6/qml/QtQuick/Controls/FluentWinUI3/dark/images/spinbox-indicator-down-icon-disabled@2x.png,86B21BCA5D4CA34B3D22456B4DF8D1AB5521F0D14A46EDF7DECE8CF1E61D6A3E,176,qml:QtQuick.Controls.FluentWinUI3,qml,LIKELY_REQUIRED,PySide6 wheel tree SHA-256 match,,UNKNOWN
Release/External_Test/2026-07-30_audio-validation-fix/Qonic_Audio_v5.0_internal_test/_internal/PySide6/qml/QtQuick/Controls/FluentWinUI3/dark/images/spinbox-indicator-down-icon-disabled@3x.png,104296DEBDCFC2C847B0AAECC9902E6D3046D8151BDF491248AFB1D804036D64,211,qml:QtQuick.Controls.FluentWinUI3,qml,LIKELY_REQUIRED,PySide6 wheel tree SHA-256 match,,UNKNOWN
Release/External_Test/2026-07-30_audio-validation-fix/Qonic_Audio_v5.0_internal_test/_internal/PySide6/qml/QtQuick/Controls/FluentWinUI3/dark/images/spinbox-indicator-down-icon-down-hovered.png,33F189B55282B1A6D904FD2424CDC051FBD3AF17B942899942FC6DAF46280146,118,qml:QtQuick.Controls.FluentWinUI3,qml,LIKELY_REQUIRED,PySide6 wheel tree SHA-256 match,,UNKNOWN
Release/External_Test/2026-07-30_audio-validation-fix/Qonic_Audio_v5.0_internal_test/_internal/PySide6/qml/QtQuick/Controls/FluentWinUI3/dark/images/spinbox-indicator-down-icon-down-hovered@2x.png,E2EE0ED4CCF6D0E468B02B83598F0487CC3167D508C6E08E6490B925D8305474,164,qml:QtQuick.Controls.FluentWinUI3,qml,LIKELY_REQUIRED,PySide6 wheel tree SHA-256 match,,UNKNOWN
Release/External_Test/2026-07-30_audio-validation-fix/Qonic_Audio_v5.0_internal_test/_internal/PySide6/qml/QtQuick/Controls/FluentWinUI3/dark/images/spinbox-indicator-down-icon-down-hovered@3x.png,D712F165711BF5E0F265607705A4E83452C8FCBC59E106238663664F791F28E5,211,qml:QtQuick.Controls.FluentWinUI3,qml,LIKELY_REQUIRED,PySide6 wheel tree SHA-256 match,,UNKNOWN
Release/External_Test/2026-07-30_audio-validation-fix/Qonic_Audio_v5.0_internal_test/_internal/PySide6/qml/QtQuick/Controls/FluentWinUI3/dark/images/spinbox-indicator-down-icon-down-pressed.png,DFE9D3510B8A60E383C7C1EBCF3E6190EDCF24CAD335DFC16E95C3DA4E350028,145,qml:QtQuick.Controls.FluentWinUI3,qml,LIKELY_REQUIRED,PySide6 wheel tree SHA-256 match,,UNKNOWN
Release/External_Test/2026-07-30_audio-validation-fix/Qonic_Audio_v5.0_internal_test/_internal/PySide6/qml/QtQuick/Controls/FluentWinUI3/dark/images/spinbox-indicator-down-icon-down-pressed@2x.png,E304AF152A32E644ACBDE3C3250F45408DDB3FA782A83E969E21A051F824B103,173,qml:QtQuick.Controls.FluentWinUI3,qml,LIKELY_REQUIRED,PySide6 wheel tree SHA-256 match,,UNKNOWN
Release/External_Test/2026-07-30_audio-validation-fix/Qonic_Audio_v5.0_internal_test/_internal/PySide6/qml/QtQuick/Controls/FluentWinUI3/dark/images/spinbox-indicator-down-icon-down-pressed@3x.png,EEFEEDDF5AFE7A0B9992525A972F56D7BE010F1D0F5C75020DC1D72DD79EF7B3,219,qml:QtQuick.Controls.FluentWinUI3,qml,LIKELY_REQUIRED,PySide6 wheel tree SHA-256 match,,UNKNOWN
Release/External_Test/2026-07-30_audio-validation-fix/Qonic_Audio_v5.0_internal_test/_internal/PySide6/qml/QtQuick/Controls/FluentWinUI3/dark/images/spinbox-indicator-down-icon-hovered.png,33F189B55282B1A6D904FD2424CDC051FBD3AF17B942899942FC6DAF46280146,118,qml:QtQuick.Controls.FluentWinUI3,qml,LIKELY_REQUIRED,PySide6 wheel tree SHA-256 match,,UNKNOWN
Release/External_Test/2026-07-30_audio-validation-fix/Qonic_Audio_v5.0_internal_test/_internal/PySide6/qml/QtQuick/Controls/FluentWinUI3/dark/images/spinbox-indicator-down-icon-hovered@2x.png,E2EE0ED4CCF6D0E468B02B83598F0487CC3167D508C6E08E6490B925D8305474,164,qml:QtQuick.Controls.FluentWinUI3,qml,LIKELY_REQUIRED,PySide6 wheel tree SHA-256 match,,UNKNOWN
Release/External_Test/2026-07-30_audio-validation-fix/Qonic_Audio_v5.0_internal_test/_internal/PySide6/qml/QtQuick/Controls/FluentWinUI3/dark/images/spinbox-indicator-down-icon-hovered@3x.png,D712F165711BF5E0F265607705A4E83452C8FCBC59E106238663664F791F28E5,211,qml:QtQuick.Controls.FluentWinUI3,qml,LIKELY_REQUIRED,PySide6 wheel tree SHA-256 match,,UNKNOWN
Release/External_Test/2026-07-30_audio-validation-fix/Qonic_Audio_v5.0_internal_test/_internal/PySide6/qml/QtQuick/Controls/FluentWinUI3/dark/images/spinbox-indicator-down-icon-up-hovered.png,33F189B55282B1A6D904FD2424CDC051FBD3AF17B942899942FC6DAF46280146,118,qml:QtQuick.Controls.FluentWinUI3,qml,LIKELY_REQUIRED,PySide6 wheel tree SHA-256 match,,UNKNOWN
Release/External_Test/2026-07-30_audio-validation-fix/Qonic_Audio_v5.0_internal_test/_internal/PySide6/qml/QtQuick/Controls/FluentWinUI3/dark/images/spinbox-indicator-down-icon-up-hovered@2x.png,E2EE0ED4CCF6D0E468B02B83598F0487CC3167D508C6E08E6490B925D8305474,164,qml:QtQuick.Controls.FluentWinUI3,qml,LIKELY_REQUIRED,PySide6 wheel tree SHA-256 match,,UNKNOWN
Release/External_Test/2026-07-30_audio-validation-fix/Qonic_Audio_v5.0_internal_test/_internal/PySide6/qml/QtQuick/Controls/FluentWinUI3/dark/images/spinbox-indicator-down-icon-up-hovered@3x.png,D712F165711BF5E0F265607705A4E83452C8FCBC59E106238663664F791F28E5,211,qml:QtQuick.Controls.FluentWinUI3,qml,LIKELY_REQUIRED,PySide6 wheel tree SHA-256 match,,UNKNOWN
Release/External_Test/2026-07-30_audio-validation-fix/Qonic_Audio_v5.0_internal_test/_internal/PySide6/qml/QtQuick/Controls/FluentWinUI3/dark/images/spinbox-indicator-down-icon-up-pressed.png,33F189B55282B1A6D904FD2424CDC051FBD3AF17B942899942FC6DAF46280146,118,qml:QtQuick.Controls.FluentWinUI3,qml,LIKELY_REQUIRED,PySide6 wheel tree SHA-256 match,,UNKNOWN
Release/External_Test/2026-07-30_audio-validation-fix/Qonic_Audio_v5.0_internal_test/_internal/PySide6/qml/QtQuick/Controls/FluentWinUI3/dark/images/spinbox-indicator-down-icon-up-pressed@2x.png,E2EE0ED4CCF6D0E468B02B83598F0487CC3167D508C6E08E6490B925D8305474,164,qml:QtQuick.Controls.FluentWinUI3,qml,LIKELY_REQUIRED,PySide6 wheel tree SHA-256 match,,UNKNOWN
Release/External_Test/2026-07-30_audio-validation-fix/Qonic_Audio_v5.0_internal_test/_internal/PySide6/qml/QtQuick/Controls/FluentWinUI3/dark/images/spinbox-indicator-down-icon-up-pressed@3x.png,D712F165711BF5E0F265607705A4E83452C8FCBC59E106238663664F791F28E5,211,qml:QtQuick.Controls.FluentWinUI3,qml,LIKELY_REQUIRED,PySide6 wheel tree SHA-256 match,,UNKNOWN
Release/External_Test/2026-07-30_audio-validation-fix/Qonic_Audio_v5.0_internal_test/_internal/PySide6/qml/QtQuick/Controls/FluentWinUI3/dark/images/spinbox-indicator-down-icon.png,33F189B55282B1A6D904FD2424CDC051FBD3AF17B942899942FC6DAF46280146,118,qml:QtQuick.Controls.FluentWinUI3,qml,LIKELY_REQUIRED,PySide6 wheel tree SHA-256 match,,UNKNOWN
Release/External_Test/2026-07-30_audio-validation-fix/Qonic_Audio_v5.0_internal_test/_internal/PySide6/qml/QtQuick/Controls/FluentWinUI3/dark/images/spinbox-indicator-down-icon@2x.png,E2EE0ED4CCF6D0E468B02B83598F0487CC3167D508C6E08E6490B925D8305474,164,qml:QtQuick.Controls.FluentWinUI3,qml,LIKELY_REQUIRED,PySide6 wheel tree SHA-256 match,,UNKNOWN
Release/External_Test/2026-07-30_audio-validation-fix/Qonic_Audio_v5.0_internal_test/_internal/PySide6/qml/QtQuick/Controls/FluentWinUI3/dark/images/spinbox-indicator-down-icon@3x.png,D712F165711BF5E0F265607705A4E83452C8FCBC59E106238663664F791F28E5,211,qml:QtQuick.Controls.FluentWinUI3,qml,LIKELY_REQUIRED,PySide6 wheel tree SHA-256 match,,UNKNOWN
Release/External_Test/2026-07-30_audio-validation-fix/Qonic_Audio_v5.0_internal_test/_internal/PySide6/qml/QtQuick/Controls/FluentWinUI3/dark/images/spinbox-indicator-up-background-atlimit.png,8285ACC7FE450D3A72EED1432566F7AA90AF7EE33A154AA7402DC707018979B7,83,qml:QtQuick.Controls.FluentWinUI3,qml,LIKELY_REQUIRED,PySide6 wheel tree SHA-256 match,,UNKNOWN
Release/External_Test/2026-07-30_audio-validation-fix/Qonic_Audio_v5.0_internal_test/_internal/PySide6/qml/QtQuick/Controls/FluentWinUI3/dark/images/spinbox-indicator-up-background-atlimit@2x.png,4A812392A115A37694707507B84DC3C789FB3880C298CCE2A7D31F1D837F601F,92,qml:QtQuick.Controls.FluentWinUI3,qml,LIKELY_REQUIRED,PySide6 wheel tree SHA-256 match,,UNKNOWN
Release/External_Test/2026-07-30_audio-validation-fix/Qonic_Audio_v5.0_internal_test/_internal/PySide6/qml/QtQuick/Controls/FluentWinUI3/dark/images/spinbox-indicator-up-background-atlimit@3x.png,02530AD19A6A050F2813C5D801A9FE75C9B0FBF4508491C6ABB1BBDB72B28734,101,qml:QtQuick.Controls.FluentWinUI3,qml,LIKELY_REQUIRED,PySide6 wheel tree SHA-256 match,,UNKNOWN
Release/External_Test/2026-07-30_audio-validation-fix/Qonic_Audio_v5.0_internal_test/_internal/PySide6/qml/QtQuick/Controls/FluentWinUI3/dark/images/spinbox-indicator-up-background-disabled.png,8285ACC7FE450D3A72EED1432566F7AA90AF7EE33A154AA7402DC707018979B7,83,qml:QtQuick.Controls.FluentWinUI3,qml,LIKELY_REQUIRED,PySide6 wheel tree SHA-256 match,,UNKNOWN
Release/External_Test/2026-07-30_audio-validation-fix/Qonic_Audio_v5.0_internal_test/_internal/PySide6/qml/QtQuick/Controls/FluentWinUI3/dark/images/spinbox-indicator-up-background-disabled@2x.png,4A812392A115A37694707507B84DC3C789FB3880C298CCE2A7D31F1D837F601F,92,qml:QtQuick.Controls.FluentWinUI3,qml,LIKELY_REQUIRED,PySide6 wheel tree SHA-256 match,,UNKNOWN
Release/External_Test/2026-07-30_audio-validation-fix/Qonic_Audio_v5.0_internal_test/_internal/PySide6/qml/QtQuick/Controls/FluentWinUI3/dark/images/spinbox-indicator-up-background-disabled@3x.png,02530AD19A6A050F2813C5D801A9FE75C9B0FBF4508491C6ABB1BBDB72B28734,101,qml:QtQuick.Controls.FluentWinUI3,qml,LIKELY_REQUIRED,PySide6 wheel tree SHA-256 match,,UNKNOWN
Release/External_Test/2026-07-30_audio-validation-fix/Qonic_Audio_v5.0_internal_test/_internal/PySide6/qml/QtQuick/Controls/FluentWinUI3/dark/images/spinbox-indicator-up-background-down-hovered.png,8285ACC7FE450D3A72EED1432566F7AA90AF7EE33A154AA7402DC707018979B7,83,qml:QtQuick.Controls.FluentWinUI3,qml,LIKELY_REQUIRED,PySide6 wheel tree SHA-256 match,,UNKNOWN
Release/External_Test/2026-07-30_audio-validation-fix/Qonic_Audio_v5.0_internal_test/_internal/PySide6/qml/QtQuick/Controls/FluentWinUI3/dark/images/spinbox-indicator-up-background-down-hovered@2x.png,4A812392A115A37694707507B84DC3C789FB3880C298CCE2A7D31F1D837F601F,92,qml:QtQuick.Controls.FluentWinUI3,qml,LIKELY_REQUIRED,PySide6 wheel tree SHA-256 match,,UNKNOWN
Release/External_Test/2026-07-30_audio-validation-fix/Qonic_Audio_v5.0_internal_test/_internal/PySide6/qml/QtQuick/Controls/FluentWinUI3/dark/images/spinbox-indicator-up-background-down-hovered@3x.png,02530AD19A6A050F2813C5D801A9FE75C9B0FBF4508491C6ABB1BBDB72B28734,101,qml:QtQuick.Controls.FluentWinUI3,qml,LIKELY_REQUIRED,PySide6 wheel tree SHA-256 match,,UNKNOWN
Release/External_Test/2026-07-30_audio-validation-fix/Qonic_Audio_v5.0_internal_test/_internal/PySide6/qml/QtQuick/Controls/FluentWinUI3/dark/images/spinbox-indicator-up-background-down-pressed.png,8285ACC7FE450D3A72EED1432566F7AA90AF7EE33A154AA7402DC707018979B7,83,qml:QtQuick.Controls.FluentWinUI3,qml,LIKELY_REQUIRED,PySide6 wheel tree SHA-256 match,,UNKNOWN
Release/External_Test/2026-07-30_audio-validation-fix/Qonic_Audio_v5.0_internal_test/_internal/PySide6/qml/QtQuick/Controls/FluentWinUI3/dark/images/spinbox-indicator-up-background-down-pressed@2x.png,4A812392A115A37694707507B84DC3C789FB3880C298CCE2A7D31F1D837F601F,92,qml:QtQuick.Controls.FluentWinUI3,qml,LIKELY_REQUIRED,PySide6 wheel tree SHA-256 match,,UNKNOWN
Release/External_Test/2026-07-30_audio-validation-fix/Qonic_Audio_v5.0_internal_test/_internal/PySide6/qml/QtQuick/Controls/FluentWinUI3/dark/images/spinbox-indicator-up-background-down-pressed@3x.png,02530AD19A6A050F2813C5D801A9FE75C9B0FBF4508491C6ABB1BBDB72B28734,101,qml:QtQuick.Controls.FluentWinUI3,qml,LIKELY_REQUIRED,PySide6 wheel tree SHA-256 match,,UNKNOWN
Release/External_Test/2026-07-30_audio-validation-fix/Qonic_Audio_v5.0_internal_test/_internal/PySide6/qml/QtQuick/Controls/FluentWinUI3/dark/images/spinbox-indicator-up-background-hovered.png,8285ACC7FE450D3A72EED1432566F7AA90AF7EE33A154AA7402DC707018979B7,83,qml:QtQuick.Controls.FluentWinUI3,qml,LIKELY_REQUIRED,PySide6 wheel tree SHA-256 match,,UNKNOWN
Release/External_Test/2026-07-30_audio-validation-fix/Qonic_Audio_v5.0_internal_test/_internal/PySide6/qml/QtQuick/Controls/FluentWinUI3/dark/images/spinbox-indicator-up-background-hovered@2x.png,4A812392A115A37694707507B84DC3C789FB3880C298CCE2A7D31F1D837F601F,92,qml:QtQuick.Controls.FluentWinUI3,qml,LIKELY_REQUIRED,PySide6 wheel tree SHA-256 match,,UNKNOWN
Release/External_Test/2026-07-30_audio-validation-fix/Qonic_Audio_v5.0_internal_test/_internal/PySide6/qml/QtQuick/Controls/FluentWinUI3/dark/images/spinbox-indicator-up-background-hovered@3x.png,02530AD19A6A050F2813C5D801A9FE75C9B0FBF4508491C6ABB1BBDB72B28734,101,qml:QtQuick.Controls.FluentWinUI3,qml,LIKELY_REQUIRED,PySide6 wheel tree SHA-256 match,,UNKNOWN
Release/External_Test/2026-07-30_audio-validation-fix/Qonic_Audio_v5.0_internal_test/_internal/PySide6/qml/QtQuick/Controls/FluentWinUI3/dark/images/spinbox-indicator-up-background-up-hovered.png,7B24C72A494B81A4E61BE17014A8C5BFA2DFD457FBFF4CBEC0845793D3FCA0B4,166,qml:QtQuick.Controls.FluentWinUI3,qml,LIKELY_REQUIRED,PySide6 wheel tree SHA-256 match,,UNKNOWN
Release/External_Test/2026-07-30_audio-validation-fix/Qonic_Audio_v5.0_internal_test/_internal/PySide6/qml/QtQuick/Controls/FluentWinUI3/dark/images/spinbox-indicator-up-background-up-hovered@2x.png,96248A359822F167A7195DD2E4C93099701C65C93D470157D1EBAB9164B086F3,233,qml:QtQuick.Controls.FluentWinUI3,qml,LIKELY_REQUIRED,PySide6 wheel tree SHA-256 match,,UNKNOWN
Release/External_Test/2026-07-30_audio-validation-fix/Qonic_Audio_v5.0_internal_test/_internal/PySide6/qml/QtQuick/Controls/FluentWinUI3/dark/images/spinbox-indicator-up-background-up-hovered@3x.png,2A9CE212F759EFAEE2773D7F22E13DD91C5DA7DD0FDDBA2882B10E7D03BD4A5C,305,qml:QtQuick.Controls.FluentWinUI3,qml,LIKELY_REQUIRED,PySide6 wheel tree SHA-256 match,,UNKNOWN
Release/External_Test/2026-07-30_audio-validation-fix/Qonic_Audio_v5.0_internal_test/_internal/PySide6/qml/QtQuick/Controls/FluentWinUI3/dark/images/spinbox-indicator-up-background-up-pressed.png,7B24C72A494B81A4E61BE17014A8C5BFA2DFD457FBFF4CBEC0845793D3FCA0B4,166,qml:QtQuick.Controls.FluentWinUI3,qml,LIKELY_REQUIRED,PySide6 wheel tree SHA-256 match,,UNKNOWN
Release/External_Test/2026-07-30_audio-validation-fix/Qonic_Audio_v5.0_internal_test/_internal/PySide6/qml/QtQuick/Controls/FluentWinUI3/dark/images/spinbox-indicator-up-background-up-pressed@2x.png,96248A359822F167A7195DD2E4C93099701C65C93D470157D1EBAB9164B086F3,233,qml:QtQuick.Controls.FluentWinUI3,qml,LIKELY_REQUIRED,PySide6 wheel tree SHA-256 match,,UNKNOWN
Release/External_Test/2026-07-30_audio-validation-fix/Qonic_Audio_v5.0_internal_test/_internal/PySide6/qml/QtQuick/Controls/FluentWinUI3/dark/images/spinbox-indicator-up-background-up-pressed@3x.png,2A9CE212F759EFAEE2773D7F22E13DD91C5DA7DD0FDDBA2882B10E7D03BD4A5C,305,qml:QtQuick.Controls.FluentWinUI3,qml,LIKELY_REQUIRED,PySide6 wheel tree SHA-256 match,,UNKNOWN
Release/External_Test/2026-07-30_audio-validation-fix/Qonic_Audio_v5.0_internal_test/_internal/PySide6/qml/QtQuick/Controls/FluentWinUI3/dark/images/spinbox-indicator-up-background.png,8285ACC7FE450D3A72EED1432566F7AA90AF7EE33A154AA7402DC707018979B7,83,qml:QtQuick.Controls.FluentWinUI3,qml,LIKELY_REQUIRED,PySide6 wheel tree SHA-256 match,,UNKNOWN
Release/External_Test/2026-07-30_audio-validation-fix/Qonic_Audio_v5.0_internal_test/_internal/PySide6/qml/QtQuick/Controls/FluentWinUI3/dark/images/spinbox-indicator-up-background@2x.png,4A812392A115A37694707507B84DC3C789FB3880C298CCE2A7D31F1D837F601F,92,qml:QtQuick.Controls.FluentWinUI3,qml,LIKELY_REQUIRED,PySide6 wheel tree SHA-256 match,,UNKNOWN
Release/External_Test/2026-07-30_audio-validation-fix/Qonic_Audio_v5.0_internal_test/_internal/PySide6/qml/QtQuick/Controls/FluentWinUI3/dark/images/spinbox-indicator-up-background@3x.png,02530AD19A6A050F2813C5D801A9FE75C9B0FBF4508491C6ABB1BBDB72B28734,101,qml:QtQuick.Controls.FluentWinUI3,qml,LIKELY_REQUIRED,PySide6 wheel tree SHA-256 match,,UNKNOWN
Release/External_Test/2026-07-30_audio-validation-fix/Qonic_Audio_v5.0_internal_test/_internal/PySide6/qml/QtQuick/Controls/FluentWinUI3/dark/images/spinbox-indicator-up-icon-atlimit.png,17F228EA1DB9440F773814CC95B70A585A6E25935B8828012CC53A731745D4E9,133,qml:QtQuick.Controls.FluentWinUI3,qml,LIKELY_REQUIRED,PySide6 wheel tree SHA-256 match,,UNKNOWN
Release/External_Test/2026-07-30_audio-validation-fix/Qonic_Audio_v5.0_internal_test/_internal/PySide6/qml/QtQuick/Controls/FluentWinUI3/dark/images/spinbox-indicator-up-icon-atlimit@2x.png,57C6E4D603C24C9F8FE0A8745B62BC7B6A583599BF87A8A7825B4C5DD52B0E79,164,qml:QtQuick.Controls.FluentWinUI3,qml,LIKELY_REQUIRED,PySide6 wheel tree SHA-256 match,,UNKNOWN
Release/External_Test/2026-07-30_audio-validation-fix/Qonic_Audio_v5.0_internal_test/_internal/PySide6/qml/QtQuick/Controls/FluentWinUI3/dark/images/spinbox-indicator-up-icon-atlimit@3x.png,5F9C939DF7AD5611B026D2E189A32540CE738D1A75A1F690299EFE4303E2D841,210,qml:QtQuick.Controls.FluentWinUI3,qml,LIKELY_REQUIRED,PySide6 wheel tree SHA-256 match,,UNKNOWN
Release/External_Test/2026-07-30_audio-validation-fix/Qonic_Audio_v5.0_internal_test/_internal/PySide6/qml/QtQuick/Controls/FluentWinUI3/dark/images/spinbox-indicator-up-icon-disabled.png,17F228EA1DB9440F773814CC95B70A585A6E25935B8828012CC53A731745D4E9,133,qml:QtQuick.Controls.FluentWinUI3,qml,LIKELY_REQUIRED,PySide6 wheel tree SHA-256 match,,UNKNOWN
Release/External_Test/2026-07-30_audio-validation-fix/Qonic_Audio_v5.0_internal_test/_internal/PySide6/qml/QtQuick/Controls/FluentWinUI3/dark/images/spinbox-indicator-up-icon-disabled@2x.png,57C6E4D603C24C9F8FE0A8745B62BC7B6A583599BF87A8A7825B4C5DD52B0E79,164,qml:QtQuick.Controls.FluentWinUI3,qml,LIKELY_REQUIRED,PySide6 wheel tree SHA-256 match,,UNKNOWN
Release/External_Test/2026-07-30_audio-validation-fix/Qonic_Audio_v5.0_internal_test/_internal/PySide6/qml/QtQuick/Controls/FluentWinUI3/dark/images/spinbox-indicator-up-icon-disabled@3x.png,5F9C939DF7AD5611B026D2E189A32540CE738D1A75A1F690299EFE4303E2D841,210,qml:QtQuick.Controls.FluentWinUI3,qml,LIKELY_REQUIRED,PySide6 wheel tree SHA-256 match,,UNKNOWN
Release/External_Test/2026-07-30_audio-validation-fix/Qonic_Audio_v5.0_internal_test/_internal/PySide6/qml/QtQuick/Controls/FluentWinUI3/dark/images/spinbox-indicator-up-icon-down-hovered.png,7109A067AD00C3CDD31365C76EA8E24264910FE9B1350A292FC00DD7D2B97E5B,118,qml:QtQuick.Controls.FluentWinUI3,qml,LIKELY_REQUIRED,PySide6 wheel tree SHA-256 match,,UNKNOWN
Release/External_Test/2026-07-30_audio-validation-fix/Qonic_Audio_v5.0_internal_test/_internal/PySide6/qml/QtQuick/Controls/FluentWinUI3/dark/images/spinbox-indicator-up-icon-down-hovered@2x.png,50E45C5BC1F41A265CCDB7106571D751B4A875577D19C5409009FCDD0E82CFC1,150,qml:QtQuick.Controls.FluentWinUI3,qml,LIKELY_REQUIRED,PySide6 wheel tree SHA-256 match,,UNKNOWN
Release/External_Test/2026-07-30_audio-validation-fix/Qonic_Audio_v5.0_internal_test/_internal/PySide6/qml/QtQuick/Controls/FluentWinUI3/dark/images/spinbox-indicator-up-icon-down-hovered@3x.png,F85B2A74823A54B1D904D44B638204AE78301A91EABACFC1DC7F07508C384057,210,qml:QtQuick.Controls.FluentWinUI3,qml,LIKELY_REQUIRED,PySide6 wheel tree SHA-256 match,,UNKNOWN
Release/External_Test/2026-07-30_audio-validation-fix/Qonic_Audio_v5.0_internal_test/_internal/PySide6/qml/QtQuick/Controls/FluentWinUI3/dark/images/spinbox-indicator-up-icon-down-pressed.png,7109A067AD00C3CDD31365C76EA8E24264910FE9B1350A292FC00DD7D2B97E5B,118,qml:QtQuick.Controls.FluentWinUI3,qml,LIKELY_REQUIRED,PySide6 wheel tree SHA-256 match,,UNKNOWN
Release/External_Test/2026-07-30_audio-validation-fix/Qonic_Audio_v5.0_internal_test/_internal/PySide6/qml/QtQuick/Controls/FluentWinUI3/dark/images/spinbox-indicator-up-icon-down-pressed@2x.png,50E45C5BC1F41A265CCDB7106571D751B4A875577D19C5409009FCDD0E82CFC1,150,qml:QtQuick.Controls.FluentWinUI3,qml,LIKELY_REQUIRED,PySide6 wheel tree SHA-256 match,,UNKNOWN
Release/External_Test/2026-07-30_audio-validation-fix/Qonic_Audio_v5.0_internal_test/_internal/PySide6/qml/QtQuick/Controls/FluentWinUI3/dark/images/spinbox-indicator-up-icon-down-pressed@3x.png,F85B2A74823A54B1D904D44B638204AE78301A91EABACFC1DC7F07508C384057,210,qml:QtQuick.Controls.FluentWinUI3,qml,LIKELY_REQUIRED,PySide6 wheel tree SHA-256 match,,UNKNOWN
Release/External_Test/2026-07-30_audio-validation-fix/Qonic_Audio_v5.0_internal_test/_internal/PySide6/qml/QtQuick/Controls/FluentWinUI3/dark/images/spinbox-indicator-up-icon-hovered.png,7109A067AD00C3CDD31365C76EA8E24264910FE9B1350A292FC00DD7D2B97E5B,118,qml:QtQuick.Controls.FluentWinUI3,qml,LIKELY_REQUIRED,PySide6 wheel tree SHA-256 match,,UNKNOWN
Release/External_Test/2026-07-30_audio-validation-fix/Qonic_Audio_v5.0_internal_test/_internal/PySide6/qml/QtQuick/Controls/FluentWinUI3/dark/images/spinbox-indicator-up-icon-hovered@2x.png,50E45C5BC1F41A265CCDB7106571D751B4A875577D19C5409009FCDD0E82CFC1,150,qml:QtQuick.Controls.FluentWinUI3,qml,LIKELY_REQUIRED,PySide6 wheel tree SHA-256 match,,UNKNOWN
Release/External_Test/2026-07-30_audio-validation-fix/Qonic_Audio_v5.0_internal_test/_internal/PySide6/qml/QtQuick/Controls/FluentWinUI3/dark/images/spinbox-indicator-up-icon-hovered@3x.png,F85B2A74823A54B1D904D44B638204AE78301A91EABACFC1DC7F07508C384057,210,qml:QtQuick.Controls.FluentWinUI3,qml,LIKELY_REQUIRED,PySide6 wheel tree SHA-256 match,,UNKNOWN
Release/External_Test/2026-07-30_audio-validation-fix/Qonic_Audio_v5.0_internal_test/_internal/PySide6/qml/QtQuick/Controls/FluentWinUI3/dark/images/spinbox-indicator-up-icon-up-hovered.png,7109A067AD00C3CDD31365C76EA8E24264910FE9B1350A292FC00DD7D2B97E5B,118,qml:QtQuick.Controls.FluentWinUI3,qml,LIKELY_REQUIRED,PySide6 wheel tree SHA-256 match,,UNKNOWN
Release/External_Test/2026-07-30_audio-validation-fix/Qonic_Audio_v5.0_internal_test/_internal/PySide6/qml/QtQuick/Controls/FluentWinUI3/dark/images/spinbox-indicator-up-icon-up-hovered@2x.png,50E45C5BC1F41A265CCDB7106571D751B4A875577D19C5409009FCDD0E82CFC1,150,qml:QtQuick.Controls.FluentWinUI3,qml,LIKELY_REQUIRED,PySide6 wheel tree SHA-256 match,,UNKNOWN
Release/External_Test/2026-07-30_audio-validation-fix/Qonic_Audio_v5.0_internal_test/_internal/PySide6/qml/QtQuick/Controls/FluentWinUI3/dark/images/spinbox-indicator-up-icon-up-hovered@3x.png,F85B2A74823A54B1D904D44B638204AE78301A91EABACFC1DC7F07508C384057,210,qml:QtQuick.Controls.FluentWinUI3,qml,LIKELY_REQUIRED,PySide6 wheel tree SHA-256 match,,UNKNOWN
Release/External_Test/2026-07-30_audio-validation-fix/Qonic_Audio_v5.0_internal_test/_internal/PySide6/qml/QtQuick/Controls/FluentWinUI3/dark/images/spinbox-indicator-up-icon-up-pressed.png,58254757E3A7EAB9917D96E0F5C472A3CA19D776EBBF3664F63000C65667ED57,135,qml:QtQuick.Controls.FluentWinUI3,qml,LIKELY_REQUIRED,PySide6 wheel tree SHA-256 match,,UNKNOWN
Release/External_Test/2026-07-30_audio-validation-fix/Qonic_Audio_v5.0_internal_test/_internal/PySide6/qml/QtQuick/Controls/FluentWinUI3/dark/images/spinbox-indicator-up-icon-up-pressed@2x.png,6D94E1700DB3A94F8424EB198CA707912FDA3C5DB737F62AC68C94D730C033EA,167,qml:QtQuick.Controls.FluentWinUI3,qml,LIKELY_REQUIRED,PySide6 wheel tree SHA-256 match,,UNKNOWN
Release/External_Test/2026-07-30_audio-validation-fix/Qonic_Audio_v5.0_internal_test/_internal/PySide6/qml/QtQuick/Controls/FluentWinUI3/dark/images/spinbox-indicator-up-icon-up-pressed@3x.png,FA0E7D86FFDC9F6CC099F08EC75E011FB15C4D170B8EABF637BA365E13542D82,214,qml:QtQuick.Controls.FluentWinUI3,qml,LIKELY_REQUIRED,PySide6 wheel tree SHA-256 match,,UNKNOWN
Release/External_Test/2026-07-30_audio-validation-fix/Qonic_Audio_v5.0_internal_test/_internal/PySide6/qml/QtQuick/Controls/FluentWinUI3/dark/images/spinbox-indicator-up-icon.png,7109A067AD00C3CDD31365C76EA8E24264910FE9B1350A292FC00DD7D2B97E5B,118,qml:QtQuick.Controls.FluentWinUI3,qml,LIKELY_REQUIRED,PySide6 wheel tree SHA-256 match,,UNKNOWN
Release/External_Test/2026-07-30_audio-validation-fix/Qonic_Audio_v5.0_internal_test/_internal/PySide6/qml/QtQuick/Controls/FluentWinUI3/dark/images/spinbox-indicator-up-icon@2x.png,50E45C5BC1F41A265CCDB7106571D751B4A875577D19C5409009FCDD0E82CFC1,150,qml:QtQuick.Controls.FluentWinUI3,qml,LIKELY_REQUIRED,PySide6 wheel tree SHA-256 match,,UNKNOWN
Release/External_Test/2026-07-30_audio-validation-fix/Qonic_Audio_v5.0_internal_test/_internal/PySide6/qml/QtQuick/Controls/FluentWinUI3/dark/images/spinbox-indicator-up-icon@3x.png,F85B2A74823A54B1D904D44B638204AE78301A91EABACFC1DC7F07508C384057,210,qml:QtQuick.Controls.FluentWinUI3,qml,LIKELY_REQUIRED,PySide6 wheel tree SHA-256 match,,UNKNOWN
Release/External_Test/2026-07-30_audio-validation-fix/Qonic_Audio_v5.0_internal_test/_internal/PySide6/qml/QtQuick/Controls/FluentWinUI3/dark/images/textarea-background-disabled.png,239BF3F261E5EE675B27E546FC9DFBA9CED5E2E521DC112DF22389C1227B8C1A,417,qml:QtQuick.Controls.FluentWinUI3,qml,LIKELY_REQUIRED,PySide6 wheel tree SHA-256 match,,UNKNOWN
Release/External_Test/2026-07-30_audio-validation-fix/Qonic_Audio_v5.0_internal_test/_internal/PySide6/qml/QtQuick/Controls/FluentWinUI3/dark/images/textarea-background-disabled@2x.png,A547ED23A7F28777996B58B610ED9AC1C0500042E0D70682F893A8508709717D,977,qml:QtQuick.Controls.FluentWinUI3,qml,LIKELY_REQUIRED,PySide6 wheel tree SHA-256 match,,UNKNOWN
Release/External_Test/2026-07-30_audio-validation-fix/Qonic_Audio_v5.0_internal_test/_internal/PySide6/qml/QtQuick/Controls/FluentWinUI3/dark/images/textarea-background-disabled@3x.png,FC52E4EEA80062B28175E6DF1CEBB5ABE679E26035EFC515184074593309BED9,1557,qml:QtQuick.Controls.FluentWinUI3,qml,LIKELY_REQUIRED,PySide6 wheel tree SHA-256 match,,UNKNOWN
Release/External_Test/2026-07-30_audio-validation-fix/Qonic_Audio_v5.0_internal_test/_internal/PySide6/qml/QtQuick/Controls/FluentWinUI3/dark/images/textarea-background-focused.png,A1E6F5250DED7FDBBC7804B81027059C2A672074D188583F58FF3C4190293CCB,460,qml:QtQuick.Controls.FluentWinUI3,qml,LIKELY_REQUIRED,PySide6 wheel tree SHA-256 match,,UNKNOWN
Release/External_Test/2026-07-30_audio-validation-fix/Qonic_Audio_v5.0_internal_test/_internal/PySide6/qml/QtQuick/Controls/FluentWinUI3/dark/images/textarea-background-focused@2x.png,C16D04F4E875E122CE7A6E2C96DA56416ED943390E666C2D441C005757BF4D70,1106,qml:QtQuick.Controls.FluentWinUI3,qml,LIKELY_REQUIRED,PySide6 wheel tree SHA-256 match,,UNKNOWN
Release/External_Test/2026-07-30_audio-validation-fix/Qonic_Audio_v5.0_internal_test/_internal/PySide6/qml/QtQuick/Controls/FluentWinUI3/dark/images/textarea-background-focused@3x.png,AF25823FC83DB82EDFB9B67E17DB78D4AF76863E114118FBF20DBB3B06D0D9F6,1742,qml:QtQuick.Controls.FluentWinUI3,qml,LIKELY_REQUIRED,PySide6 wheel tree SHA-256 match,,UNKNOWN
Release/External_Test/2026-07-30_audio-validation-fix/Qonic_Audio_v5.0_internal_test/_internal/PySide6/qml/QtQuick/Controls/FluentWinUI3/dark/images/textarea-background-hovered.png,239BF3F261E5EE675B27E546FC9DFBA9CED5E2E521DC112DF22389C1227B8C1A,417,qml:QtQuick.Controls.FluentWinUI3,qml,LIKELY_REQUIRED,PySide6 wheel tree SHA-256 match,,UNKNOWN
Release/External_Test/2026-07-30_audio-validation-fix/Qonic_Audio_v5.0_internal_test/_internal/PySide6/qml/QtQuick/Controls/FluentWinUI3/dark/images/textarea-background-hovered@2x.png,A547ED23A7F28777996B58B610ED9AC1C0500042E0D70682F893A8508709717D,977,qml:QtQuick.Controls.FluentWinUI3,qml,LIKELY_REQUIRED,PySide6 wheel tree SHA-256 match,,UNKNOWN
Release/External_Test/2026-07-30_audio-validation-fix/Qonic_Audio_v5.0_internal_test/_internal/PySide6/qml/QtQuick/Controls/FluentWinUI3/dark/images/textarea-background-hovered@3x.png,FC52E4EEA80062B28175E6DF1CEBB5ABE679E26035EFC515184074593309BED9,1557,qml:QtQuick.Controls.FluentWinUI3,qml,LIKELY_REQUIRED,PySide6 wheel tree SHA-256 match,,UNKNOWN
Release/External_Test/2026-07-30_audio-validation-fix/Qonic_Audio_v5.0_internal_test/_internal/PySide6/qml/QtQuick/Controls/FluentWinUI3/dark/images/textarea-background.png,239BF3F261E5EE675B27E546FC9DFBA9CED5E2E521DC112DF22389C1227B8C1A,417,qml:QtQuick.Controls.FluentWinUI3,qml,LIKELY_REQUIRED,PySide6 wheel tree SHA-256 match,,UNKNOWN
Release/External_Test/2026-07-30_audio-validation-fix/Qonic_Audio_v5.0_internal_test/_internal/PySide6/qml/QtQuick/Controls/FluentWinUI3/dark/images/textarea-background@2x.png,A547ED23A7F28777996B58B610ED9AC1C0500042E0D70682F893A8508709717D,977,qml:QtQuick.Controls.FluentWinUI3,qml,LIKELY_REQUIRED,PySide6 wheel tree SHA-256 match,,UNKNOWN
Release/External_Test/2026-07-30_audio-validation-fix/Qonic_Audio_v5.0_internal_test/_internal/PySide6/qml/QtQuick/Controls/FluentWinUI3/dark/images/textarea-background@3x.png,FC52E4EEA80062B28175E6DF1CEBB5ABE679E26035EFC515184074593309BED9,1557,qml:QtQuick.Controls.FluentWinUI3,qml,LIKELY_REQUIRED,PySide6 wheel tree SHA-256 match,,UNKNOWN
Release/External_Test/2026-07-30_audio-validation-fix/Qonic_Audio_v5.0_internal_test/_internal/PySide6/qml/QtQuick/Controls/FluentWinUI3/dark/images/textfield-background-disabled.png,39FEFDA5051A7A6CDD459301922B68F3CC2560ED60C0CE27784B47B4690EE460,362,qml:QtQuick.Controls.FluentWinUI3,qml,LIKELY_REQUIRED,PySide6 wheel tree SHA-256 match,,UNKNOWN
Release/External_Test/2026-07-30_audio-validation-fix/Qonic_Audio_v5.0_internal_test/_internal/PySide6/qml/QtQuick/Controls/FluentWinUI3/dark/images/textfield-background-disabled@2x.png,C472A73E976C896E28E7FD7E28079125884912A4CD0F0A4C41567BBD0D1B6A76,797,qml:QtQuick.Controls.FluentWinUI3,qml,LIKELY_REQUIRED,PySide6 wheel tree SHA-256 match,,UNKNOWN
Release/External_Test/2026-07-30_audio-validation-fix/Qonic_Audio_v5.0_internal_test/_internal/PySide6/qml/QtQuick/Controls/FluentWinUI3/dark/images/textfield-background-disabled@3x.png,150E11428005788869D9A319518CF07E26AECEB5FB8B2B12FC689492B0CAFE12,1215,qml:QtQuick.Controls.FluentWinUI3,qml,LIKELY_REQUIRED,PySide6 wheel tree SHA-256 match,,UNKNOWN
Release/External_Test/2026-07-30_audio-validation-fix/Qonic_Audio_v5.0_internal_test/_internal/PySide6/qml/QtQuick/Controls/FluentWinUI3/dark/images/textfield-background-focused.png,9AF8626B27D642A72C0AD4D8CDDEBDAF51E8DC001248E34E3EA7A0597681F957,310,qml:QtQuick.Controls.FluentWinUI3,qml,LIKELY_REQUIRED,PySide6 wheel tree SHA-256 match,,UNKNOWN
Release/External_Test/2026-07-30_audio-validation-fix/Qonic_Audio_v5.0_internal_test/_internal/PySide6/qml/QtQuick/Controls/FluentWinUI3/dark/images/textfield-background-focused@2x.png,8D5AE07F1518BE4234351DEF9EEFDB23056A8DBACEC3C470C96B4F459DBBFD77,728,qml:QtQuick.Controls.FluentWinUI3,qml,LIKELY_REQUIRED,PySide6 wheel tree SHA-256 match,,UNKNOWN
Release/External_Test/2026-07-30_audio-validation-fix/Qonic_Audio_v5.0_internal_test/_internal/PySide6/qml/QtQuick/Controls/FluentWinUI3/dark/images/textfield-background-focused@3x.png,6F721AB1B50194DC59EA7D519268883B2BF9F9AED8FF964A2DA42967F49CB2FB,1068,qml:QtQuick.Controls.FluentWinUI3,qml,LIKELY_REQUIRED,PySide6 wheel tree SHA-256 match,,UNKNOWN
Release/External_Test/2026-07-30_audio-validation-fix/Qonic_Audio_v5.0_internal_test/_internal/PySide6/qml/QtQuick/Controls/FluentWinUI3/dark/images/textfield-background-hovered.png,479AAB0620D876AB38D082F83426FC5F8F26DE96809707EBC3FEC679928CC93B,336,qml:QtQuick.Controls.FluentWinUI3,qml,LIKELY_REQUIRED,PySide6 wheel tree SHA-256 match,,UNKNOWN
Release/External_Test/2026-07-30_audio-validation-fix/Qonic_Audio_v5.0_internal_test/_internal/PySide6/qml/QtQuick/Controls/FluentWinUI3/dark/images/textfield-background-hovered@2x.png,7B1F64D0A2BA598F0A64638244700DD9F4DA67458690052143E5AF6FDC459225,771,qml:QtQuick.Controls.FluentWinUI3,qml,LIKELY_REQUIRED,PySide6 wheel tree SHA-256 match,,UNKNOWN
Release/External_Test/2026-07-30_audio-validation-fix/Qonic_Audio_v5.0_internal_test/_internal/PySide6/qml/QtQuick/Controls/FluentWinUI3/dark/images/textfield-background-hovered@3x.png,E56003BD62A87E1A0BB8225DEC491416820A5387375C461A3A0B32C9A8791FE7,1121,qml:QtQuick.Controls.FluentWinUI3,qml,LIKELY_REQUIRED,PySide6 wheel tree SHA-256 match,,UNKNOWN
Release/External_Test/2026-07-30_audio-validation-fix/Qonic_Audio_v5.0_internal_test/_internal/PySide6/qml/QtQuick/Controls/FluentWinUI3/dark/images/textfield-background.png,8264F71BC7227246A1079EBB26BBACE2F6136E5F7F0F086A56D1E8F5D0CDE868,348,qml:QtQuick.Controls.FluentWinUI3,qml,LIKELY_REQUIRED,PySide6 wheel tree SHA-256 match,,UNKNOWN
Release/External_Test/2026-07-30_audio-validation-fix/Qonic_Audio_v5.0_internal_test/_internal/PySide6/qml/QtQuick/Controls/FluentWinUI3/dark/images/textfield-background@2x.png,BA75E213B3504614DD1122A77B57A19F5865059BEE3C831017DD7ED877D88C77,793,qml:QtQuick.Controls.FluentWinUI3,qml,LIKELY_REQUIRED,PySide6 wheel tree SHA-256 match,,UNKNOWN
Release/External_Test/2026-07-30_audio-validation-fix/Qonic_Audio_v5.0_internal_test/_internal/PySide6/qml/QtQuick/Controls/FluentWinUI3/dark/images/textfield-background@3x.png,6D063789F1EA1B1726117967E6C5863A2798174C997554BA4617DCDB23F6A911,1191,qml:QtQuick.Controls.FluentWinUI3,qml,LIKELY_REQUIRED,PySide6 wheel tree SHA-256 match,,UNKNOWN
Release/External_Test/2026-07-30_audio-validation-fix/Qonic_Audio_v5.0_internal_test/_internal/PySide6/qml/QtQuick/Controls/FluentWinUI3/DelayButton.qml,9B487D3344145DD548A8D2E7E2AC6AB11A88B9BA3B2A95130DA36FE161DEE82C,4502,qml:QtQuick.Controls.FluentWinUI3,qml,LIKELY_REQUIRED,PySide6 wheel tree SHA-256 match,,UNKNOWN
Release/External_Test/2026-07-30_audio-validation-fix/Qonic_Audio_v5.0_internal_test/_internal/PySide6/qml/QtQuick/Controls/FluentWinUI3/Dialog.qml,18C8160C0B6E5F0CB3198F36D502863522CD21C3B476B4B3CCED2CB88811C221,3855,qml:QtQuick.Controls.FluentWinUI3,qml,LIKELY_REQUIRED,PySide6 wheel tree SHA-256 match,,UNKNOWN
Release/External_Test/2026-07-30_audio-validation-fix/Qonic_Audio_v5.0_internal_test/_internal/PySide6/qml/QtQuick/Controls/FluentWinUI3/DialogButtonBox.qml,46529A8584180DAAFA44BA3D1E591B852BFE80361965C7B9378B5A7123AFF6B8,2066,qml:QtQuick.Controls.FluentWinUI3,qml,LIKELY_REQUIRED,PySide6 wheel tree SHA-256 match,,UNKNOWN
Release/External_Test/2026-07-30_audio-validation-fix/Qonic_Audio_v5.0_internal_test/_internal/PySide6/qml/QtQuick/Controls/FluentWinUI3/DoubleSpinBox.qml,F944E460B64F69A97451FBA2327499C80F018B1E2A6EC762B73669BC47CFECE9,6554,qml:QtQuick.Controls.FluentWinUI3,qml,LIKELY_REQUIRED,PySide6 wheel tree SHA-256 match,,UNKNOWN
Release/External_Test/2026-07-30_audio-validation-fix/Qonic_Audio_v5.0_internal_test/_internal/PySide6/qml/QtQuick/Controls/FluentWinUI3/FocusFrame.qml,6817C554B438B9A6DB6FF22AD581CDB66BA417163C7C6A37DCDFDA6884B9FB66,2153,qml:QtQuick.Controls.FluentWinUI3,qml,LIKELY_REQUIRED,PySide6 wheel tree SHA-256 match,,UNKNOWN
Release/External_Test/2026-07-30_audio-validation-fix/Qonic_Audio_v5.0_internal_test/_internal/PySide6/qml/QtQuick/Controls/FluentWinUI3/Frame.qml,AAAA20B4D3EF4C076B65E7955F917166373B6428C43A7D6606D3C685CC9F2D0E,1824,qml:QtQuick.Controls.FluentWinUI3,qml,LIKELY_REQUIRED,PySide6 wheel tree SHA-256 match,,UNKNOWN
Release/External_Test/2026-07-30_audio-validation-fix/Qonic_Audio_v5.0_internal_test/_internal/PySide6/qml/QtQuick/Controls/FluentWinUI3/GroupBox.qml,802A1E6E670F125E6A79D1AE33670E484450A9C6C935C171E0C001520189D064,3117,qml:QtQuick.Controls.FluentWinUI3,qml,LIKELY_REQUIRED,PySide6 wheel tree SHA-256 match,,UNKNOWN
Release/External_Test/2026-07-30_audio-validation-fix/Qonic_Audio_v5.0_internal_test/_internal/PySide6/qml/QtQuick/Controls/FluentWinUI3/icons/checkmark.png,E5E41AC0591E82110A68F162118267E9A2CA218C1ECFE5C86E8A1EE3BDF4D98B,200,qml:QtQuick.Controls.FluentWinUI3,qml,LIKELY_REQUIRED,PySide6 wheel tree SHA-256 match,,UNKNOWN
Release/External_Test/2026-07-30_audio-validation-fix/Qonic_Audio_v5.0_internal_test/_internal/PySide6/qml/QtQuick/Controls/FluentWinUI3/icons/checkmark@2x.png,31D03A9AB468D6EDE3C730BEE83099C207202D3E5715735FEC452FC5A4BF336A,252,qml:QtQuick.Controls.FluentWinUI3,qml,LIKELY_REQUIRED,PySide6 wheel tree SHA-256 match,,UNKNOWN
Release/External_Test/2026-07-30_audio-validation-fix/Qonic_Audio_v5.0_internal_test/_internal/PySide6/qml/QtQuick/Controls/FluentWinUI3/icons/checkmark@3x.png,D8D024453EC3BA9A000ACD9BD1158CBF11CFA3F44F5B836C4D625EDD014039B5,321,qml:QtQuick.Controls.FluentWinUI3,qml,LIKELY_REQUIRED,PySide6 wheel tree SHA-256 match,,UNKNOWN
Release/External_Test/2026-07-30_audio-validation-fix/Qonic_Audio_v5.0_internal_test/_internal/PySide6/qml/QtQuick/Controls/FluentWinUI3/icons/close_big.png,96B68DD6446DAA031530256EE371E8B7112FA1010340A4FE7FFE49DBC36BB7D2,155,qml:QtQuick.Controls.FluentWinUI3,qml,LIKELY_REQUIRED,PySide6 wheel tree SHA-256 match,,UNKNOWN
Release/External_Test/2026-07-30_audio-validation-fix/Qonic_Audio_v5.0_internal_test/_internal/PySide6/qml/QtQuick/Controls/FluentWinUI3/icons/close_big@2x.png,A7545FBC86C984B6B41B80A3A8B01DD555E6A0FAC8410D1BF4878364D1AEB407,253,qml:QtQuick.Controls.FluentWinUI3,qml,LIKELY_REQUIRED,PySide6 wheel tree SHA-256 match,,UNKNOWN
Release/External_Test/2026-07-30_audio-validation-fix/Qonic_Audio_v5.0_internal_test/_internal/PySide6/qml/QtQuick/Controls/FluentWinUI3/icons/close_big@3x.png,560923C8497648D1B6BD8DC378E1456DF3B371E8C28D6E078041BE414CD888AB,341,qml:QtQuick.Controls.FluentWinUI3,qml,LIKELY_REQUIRED,PySide6 wheel tree SHA-256 match,,UNKNOWN
Release/External_Test/2026-07-30_audio-validation-fix/Qonic_Audio_v5.0_internal_test/_internal/PySide6/qml/QtQuick/Controls/FluentWinUI3/icons/menuarrow.png,68C6EE2C698CAAA9EF1E35CEFC862148FC3FE69938B5A04917FD91AE6DFF1B09,165,qml:QtQuick.Controls.FluentWinUI3,qml,LIKELY_REQUIRED,PySide6 wheel tree SHA-256 match,,UNKNOWN
Release/External_Test/2026-07-30_audio-validation-fix/Qonic_Audio_v5.0_internal_test/_internal/PySide6/qml/QtQuick/Controls/FluentWinUI3/icons/menuarrow@2x.png,35AA2B3E9967C09AA9B94992CF90D0D3FE0A4523845FEDE44A74095256D3004C,185,qml:QtQuick.Controls.FluentWinUI3,qml,LIKELY_REQUIRED,PySide6 wheel tree SHA-256 match,,UNKNOWN
Release/External_Test/2026-07-30_audio-validation-fix/Qonic_Audio_v5.0_internal_test/_internal/PySide6/qml/QtQuick/Controls/FluentWinUI3/icons/menuarrow@3x.png,25EBF2BE72C30407F571C0F261114B63427F9573750453D8BDC9427538FD46F3,205,qml:QtQuick.Controls.FluentWinUI3,qml,LIKELY_REQUIRED,PySide6 wheel tree SHA-256 match,,UNKNOWN
Release/External_Test/2026-07-30_audio-validation-fix/Qonic_Audio_v5.0_internal_test/_internal/PySide6/qml/QtQuick/Controls/FluentWinUI3/icons/search-magnifier.png,CCDBA6AAE14C19310455A35B91CEF39ED9DB95F3D96D5184FD9438A5B35E1B13,279,qml:QtQuick.Controls.FluentWinUI3,qml,LIKELY_REQUIRED,PySide6 wheel tree SHA-256 match,,UNKNOWN
Release/External_Test/2026-07-30_audio-validation-fix/Qonic_Audio_v5.0_internal_test/_internal/PySide6/qml/QtQuick/Controls/FluentWinUI3/icons/search-magnifier@2x.png,137D8611928CCFD221F91AD9EAF79F6370DA84B34752FD2C516226D82330C67E,419,qml:QtQuick.Controls.FluentWinUI3,qml,LIKELY_REQUIRED,PySide6 wheel tree SHA-256 match,,UNKNOWN
Release/External_Test/2026-07-30_audio-validation-fix/Qonic_Audio_v5.0_internal_test/_internal/PySide6/qml/QtQuick/Controls/FluentWinUI3/icons/search-magnifier@3x.png,CD8C4FB35D5625044BA89DB73A01A9B3F62CF074DA0563B85C282C55ACBC143A,604,qml:QtQuick.Controls.FluentWinUI3,qml,LIKELY_REQUIRED,PySide6 wheel tree SHA-256 match,,UNKNOWN
Release/External_Test/2026-07-30_audio-validation-fix/Qonic_Audio_v5.0_internal_test/_internal/PySide6/qml/QtQuick/Controls/FluentWinUI3/impl/ButtonBackground.qml,4F959F943D0FFC0C6A3B04AE200611320F9A3B1EC8890B7E43B0A01ACD3A8E3F,5234,qml:QtQuick.Controls.FluentWinUI3,qml,LIKELY_REQUIRED,PySide6 wheel tree SHA-256 match,,UNKNOWN
Release/External_Test/2026-07-30_audio-validation-fix/Qonic_Audio_v5.0_internal_test/_internal/PySide6/qml/QtQuick/Controls/FluentWinUI3/impl/CheckIndicator.qml,7F0D789A3B27B2D580249688F1A1A0219005F75AB1FA37AFA3FA7A8D1347BC0D,4074,qml:QtQuick.Controls.FluentWinUI3,qml,LIKELY_REQUIRED,PySide6 wheel tree SHA-256 match,,UNKNOWN
Release/External_Test/2026-07-30_audio-validation-fix/Qonic_Audio_v5.0_internal_test/_internal/PySide6/qml/QtQuick/Controls/FluentWinUI3/impl/CopyAction.qml,4B699DF0DDC30F40EEE5E8B7524B9BDDD5AB6FCB564C89EF1640BFBAEA3BCF20,287,qml:QtQuick.Controls.FluentWinUI3,qml,LIKELY_REQUIRED,PySide6 wheel tree SHA-256 match,,UNKNOWN
Release/External_Test/2026-07-30_audio-validation-fix/Qonic_Audio_v5.0_internal_test/_internal/PySide6/qml/QtQuick/Controls/FluentWinUI3/impl/CutAction.qml,D3ADF1064F3DE6EEA1B87932A87127C65AEA8361AF560E114E84FEE16C8742A1,286,qml:QtQuick.Controls.FluentWinUI3,qml,LIKELY_REQUIRED,PySide6 wheel tree SHA-256 match,,UNKNOWN
Release/External_Test/2026-07-30_audio-validation-fix/Qonic_Audio_v5.0_internal_test/_internal/PySide6/qml/QtQuick/Controls/FluentWinUI3/impl/DeleteAction.qml,2D891E192CE77BEAF98E65EAC56567F9CABBE169391B896921B64896F5056293,289,qml:QtQuick.Controls.FluentWinUI3,qml,LIKELY_REQUIRED,PySide6 wheel tree SHA-256 match,,UNKNOWN
Release/External_Test/2026-07-30_audio-validation-fix/Qonic_Audio_v5.0_internal_test/_internal/PySide6/qml/QtQuick/Controls/FluentWinUI3/impl/FocusFrame.qml,4E142E67850C971674C4F9274FEF1E311A92039D359332E934BB08ABFA2039E2,1817,qml:QtQuick.Controls.FluentWinUI3,qml,LIKELY_REQUIRED,PySide6 wheel tree SHA-256 match,,UNKNOWN
Release/External_Test/2026-07-30_audio-validation-fix/Qonic_Audio_v5.0_internal_test/_internal/PySide6/qml/QtQuick/Controls/FluentWinUI3/impl/PasteAction.qml,5C02A16C043E94495E7C120B67C0864C90B7258BFCBCDD1621A20A1BD8A187E0,288,qml:QtQuick.Controls.FluentWinUI3,qml,LIKELY_REQUIRED,PySide6 wheel tree SHA-256 match,,UNKNOWN
Release/External_Test/2026-07-30_audio-validation-fix/Qonic_Audio_v5.0_internal_test/_internal/PySide6/qml/QtQuick/Controls/FluentWinUI3/impl/plugins.qmltypes,70173E69E1C0C6E7BA6671756FCDCAFE6A03D63208EC61F849CD4ED5F388E644,979,qml:QtQuick.Controls.FluentWinUI3,qml,LIKELY_REQUIRED,PySide6 wheel tree SHA-256 match,,UNKNOWN
Release/External_Test/2026-07-30_audio-validation-fix/Qonic_Audio_v5.0_internal_test/_internal/PySide6/qml/QtQuick/Controls/FluentWinUI3/impl/qmldir,FBBBC524DBEBC7DC92154479F4AF9E96ECABB56C3B00A814A50B6BF7F7004B4D,1082,qml:QtQuick.Controls.FluentWinUI3,qml,LIKELY_REQUIRED,PySide6 wheel tree SHA-256 match,,UNKNOWN
Release/External_Test/2026-07-30_audio-validation-fix/Qonic_Audio_v5.0_internal_test/_internal/PySide6/qml/QtQuick/Controls/FluentWinUI3/impl/qtquickcontrols2fluentwinui3styleimplplugin.dll,ED19A32FAC250181064D2A46C913FADBEE955874E998EE30492C67C0C05A69A0,30520,qml:QtQuick.Controls.FluentWinUI3,qml,LIKELY_REQUIRED,PySide6 wheel tree SHA-256 match,,UNKNOWN
Release/External_Test/2026-07-30_audio-validation-fix/Qonic_Audio_v5.0_internal_test/_internal/PySide6/qml/QtQuick/Controls/FluentWinUI3/impl/RadioIndicator.qml,9D9E63C85CA0401914D02FF00B7D04CC9875D063EB80F6CD9A7662B10364434E,3294,qml:QtQuick.Controls.FluentWinUI3,qml,LIKELY_REQUIRED,PySide6 wheel tree SHA-256 match,,UNKNOWN
Release/External_Test/2026-07-30_audio-validation-fix/Qonic_Audio_v5.0_internal_test/_internal/PySide6/qml/QtQuick/Controls/FluentWinUI3/impl/RedoAction.qml,D75DF93AD2045D962F424F8FD34D1F6B78867BB3EBA785DBFDDE3AE44EF23966,238,qml:QtQuick.Controls.FluentWinUI3,qml,LIKELY_REQUIRED,PySide6 wheel tree SHA-256 match,,UNKNOWN
Release/External_Test/2026-07-30_audio-validation-fix/Qonic_Audio_v5.0_internal_test/_internal/PySide6/qml/QtQuick/Controls/FluentWinUI3/impl/SelectAllAction.qml,0011724117B9D18FB43CF7B2531B4C42F211162ED949C4EDA3131B2B6D926449,292,qml:QtQuick.Controls.FluentWinUI3,qml,LIKELY_REQUIRED,PySide6 wheel tree SHA-256 match,,UNKNOWN
Release/External_Test/2026-07-30_audio-validation-fix/Qonic_Audio_v5.0_internal_test/_internal/PySide6/qml/QtQuick/Controls/FluentWinUI3/impl/StyleImage.qml,456006AB0ADCC9BB32DCD745D41BC70F57E98DECD6845F6198D91759F74EDB79,2769,qml:QtQuick.Controls.FluentWinUI3,qml,LIKELY_REQUIRED,PySide6 wheel tree SHA-256 match,,UNKNOWN
Release/External_Test/2026-07-30_audio-validation-fix/Qonic_Audio_v5.0_internal_test/_internal/PySide6/qml/QtQuick/Controls/FluentWinUI3/impl/SwitchIndicator.qml,4E3226F7819894721B74368CE17490B16FCF570BB811904369EC00F3A0B2EFF3,5020,qml:QtQuick.Controls.FluentWinUI3,qml,LIKELY_REQUIRED,PySide6 wheel tree SHA-256 match,,UNKNOWN
Release/External_Test/2026-07-30_audio-validation-fix/Qonic_Audio_v5.0_internal_test/_internal/PySide6/qml/QtQuick/Controls/FluentWinUI3/impl/TextEditingContextMenu.qml,DCD36BC4BC1005E28DC7B592802F5E5C3D7D326B386E8B72DF05827FFCCF6B0E,1017,qml:QtQuick.Controls.FluentWinUI3,qml,LIKELY_REQUIRED,PySide6 wheel tree SHA-256 match,,UNKNOWN
Release/External_Test/2026-07-30_audio-validation-fix/Qonic_Audio_v5.0_internal_test/_internal/PySide6/qml/QtQuick/Controls/FluentWinUI3/impl/UndoAction.qml,4CFE6D916150980AA6EF7AD78B80584D8FEEF6680750449BF285F262059575B6,238,qml:QtQuick.Controls.FluentWinUI3,qml,LIKELY_REQUIRED,PySide6 wheel tree SHA-256 match,,UNKNOWN
Release/External_Test/2026-07-30_audio-validation-fix/Qonic_Audio_v5.0_internal_test/_internal/PySide6/qml/QtQuick/Controls/FluentWinUI3/ItemDelegate.qml,92D5E944FFE02D870D5AE4801A564DF699324D5B0E13D67DD21ED3AFE5D6FBB1,4493,qml:QtQuick.Controls.FluentWinUI3,qml,LIKELY_REQUIRED,PySide6 wheel tree SHA-256 match,,UNKNOWN
Release/External_Test/2026-07-30_audio-validation-fix/Qonic_Audio_v5.0_internal_test/_internal/PySide6/qml/QtQuick/Controls/FluentWinUI3/light/images/checkbox-indicator-checked-disabled.png,76DC51EAADA310473359B6553B891CCFE694C7B3A52833C0893F025642ED950C,170,qml:QtQuick.Controls.FluentWinUI3,qml,LIKELY_REQUIRED,PySide6 wheel tree SHA-256 match,,UNKNOWN
Release/External_Test/2026-07-30_audio-validation-fix/Qonic_Audio_v5.0_internal_test/_internal/PySide6/qml/QtQuick/Controls/FluentWinUI3/light/images/checkbox-indicator-checked-disabled@2x.png,3368B5B45EC0411FA6F7A389875CB0FFE801FA203A28B0D9662F86456E97D862,242,qml:QtQuick.Controls.FluentWinUI3,qml,LIKELY_REQUIRED,PySide6 wheel tree SHA-256 match,,UNKNOWN
Release/External_Test/2026-07-30_audio-validation-fix/Qonic_Audio_v5.0_internal_test/_internal/PySide6/qml/QtQuick/Controls/FluentWinUI3/light/images/checkbox-indicator-checked-disabled@3x.png,3B66652C32568F0525409AC577BF5F8B10942EB2BC3803572D66E1C8D408777E,298,qml:QtQuick.Controls.FluentWinUI3,qml,LIKELY_REQUIRED,PySide6 wheel tree SHA-256 match,,UNKNOWN
Release/External_Test/2026-07-30_audio-validation-fix/Qonic_Audio_v5.0_internal_test/_internal/PySide6/qml/QtQuick/Controls/FluentWinUI3/light/images/checkbox-indicator-checked-hovered.png,BE419C1E3D88BD452FD4FD561F8A40A6DBAA8FDCAEA4176BAB96BA734EC1B846,184,qml:QtQuick.Controls.FluentWinUI3,qml,LIKELY_REQUIRED,PySide6 wheel tree SHA-256 match,,UNKNOWN
Release/External_Test/2026-07-30_audio-validation-fix/Qonic_Audio_v5.0_internal_test/_internal/PySide6/qml/QtQuick/Controls/FluentWinUI3/light/images/checkbox-indicator-checked-hovered@2x.png,C590EEFD01A9805E88A37649B9E42027C8F3A5F59952F4AF3A4848575B3CE733,263,qml:QtQuick.Controls.FluentWinUI3,qml,LIKELY_REQUIRED,PySide6 wheel tree SHA-256 match,,UNKNOWN
Release/External_Test/2026-07-30_audio-validation-fix/Qonic_Audio_v5.0_internal_test/_internal/PySide6/qml/QtQuick/Controls/FluentWinUI3/light/images/checkbox-indicator-checked-hovered@3x.png,29B25D330488E7D608F80E7A8EF863660F370F0611521692228F4D9AAB3418A2,339,qml:QtQuick.Controls.FluentWinUI3,qml,LIKELY_REQUIRED,PySide6 wheel tree SHA-256 match,,UNKNOWN
Release/External_Test/2026-07-30_audio-validation-fix/Qonic_Audio_v5.0_internal_test/_internal/PySide6/qml/QtQuick/Controls/FluentWinUI3/light/images/checkbox-indicator-checked-pressed.png,5929A4185E7CF44247569672F04367356CB69D84DC2A9606A107BD74DC2EAEA1,183,qml:QtQuick.Controls.FluentWinUI3,qml,LIKELY_REQUIRED,PySide6 wheel tree SHA-256 match,,UNKNOWN
Release/External_Test/2026-07-30_audio-validation-fix/Qonic_Audio_v5.0_internal_test/_internal/PySide6/qml/QtQuick/Controls/FluentWinUI3/light/images/checkbox-indicator-checked-pressed@2x.png,94978B1E2D418252B94FC4054B5044C17DF9C1AE24BB6E6CB475FEB05C54FEDE,294,qml:QtQuick.Controls.FluentWinUI3,qml,LIKELY_REQUIRED,PySide6 wheel tree SHA-256 match,,UNKNOWN
Release/External_Test/2026-07-30_audio-validation-fix/Qonic_Audio_v5.0_internal_test/_internal/PySide6/qml/QtQuick/Controls/FluentWinUI3/light/images/checkbox-indicator-checked-pressed@3x.png,A22C1482A23C23C1BCD0C6A359AD8D287523ABBBE9C7CC6099B33D763EE96A20,341,qml:QtQuick.Controls.FluentWinUI3,qml,LIKELY_REQUIRED,PySide6 wheel tree SHA-256 match,,UNKNOWN
Release/External_Test/2026-07-30_audio-validation-fix/Qonic_Audio_v5.0_internal_test/_internal/PySide6/qml/QtQuick/Controls/FluentWinUI3/light/images/checkbox-indicator-checked.png,D6EF1D0ED4BC3F59CBF6084D7913578C3F61A5DCC7DCD5A6A6E7A311369069D0,178,qml:QtQuick.Controls.FluentWinUI3,qml,LIKELY_REQUIRED,PySide6 wheel tree SHA-256 match,,UNKNOWN
Release/External_Test/2026-07-30_audio-validation-fix/Qonic_Audio_v5.0_internal_test/_internal/PySide6/qml/QtQuick/Controls/FluentWinUI3/light/images/checkbox-indicator-checked@2x.png,0A2E37AC4F5F09B4A2334CAC01B1BA220F6FD08CCFDCA6ED0A1DF5A7E3403B3C,258,qml:QtQuick.Controls.FluentWinUI3,qml,LIKELY_REQUIRED,PySide6 wheel tree SHA-256 match,,UNKNOWN
Release/External_Test/2026-07-30_audio-validation-fix/Qonic_Audio_v5.0_internal_test/_internal/PySide6/qml/QtQuick/Controls/FluentWinUI3/light/images/checkbox-indicator-checked@3x.png,DACB595490C4746D89D746CA5ED3692DC7635BFBD6CFB9F1A09BD77EEC6DE784,308,qml:QtQuick.Controls.FluentWinUI3,qml,LIKELY_REQUIRED,PySide6 wheel tree SHA-256 match,,UNKNOWN
Release/External_Test/2026-07-30_audio-validation-fix/Qonic_Audio_v5.0_internal_test/_internal/PySide6/qml/QtQuick/Controls/FluentWinUI3/light/images/checkbox-indicator-disabled-partiallyChecked.png,76DC51EAADA310473359B6553B891CCFE694C7B3A52833C0893F025642ED950C,170,qml:QtQuick.Controls.FluentWinUI3,qml,LIKELY_REQUIRED,PySide6 wheel tree SHA-256 match,,UNKNOWN
Release/External_Test/2026-07-30_audio-validation-fix/Qonic_Audio_v5.0_internal_test/_internal/PySide6/qml/QtQuick/Controls/FluentWinUI3/light/images/checkbox-indicator-disabled-partiallyChecked@2x.png,3368B5B45EC0411FA6F7A389875CB0FFE801FA203A28B0D9662F86456E97D862,242,qml:QtQuick.Controls.FluentWinUI3,qml,LIKELY_REQUIRED,PySide6 wheel tree SHA-256 match,,UNKNOWN
Release/External_Test/2026-07-30_audio-validation-fix/Qonic_Audio_v5.0_internal_test/_internal/PySide6/qml/QtQuick/Controls/FluentWinUI3/light/images/checkbox-indicator-disabled-partiallyChecked@3x.png,3B66652C32568F0525409AC577BF5F8B10942EB2BC3803572D66E1C8D408777E,298,qml:QtQuick.Controls.FluentWinUI3,qml,LIKELY_REQUIRED,PySide6 wheel tree SHA-256 match,,UNKNOWN
Release/External_Test/2026-07-30_audio-validation-fix/Qonic_Audio_v5.0_internal_test/_internal/PySide6/qml/QtQuick/Controls/FluentWinUI3/light/images/checkbox-indicator-disabled.png,7F26F4CE670572C8797A150DEEAE453734B5B7EDBA5FE088FB341191597663AD,201,qml:QtQuick.Controls.FluentWinUI3,qml,LIKELY_REQUIRED,PySide6 wheel tree SHA-256 match,,UNKNOWN
Release/External_Test/2026-07-30_audio-validation-fix/Qonic_Audio_v5.0_internal_test/_internal/PySide6/qml/QtQuick/Controls/FluentWinUI3/light/images/checkbox-indicator-disabled@2x.png,E44DE3ECDF92347B90924BC2C4FDC7C271514B1E109AF4F7CEF6FF9C058A8FDF,295,qml:QtQuick.Controls.FluentWinUI3,qml,LIKELY_REQUIRED,PySide6 wheel tree SHA-256 match,,UNKNOWN
Release/External_Test/2026-07-30_audio-validation-fix/Qonic_Audio_v5.0_internal_test/_internal/PySide6/qml/QtQuick/Controls/FluentWinUI3/light/images/checkbox-indicator-disabled@3x.png,1CFD56886466660905501F8CA48B8B4FE6C6451965A597F1BFA37EDD7078E458,395,qml:QtQuick.Controls.FluentWinUI3,qml,LIKELY_REQUIRED,PySide6 wheel tree SHA-256 match,,UNKNOWN
Release/External_Test/2026-07-30_audio-validation-fix/Qonic_Audio_v5.0_internal_test/_internal/PySide6/qml/QtQuick/Controls/FluentWinUI3/light/images/checkbox-indicator-hovered-partiallyChecked.png,BE419C1E3D88BD452FD4FD561F8A40A6DBAA8FDCAEA4176BAB96BA734EC1B846,184,qml:QtQuick.Controls.FluentWinUI3,qml,LIKELY_REQUIRED,PySide6 wheel tree SHA-256 match,,UNKNOWN
Release/External_Test/2026-07-30_audio-validation-fix/Qonic_Audio_v5.0_internal_test/_internal/PySide6/qml/QtQuick/Controls/FluentWinUI3/light/images/checkbox-indicator-hovered-partiallyChecked@2x.png,C590EEFD01A9805E88A37649B9E42027C8F3A5F59952F4AF3A4848575B3CE733,263,qml:QtQuick.Controls.FluentWinUI3,qml,LIKELY_REQUIRED,PySide6 wheel tree SHA-256 match,,UNKNOWN
Release/External_Test/2026-07-30_audio-validation-fix/Qonic_Audio_v5.0_internal_test/_internal/PySide6/qml/QtQuick/Controls/FluentWinUI3/light/images/checkbox-indicator-hovered-partiallyChecked@3x.png,29B25D330488E7D608F80E7A8EF863660F370F0611521692228F4D9AAB3418A2,339,qml:QtQuick.Controls.FluentWinUI3,qml,LIKELY_REQUIRED,PySide6 wheel tree SHA-256 match,,UNKNOWN
Release/External_Test/2026-07-30_audio-validation-fix/Qonic_Audio_v5.0_internal_test/_internal/PySide6/qml/QtQuick/Controls/FluentWinUI3/light/images/checkbox-indicator-hovered.png,4C63F91A7DE41A7D194C2870A14D034D7903070203BFC5A47512AFBC81AE089E,209,qml:QtQuick.Controls.FluentWinUI3,qml,LIKELY_REQUIRED,PySide6 wheel tree SHA-256 match,,UNKNOWN
Release/External_Test/2026-07-30_audio-validation-fix/Qonic_Audio_v5.0_internal_test/_internal/PySide6/qml/QtQuick/Controls/FluentWinUI3/light/images/checkbox-indicator-hovered@2x.png,CA938CAC9FABE55C1AFB4A8F1281AA9F0F43BD3E04650821F2ABA1E69AD655EA,310,qml:QtQuick.Controls.FluentWinUI3,qml,LIKELY_REQUIRED,PySide6 wheel tree SHA-256 match,,UNKNOWN
Release/External_Test/2026-07-30_audio-validation-fix/Qonic_Audio_v5.0_internal_test/_internal/PySide6/qml/QtQuick/Controls/FluentWinUI3/light/images/checkbox-indicator-hovered@3x.png,3890C6B97052B66D6140191CC0E0B17457B5C6C0911F3C17533EF93FDABC8852,430,qml:QtQuick.Controls.FluentWinUI3,qml,LIKELY_REQUIRED,PySide6 wheel tree SHA-256 match,,UNKNOWN
Release/External_Test/2026-07-30_audio-validation-fix/Qonic_Audio_v5.0_internal_test/_internal/PySide6/qml/QtQuick/Controls/FluentWinUI3/light/images/checkbox-indicator-partiallyChecked-pressed.png,5929A4185E7CF44247569672F04367356CB69D84DC2A9606A107BD74DC2EAEA1,183,qml:QtQuick.Controls.FluentWinUI3,qml,LIKELY_REQUIRED,PySide6 wheel tree SHA-256 match,,UNKNOWN
Release/External_Test/2026-07-30_audio-validation-fix/Qonic_Audio_v5.0_internal_test/_internal/PySide6/qml/QtQuick/Controls/FluentWinUI3/light/images/checkbox-indicator-partiallyChecked-pressed@2x.png,94978B1E2D418252B94FC4054B5044C17DF9C1AE24BB6E6CB475FEB05C54FEDE,294,qml:QtQuick.Controls.FluentWinUI3,qml,LIKELY_REQUIRED,PySide6 wheel tree SHA-256 match,,UNKNOWN
Release/External_Test/2026-07-30_audio-validation-fix/Qonic_Audio_v5.0_internal_test/_internal/PySide6/qml/QtQuick/Controls/FluentWinUI3/light/images/checkbox-indicator-partiallyChecked-pressed@3x.png,A22C1482A23C23C1BCD0C6A359AD8D287523ABBBE9C7CC6099B33D763EE96A20,341,qml:QtQuick.Controls.FluentWinUI3,qml,LIKELY_REQUIRED,PySide6 wheel tree SHA-256 match,,UNKNOWN
Release/External_Test/2026-07-30_audio-validation-fix/Qonic_Audio_v5.0_internal_test/_internal/PySide6/qml/QtQuick/Controls/FluentWinUI3/light/images/checkbox-indicator-partiallyChecked.png,D6EF1D0ED4BC3F59CBF6084D7913578C3F61A5DCC7DCD5A6A6E7A311369069D0,178,qml:QtQuick.Controls.FluentWinUI3,qml,LIKELY_REQUIRED,PySide6 wheel tree SHA-256 match,,UNKNOWN
Release/External_Test/2026-07-30_audio-validation-fix/Qonic_Audio_v5.0_internal_test/_internal/PySide6/qml/QtQuick/Controls/FluentWinUI3/light/images/checkbox-indicator-partiallyChecked@2x.png,0A2E37AC4F5F09B4A2334CAC01B1BA220F6FD08CCFDCA6ED0A1DF5A7E3403B3C,258,qml:QtQuick.Controls.FluentWinUI3,qml,LIKELY_REQUIRED,PySide6 wheel tree SHA-256 match,,UNKNOWN
Release/External_Test/2026-07-30_audio-validation-fix/Qonic_Audio_v5.0_internal_test/_internal/PySide6/qml/QtQuick/Controls/FluentWinUI3/light/images/checkbox-indicator-partiallyChecked@3x.png,DACB595490C4746D89D746CA5ED3692DC7635BFBD6CFB9F1A09BD77EEC6DE784,308,qml:QtQuick.Controls.FluentWinUI3,qml,LIKELY_REQUIRED,PySide6 wheel tree SHA-256 match,,UNKNOWN
Release/External_Test/2026-07-30_audio-validation-fix/Qonic_Audio_v5.0_internal_test/_internal/PySide6/qml/QtQuick/Controls/FluentWinUI3/light/images/checkbox-indicator-pressed.png,4BA04607A0AD6801E00D211C276FD2246D88CC696D4E1D7E5482190A59ED9A57,205,qml:QtQuick.Controls.FluentWinUI3,qml,LIKELY_REQUIRED,PySide6 wheel tree SHA-256 match,,UNKNOWN
Release/External_Test/2026-07-30_audio-validation-fix/Qonic_Audio_v5.0_internal_test/_internal/PySide6/qml/QtQuick/Controls/FluentWinUI3/light/images/checkbox-indicator-pressed@2x.png,95A0E35E6703BE302C6112B114BA0715CCD1E8F5C62133C7E5CB5CC7E56AAA84,323,qml:QtQuick.Controls.FluentWinUI3,qml,LIKELY_REQUIRED,PySide6 wheel tree SHA-256 match,,UNKNOWN
Release/External_Test/2026-07-30_audio-validation-fix/Qonic_Audio_v5.0_internal_test/_internal/PySide6/qml/QtQuick/Controls/FluentWinUI3/light/images/checkbox-indicator-pressed@3x.png,29CFA5A7A2F21598F6941421BAED6C24CD8E160D7F8AA434A876CA58EF8E978C,423,qml:QtQuick.Controls.FluentWinUI3,qml,LIKELY_REQUIRED,PySide6 wheel tree SHA-256 match,,UNKNOWN
Release/External_Test/2026-07-30_audio-validation-fix/Qonic_Audio_v5.0_internal_test/_internal/PySide6/qml/QtQuick/Controls/FluentWinUI3/light/images/checkbox-indicator.png,6291D3314C78ED4E29246F34EFD869D81CC301A0AF95E7677D84ECA65EDC9DCA,205,qml:QtQuick.Controls.FluentWinUI3,qml,LIKELY_REQUIRED,PySide6 wheel tree SHA-256 match,,UNKNOWN
Release/External_Test/2026-07-30_audio-validation-fix/Qonic_Audio_v5.0_internal_test/_internal/PySide6/qml/QtQuick/Controls/FluentWinUI3/light/images/checkbox-indicator@2x.png,C211944280334044D50018E48C302218357562C81E32B3A9379F81926910B0E5,325,qml:QtQuick.Controls.FluentWinUI3,qml,LIKELY_REQUIRED,PySide6 wheel tree SHA-256 match,,UNKNOWN
Release/External_Test/2026-07-30_audio-validation-fix/Qonic_Audio_v5.0_internal_test/_internal/PySide6/qml/QtQuick/Controls/FluentWinUI3/light/images/checkbox-indicator@3x.png,E8EB8C6671BDBEB3F01ED42778E95CA1AF8E16B4B578EB51F1C8ED1D49D9BD9F,448,qml:QtQuick.Controls.FluentWinUI3,qml,LIKELY_REQUIRED,PySide6 wheel tree SHA-256 match,,UNKNOWN
Release/External_Test/2026-07-30_audio-validation-fix/Qonic_Audio_v5.0_internal_test/_internal/PySide6/qml/QtQuick/Controls/FluentWinUI3/light/images/combobox-background-disabled.png,5CE6134336919F7288D5F5312772890AC680E324D47E6552F523CC71C25A5336,226,qml:QtQuick.Controls.FluentWinUI3,qml,LIKELY_REQUIRED,PySide6 wheel tree SHA-256 match,,UNKNOWN
Release/External_Test/2026-07-30_audio-validation-fix/Qonic_Audio_v5.0_internal_test/_internal/PySide6/qml/QtQuick/Controls/FluentWinUI3/light/images/combobox-background-disabled@2x.png,827BD8DEB24F977506B8ACF20C482E1F448E8504E8DE29AB784A3F2933F0DC69,417,qml:QtQuick.Controls.FluentWinUI3,qml,LIKELY_REQUIRED,PySide6 wheel tree SHA-256 match,,UNKNOWN
Release/External_Test/2026-07-30_audio-validation-fix/Qonic_Audio_v5.0_internal_test/_internal/PySide6/qml/QtQuick/Controls/FluentWinUI3/light/images/combobox-background-disabled@3x.png,7437B32E1EDF24AB5701933DB00909C7D7DB4B6870290BBC7E4735A4FC7981B8,628,qml:QtQuick.Controls.FluentWinUI3,qml,LIKELY_REQUIRED,PySide6 wheel tree SHA-256 match,,UNKNOWN
Release/External_Test/2026-07-30_audio-validation-fix/Qonic_Audio_v5.0_internal_test/_internal/PySide6/qml/QtQuick/Controls/FluentWinUI3/light/images/combobox-background-focused.png,FF909958AF7CEF5FA56E5B70F4FCFDC939646EB97DF3DDB71DCECAE692C75ABF,450,qml:QtQuick.Controls.FluentWinUI3,qml,LIKELY_REQUIRED,PySide6 wheel tree SHA-256 match,,UNKNOWN
Release/External_Test/2026-07-30_audio-validation-fix/Qonic_Audio_v5.0_internal_test/_internal/PySide6/qml/QtQuick/Controls/FluentWinUI3/light/images/combobox-background-focused@2x.png,9F94E7C42C285B0607E3E41C8A523F11E00A3B675BD2A9D93C7C12E476A91587,1004,qml:QtQuick.Controls.FluentWinUI3,qml,LIKELY_REQUIRED,PySide6 wheel tree SHA-256 match,,UNKNOWN
Release/External_Test/2026-07-30_audio-validation-fix/Qonic_Audio_v5.0_internal_test/_internal/PySide6/qml/QtQuick/Controls/FluentWinUI3/light/images/combobox-background-focused@3x.png,E2AF8372551F3AF475AB36589EE502BBD520425F5A8AC6A55762AB1A9F4650EE,1677,qml:QtQuick.Controls.FluentWinUI3,qml,LIKELY_REQUIRED,PySide6 wheel tree SHA-256 match,,UNKNOWN
Release/External_Test/2026-07-30_audio-validation-fix/Qonic_Audio_v5.0_internal_test/_internal/PySide6/qml/QtQuick/Controls/FluentWinUI3/light/images/combobox-background-hovered-open.png,C9D9C2E4BBEF0DBA6204B6BBD715237E4869A78B8D13C9549CD01299F3012288,432,qml:QtQuick.Controls.FluentWinUI3,qml,LIKELY_REQUIRED,PySide6 wheel tree SHA-256 match,,UNKNOWN
Release/External_Test/2026-07-30_audio-validation-fix/Qonic_Audio_v5.0_internal_test/_internal/PySide6/qml/QtQuick/Controls/FluentWinUI3/light/images/combobox-background-hovered-open@2x.png,B3F74F76D035B8EF763F490C9BBBB40467DB90335BF3E9579AFECD0E727464CC,1017,qml:QtQuick.Controls.FluentWinUI3,qml,LIKELY_REQUIRED,PySide6 wheel tree SHA-256 match,,UNKNOWN
Release/External_Test/2026-07-30_audio-validation-fix/Qonic_Audio_v5.0_internal_test/_internal/PySide6/qml/QtQuick/Controls/FluentWinUI3/light/images/combobox-background-hovered-open@3x.png,C6C0B17108BD2274C63EC648E8E333DFF9789479469D35070434868ADB2D1046,1669,qml:QtQuick.Controls.FluentWinUI3,qml,LIKELY_REQUIRED,PySide6 wheel tree SHA-256 match,,UNKNOWN
Release/External_Test/2026-07-30_audio-validation-fix/Qonic_Audio_v5.0_internal_test/_internal/PySide6/qml/QtQuick/Controls/FluentWinUI3/light/images/combobox-background-hovered.png,C9D9C2E4BBEF0DBA6204B6BBD715237E4869A78B8D13C9549CD01299F3012288,432,qml:QtQuick.Controls.FluentWinUI3,qml,LIKELY_REQUIRED,PySide6 wheel tree SHA-256 match,,UNKNOWN
Release/External_Test/2026-07-30_audio-validation-fix/Qonic_Audio_v5.0_internal_test/_internal/PySide6/qml/QtQuick/Controls/FluentWinUI3/light/images/combobox-background-hovered@2x.png,B3F74F76D035B8EF763F490C9BBBB40467DB90335BF3E9579AFECD0E727464CC,1017,qml:QtQuick.Controls.FluentWinUI3,qml,LIKELY_REQUIRED,PySide6 wheel tree SHA-256 match,,UNKNOWN
Release/External_Test/2026-07-30_audio-validation-fix/Qonic_Audio_v5.0_internal_test/_internal/PySide6/qml/QtQuick/Controls/FluentWinUI3/light/images/combobox-background-hovered@3x.png,C6C0B17108BD2274C63EC648E8E333DFF9789479469D35070434868ADB2D1046,1669,qml:QtQuick.Controls.FluentWinUI3,qml,LIKELY_REQUIRED,PySide6 wheel tree SHA-256 match,,UNKNOWN
Release/External_Test/2026-07-30_audio-validation-fix/Qonic_Audio_v5.0_internal_test/_internal/PySide6/qml/QtQuick/Controls/FluentWinUI3/light/images/combobox-background-open-pressed.png,5CE6134336919F7288D5F5312772890AC680E324D47E6552F523CC71C25A5336,226,qml:QtQuick.Controls.FluentWinUI3,qml,LIKELY_REQUIRED,PySide6 wheel tree SHA-256 match,,UNKNOWN
Release/External_Test/2026-07-30_audio-validation-fix/Qonic_Audio_v5.0_internal_test/_internal/PySide6/qml/QtQuick/Controls/FluentWinUI3/light/images/combobox-background-open-pressed@2x.png,827BD8DEB24F977506B8ACF20C482E1F448E8504E8DE29AB784A3F2933F0DC69,417,qml:QtQuick.Controls.FluentWinUI3,qml,LIKELY_REQUIRED,PySide6 wheel tree SHA-256 match,,UNKNOWN
Release/External_Test/2026-07-30_audio-validation-fix/Qonic_Audio_v5.0_internal_test/_internal/PySide6/qml/QtQuick/Controls/FluentWinUI3/light/images/combobox-background-open-pressed@3x.png,7437B32E1EDF24AB5701933DB00909C7D7DB4B6870290BBC7E4735A4FC7981B8,628,qml:QtQuick.Controls.FluentWinUI3,qml,LIKELY_REQUIRED,PySide6 wheel tree SHA-256 match,,UNKNOWN
Release/External_Test/2026-07-30_audio-validation-fix/Qonic_Audio_v5.0_internal_test/_internal/PySide6/qml/QtQuick/Controls/FluentWinUI3/light/images/combobox-background-open.png,FF909958AF7CEF5FA56E5B70F4FCFDC939646EB97DF3DDB71DCECAE692C75ABF,450,qml:QtQuick.Controls.FluentWinUI3,qml,LIKELY_REQUIRED,PySide6 wheel tree SHA-256 match,,UNKNOWN
Release/External_Test/2026-07-30_audio-validation-fix/Qonic_Audio_v5.0_internal_test/_internal/PySide6/qml/QtQuick/Controls/FluentWinUI3/light/images/combobox-background-open@2x.png,9F94E7C42C285B0607E3E41C8A523F11E00A3B675BD2A9D93C7C12E476A91587,1004,qml:QtQuick.Controls.FluentWinUI3,qml,LIKELY_REQUIRED,PySide6 wheel tree SHA-256 match,,UNKNOWN
Release/External_Test/2026-07-30_audio-validation-fix/Qonic_Audio_v5.0_internal_test/_internal/PySide6/qml/QtQuick/Controls/FluentWinUI3/light/images/combobox-background-open@3x.png,E2AF8372551F3AF475AB36589EE502BBD520425F5A8AC6A55762AB1A9F4650EE,1677,qml:QtQuick.Controls.FluentWinUI3,qml,LIKELY_REQUIRED,PySide6 wheel tree SHA-256 match,,UNKNOWN
Release/External_Test/2026-07-30_audio-validation-fix/Qonic_Audio_v5.0_internal_test/_internal/PySide6/qml/QtQuick/Controls/FluentWinUI3/light/images/combobox-background-pressed.png,5CE6134336919F7288D5F5312772890AC680E324D47E6552F523CC71C25A5336,226,qml:QtQuick.Controls.FluentWinUI3,qml,LIKELY_REQUIRED,PySide6 wheel tree SHA-256 match,,UNKNOWN
Release/External_Test/2026-07-30_audio-validation-fix/Qonic_Audio_v5.0_internal_test/_internal/PySide6/qml/QtQuick/Controls/FluentWinUI3/light/images/combobox-background-pressed@2x.png,827BD8DEB24F977506B8ACF20C482E1F448E8504E8DE29AB784A3F2933F0DC69,417,qml:QtQuick.Controls.FluentWinUI3,qml,LIKELY_REQUIRED,PySide6 wheel tree SHA-256 match,,UNKNOWN
Release/External_Test/2026-07-30_audio-validation-fix/Qonic_Audio_v5.0_internal_test/_internal/PySide6/qml/QtQuick/Controls/FluentWinUI3/light/images/combobox-background-pressed@3x.png,7437B32E1EDF24AB5701933DB00909C7D7DB4B6870290BBC7E4735A4FC7981B8,628,qml:QtQuick.Controls.FluentWinUI3,qml,LIKELY_REQUIRED,PySide6 wheel tree SHA-256 match,,UNKNOWN
Release/External_Test/2026-07-30_audio-validation-fix/Qonic_Audio_v5.0_internal_test/_internal/PySide6/qml/QtQuick/Controls/FluentWinUI3/light/images/combobox-background.png,FF909958AF7CEF5FA56E5B70F4FCFDC939646EB97DF3DDB71DCECAE692C75ABF,450,qml:QtQuick.Controls.FluentWinUI3,qml,LIKELY_REQUIRED,PySide6 wheel tree SHA-256 match,,UNKNOWN
Release/External_Test/2026-07-30_audio-validation-fix/Qonic_Audio_v5.0_internal_test/_internal/PySide6/qml/QtQuick/Controls/FluentWinUI3/light/images/combobox-background@2x.png,9F94E7C42C285B0607E3E41C8A523F11E00A3B675BD2A9D93C7C12E476A91587,1004,qml:QtQuick.Controls.FluentWinUI3,qml,LIKELY_REQUIRED,PySide6 wheel tree SHA-256 match,,UNKNOWN
Release/External_Test/2026-07-30_audio-validation-fix/Qonic_Audio_v5.0_internal_test/_internal/PySide6/qml/QtQuick/Controls/FluentWinUI3/light/images/combobox-background@3x.png,E2AF8372551F3AF475AB36589EE502BBD520425F5A8AC6A55762AB1A9F4650EE,1677,qml:QtQuick.Controls.FluentWinUI3,qml,LIKELY_REQUIRED,PySide6 wheel tree SHA-256 match,,UNKNOWN
Release/External_Test/2026-07-30_audio-validation-fix/Qonic_Audio_v5.0_internal_test/_internal/PySide6/qml/QtQuick/Controls/FluentWinUI3/light/images/combobox-indicator-disabled.png,0941EC5DA06F1CAFE91004C1B035997609AB1EEF1F39A9AC5F0BB558DD8F93EB,125,qml:QtQuick.Controls.FluentWinUI3,qml,LIKELY_REQUIRED,PySide6 wheel tree SHA-256 match,,UNKNOWN
Release/External_Test/2026-07-30_audio-validation-fix/Qonic_Audio_v5.0_internal_test/_internal/PySide6/qml/QtQuick/Controls/FluentWinUI3/light/images/combobox-indicator-disabled@2x.png,840B43337D232F04AED0B3209A43A0B25BB5F4BB53920620C7E0BCC155743DAA,171,qml:QtQuick.Controls.FluentWinUI3,qml,LIKELY_REQUIRED,PySide6 wheel tree SHA-256 match,,UNKNOWN
Release/External_Test/2026-07-30_audio-validation-fix/Qonic_Audio_v5.0_internal_test/_internal/PySide6/qml/QtQuick/Controls/FluentWinUI3/light/images/combobox-indicator-disabled@3x.png,B74CF0894A7B42AAE0630586E321E3CEA282724A16E1ED40322CB39014C0041F,184,qml:QtQuick.Controls.FluentWinUI3,qml,LIKELY_REQUIRED,PySide6 wheel tree SHA-256 match,,UNKNOWN
Release/External_Test/2026-07-30_audio-validation-fix/Qonic_Audio_v5.0_internal_test/_internal/PySide6/qml/QtQuick/Controls/FluentWinUI3/light/images/combobox-indicator-focused.png,0941EC5DA06F1CAFE91004C1B035997609AB1EEF1F39A9AC5F0BB558DD8F93EB,125,qml:QtQuick.Controls.FluentWinUI3,qml,LIKELY_REQUIRED,PySide6 wheel tree SHA-256 match,,UNKNOWN
Release/External_Test/2026-07-30_audio-validation-fix/Qonic_Audio_v5.0_internal_test/_internal/PySide6/qml/QtQuick/Controls/FluentWinUI3/light/images/combobox-indicator-focused@2x.png,840B43337D232F04AED0B3209A43A0B25BB5F4BB53920620C7E0BCC155743DAA,171,qml:QtQuick.Controls.FluentWinUI3,qml,LIKELY_REQUIRED,PySide6 wheel tree SHA-256 match,,UNKNOWN
Release/External_Test/2026-07-30_audio-validation-fix/Qonic_Audio_v5.0_internal_test/_internal/PySide6/qml/QtQuick/Controls/FluentWinUI3/light/images/combobox-indicator-focused@3x.png,B74CF0894A7B42AAE0630586E321E3CEA282724A16E1ED40322CB39014C0041F,184,qml:QtQuick.Controls.FluentWinUI3,qml,LIKELY_REQUIRED,PySide6 wheel tree SHA-256 match,,UNKNOWN
Release/External_Test/2026-07-30_audio-validation-fix/Qonic_Audio_v5.0_internal_test/_internal/PySide6/qml/QtQuick/Controls/FluentWinUI3/light/images/combobox-indicator-hovered-open.png,0941EC5DA06F1CAFE91004C1B035997609AB1EEF1F39A9AC5F0BB558DD8F93EB,125,qml:QtQuick.Controls.FluentWinUI3,qml,LIKELY_REQUIRED,PySide6 wheel tree SHA-256 match,,UNKNOWN
Release/External_Test/2026-07-30_audio-validation-fix/Qonic_Audio_v5.0_internal_test/_internal/PySide6/qml/QtQuick/Controls/FluentWinUI3/light/images/combobox-indicator-hovered-open@2x.png,840B43337D232F04AED0B3209A43A0B25BB5F4BB53920620C7E0BCC155743DAA,171,qml:QtQuick.Controls.FluentWinUI3,qml,LIKELY_REQUIRED,PySide6 wheel tree SHA-256 match,,UNKNOWN
Release/External_Test/2026-07-30_audio-validation-fix/Qonic_Audio_v5.0_internal_test/_internal/PySide6/qml/QtQuick/Controls/FluentWinUI3/light/images/combobox-indicator-hovered-open@3x.png,B74CF0894A7B42AAE0630586E321E3CEA282724A16E1ED40322CB39014C0041F,184,qml:QtQuick.Controls.FluentWinUI3,qml,LIKELY_REQUIRED,PySide6 wheel tree SHA-256 match,,UNKNOWN
Release/External_Test/2026-07-30_audio-validation-fix/Qonic_Audio_v5.0_internal_test/_internal/PySide6/qml/QtQuick/Controls/FluentWinUI3/light/images/combobox-indicator-hovered.png,0941EC5DA06F1CAFE91004C1B035997609AB1EEF1F39A9AC5F0BB558DD8F93EB,125,qml:QtQuick.Controls.FluentWinUI3,qml,LIKELY_REQUIRED,PySide6 wheel tree SHA-256 match,,UNKNOWN
Release/External_Test/2026-07-30_audio-validation-fix/Qonic_Audio_v5.0_internal_test/_internal/PySide6/qml/QtQuick/Controls/FluentWinUI3/light/images/combobox-indicator-hovered@2x.png,840B43337D232F04AED0B3209A43A0B25BB5F4BB53920620C7E0BCC155743DAA,171,qml:QtQuick.Controls.FluentWinUI3,qml,LIKELY_REQUIRED,PySide6 wheel tree SHA-256 match,,UNKNOWN
Release/External_Test/2026-07-30_audio-validation-fix/Qonic_Audio_v5.0_internal_test/_internal/PySide6/qml/QtQuick/Controls/FluentWinUI3/light/images/combobox-indicator-hovered@3x.png,B74CF0894A7B42AAE0630586E321E3CEA282724A16E1ED40322CB39014C0041F,184,qml:QtQuick.Controls.FluentWinUI3,qml,LIKELY_REQUIRED,PySide6 wheel tree SHA-256 match,,UNKNOWN
Release/External_Test/2026-07-30_audio-validation-fix/Qonic_Audio_v5.0_internal_test/_internal/PySide6/qml/QtQuick/Controls/FluentWinUI3/light/images/combobox-indicator-open-pressed.png,0941EC5DA06F1CAFE91004C1B035997609AB1EEF1F39A9AC5F0BB558DD8F93EB,125,qml:QtQuick.Controls.FluentWinUI3,qml,LIKELY_REQUIRED,PySide6 wheel tree SHA-256 match,,UNKNOWN
Release/External_Test/2026-07-30_audio-validation-fix/Qonic_Audio_v5.0_internal_test/_internal/PySide6/qml/QtQuick/Controls/FluentWinUI3/light/images/combobox-indicator-open-pressed@2x.png,840B43337D232F04AED0B3209A43A0B25BB5F4BB53920620C7E0BCC155743DAA,171,qml:QtQuick.Controls.FluentWinUI3,qml,LIKELY_REQUIRED,PySide6 wheel tree SHA-256 match,,UNKNOWN
Release/External_Test/2026-07-30_audio-validation-fix/Qonic_Audio_v5.0_internal_test/_internal/PySide6/qml/QtQuick/Controls/FluentWinUI3/light/images/combobox-indicator-open-pressed@3x.png,B74CF0894A7B42AAE0630586E321E3CEA282724A16E1ED40322CB39014C0041F,184,qml:QtQuick.Controls.FluentWinUI3,qml,LIKELY_REQUIRED,PySide6 wheel tree SHA-256 match,,UNKNOWN
Release/External_Test/2026-07-30_audio-validation-fix/Qonic_Audio_v5.0_internal_test/_internal/PySide6/qml/QtQuick/Controls/FluentWinUI3/light/images/combobox-indicator-open.png,0941EC5DA06F1CAFE91004C1B035997609AB1EEF1F39A9AC5F0BB558DD8F93EB,125,qml:QtQuick.Controls.FluentWinUI3,qml,LIKELY_REQUIRED,PySide6 wheel tree SHA-256 match,,UNKNOWN
Release/External_Test/2026-07-30_audio-validation-fix/Qonic_Audio_v5.0_internal_test/_internal/PySide6/qml/QtQuick/Controls/FluentWinUI3/light/images/combobox-indicator-open@2x.png,840B43337D232F04AED0B3209A43A0B25BB5F4BB53920620C7E0BCC155743DAA,171,qml:QtQuick.Controls.FluentWinUI3,qml,LIKELY_REQUIRED,PySide6 wheel tree SHA-256 match,,UNKNOWN
Release/External_Test/2026-07-30_audio-validation-fix/Qonic_Audio_v5.0_internal_test/_internal/PySide6/qml/QtQuick/Controls/FluentWinUI3/light/images/combobox-indicator-open@3x.png,B74CF0894A7B42AAE0630586E321E3CEA282724A16E1ED40322CB39014C0041F,184,qml:QtQuick.Controls.FluentWinUI3,qml,LIKELY_REQUIRED,PySide6 wheel tree SHA-256 match,,UNKNOWN
Release/External_Test/2026-07-30_audio-validation-fix/Qonic_Audio_v5.0_internal_test/_internal/PySide6/qml/QtQuick/Controls/FluentWinUI3/light/images/combobox-indicator-pressed.png,0941EC5DA06F1CAFE91004C1B035997609AB1EEF1F39A9AC5F0BB558DD8F93EB,125,qml:QtQuick.Controls.FluentWinUI3,qml,LIKELY_REQUIRED,PySide6 wheel tree SHA-256 match,,UNKNOWN
Release/External_Test/2026-07-30_audio-validation-fix/Qonic_Audio_v5.0_internal_test/_internal/PySide6/qml/QtQuick/Controls/FluentWinUI3/light/images/combobox-indicator-pressed@2x.png,840B43337D232F04AED0B3209A43A0B25BB5F4BB53920620C7E0BCC155743DAA,171,qml:QtQuick.Controls.FluentWinUI3,qml,LIKELY_REQUIRED,PySide6 wheel tree SHA-256 match,,UNKNOWN
Release/External_Test/2026-07-30_audio-validation-fix/Qonic_Audio_v5.0_internal_test/_internal/PySide6/qml/QtQuick/Controls/FluentWinUI3/light/images/combobox-indicator-pressed@3x.png,B74CF0894A7B42AAE0630586E321E3CEA282724A16E1ED40322CB39014C0041F,184,qml:QtQuick.Controls.FluentWinUI3,qml,LIKELY_REQUIRED,PySide6 wheel tree SHA-256 match,,UNKNOWN
Release/External_Test/2026-07-30_audio-validation-fix/Qonic_Audio_v5.0_internal_test/_internal/PySide6/qml/QtQuick/Controls/FluentWinUI3/light/images/combobox-indicator.png,0941EC5DA06F1CAFE91004C1B035997609AB1EEF1F39A9AC5F0BB558DD8F93EB,125,qml:QtQuick.Controls.FluentWinUI3,qml,LIKELY_REQUIRED,PySide6 wheel tree SHA-256 match,,UNKNOWN
Release/External_Test/2026-07-30_audio-validation-fix/Qonic_Audio_v5.0_internal_test/_internal/PySide6/qml/QtQuick/Controls/FluentWinUI3/light/images/combobox-indicator@2x.png,840B43337D232F04AED0B3209A43A0B25BB5F4BB53920620C7E0BCC155743DAA,171,qml:QtQuick.Controls.FluentWinUI3,qml,LIKELY_REQUIRED,PySide6 wheel tree SHA-256 match,,UNKNOWN
Release/External_Test/2026-07-30_audio-validation-fix/Qonic_Audio_v5.0_internal_test/_internal/PySide6/qml/QtQuick/Controls/FluentWinUI3/light/images/combobox-indicator@3x.png,B74CF0894A7B42AAE0630586E321E3CEA282724A16E1ED40322CB39014C0041F,184,qml:QtQuick.Controls.FluentWinUI3,qml,LIKELY_REQUIRED,PySide6 wheel tree SHA-256 match,,UNKNOWN
Release/External_Test/2026-07-30_audio-validation-fix/Qonic_Audio_v5.0_internal_test/_internal/PySide6/qml/QtQuick/Controls/FluentWinUI3/light/images/editablecombobox-background-hovered-open.png,2BC47BD96C56063F0708B773931DE60869BCC74858E348188813262D6FFB1B02,389,qml:QtQuick.Controls.FluentWinUI3,qml,LIKELY_REQUIRED,PySide6 wheel tree SHA-256 match,,UNKNOWN
Release/External_Test/2026-07-30_audio-validation-fix/Qonic_Audio_v5.0_internal_test/_internal/PySide6/qml/QtQuick/Controls/FluentWinUI3/light/images/editablecombobox-background-hovered-open@2x.png,32297750F17FF2595F94C94FFE379F1D400C80C0BCB145BDA6565E0165727A37,932,qml:QtQuick.Controls.FluentWinUI3,qml,LIKELY_REQUIRED,PySide6 wheel tree SHA-256 match,,UNKNOWN
Release/External_Test/2026-07-30_audio-validation-fix/Qonic_Audio_v5.0_internal_test/_internal/PySide6/qml/QtQuick/Controls/FluentWinUI3/light/images/editablecombobox-background-hovered-open@3x.png,8F31E9F6DBE509A60F161D49580499F27E953693B7A8705B02A0BBC9D256AC4E,1493,qml:QtQuick.Controls.FluentWinUI3,qml,LIKELY_REQUIRED,PySide6 wheel tree SHA-256 match,,UNKNOWN
Release/External_Test/2026-07-30_audio-validation-fix/Qonic_Audio_v5.0_internal_test/_internal/PySide6/qml/QtQuick/Controls/FluentWinUI3/light/images/editablecombobox-background-open-pressed.png,2BC47BD96C56063F0708B773931DE60869BCC74858E348188813262D6FFB1B02,389,qml:QtQuick.Controls.FluentWinUI3,qml,LIKELY_REQUIRED,PySide6 wheel tree SHA-256 match,,UNKNOWN
Release/External_Test/2026-07-30_audio-validation-fix/Qonic_Audio_v5.0_internal_test/_internal/PySide6/qml/QtQuick/Controls/FluentWinUI3/light/images/editablecombobox-background-open-pressed@2x.png,32297750F17FF2595F94C94FFE379F1D400C80C0BCB145BDA6565E0165727A37,932,qml:QtQuick.Controls.FluentWinUI3,qml,LIKELY_REQUIRED,PySide6 wheel tree SHA-256 match,,UNKNOWN
Release/External_Test/2026-07-30_audio-validation-fix/Qonic_Audio_v5.0_internal_test/_internal/PySide6/qml/QtQuick/Controls/FluentWinUI3/light/images/editablecombobox-background-open-pressed@3x.png,8F31E9F6DBE509A60F161D49580499F27E953693B7A8705B02A0BBC9D256AC4E,1493,qml:QtQuick.Controls.FluentWinUI3,qml,LIKELY_REQUIRED,PySide6 wheel tree SHA-256 match,,UNKNOWN
Release/External_Test/2026-07-30_audio-validation-fix/Qonic_Audio_v5.0_internal_test/_internal/PySide6/qml/QtQuick/Controls/FluentWinUI3/light/images/editablecombobox-background-open.png,2BC47BD96C56063F0708B773931DE60869BCC74858E348188813262D6FFB1B02,389,qml:QtQuick.Controls.FluentWinUI3,qml,LIKELY_REQUIRED,PySide6 wheel tree SHA-256 match,,UNKNOWN
Release/External_Test/2026-07-30_audio-validation-fix/Qonic_Audio_v5.0_internal_test/_internal/PySide6/qml/QtQuick/Controls/FluentWinUI3/light/images/editablecombobox-background-open@2x.png,32297750F17FF2595F94C94FFE379F1D400C80C0BCB145BDA6565E0165727A37,932,qml:QtQuick.Controls.FluentWinUI3,qml,LIKELY_REQUIRED,PySide6 wheel tree SHA-256 match,,UNKNOWN
Release/External_Test/2026-07-30_audio-validation-fix/Qonic_Audio_v5.0_internal_test/_internal/PySide6/qml/QtQuick/Controls/FluentWinUI3/light/images/editablecombobox-background-open@3x.png,8F31E9F6DBE509A60F161D49580499F27E953693B7A8705B02A0BBC9D256AC4E,1493,qml:QtQuick.Controls.FluentWinUI3,qml,LIKELY_REQUIRED,PySide6 wheel tree SHA-256 match,,UNKNOWN
Release/External_Test/2026-07-30_audio-validation-fix/Qonic_Audio_v5.0_internal_test/_internal/PySide6/qml/QtQuick/Controls/FluentWinUI3/light/images/editablecombobox-indicator-hovered-open.png,0941EC5DA06F1CAFE91004C1B035997609AB1EEF1F39A9AC5F0BB558DD8F93EB,125,qml:QtQuick.Controls.FluentWinUI3,qml,LIKELY_REQUIRED,PySide6 wheel tree SHA-256 match,,UNKNOWN
Release/External_Test/2026-07-30_audio-validation-fix/Qonic_Audio_v5.0_internal_test/_internal/PySide6/qml/QtQuick/Controls/FluentWinUI3/light/images/editablecombobox-indicator-hovered-open@2x.png,840B43337D232F04AED0B3209A43A0B25BB5F4BB53920620C7E0BCC155743DAA,171,qml:QtQuick.Controls.FluentWinUI3,qml,LIKELY_REQUIRED,PySide6 wheel tree SHA-256 match,,UNKNOWN
Release/External_Test/2026-07-30_audio-validation-fix/Qonic_Audio_v5.0_internal_test/_internal/PySide6/qml/QtQuick/Controls/FluentWinUI3/light/images/editablecombobox-indicator-hovered-open@3x.png,B74CF0894A7B42AAE0630586E321E3CEA282724A16E1ED40322CB39014C0041F,184,qml:QtQuick.Controls.FluentWinUI3,qml,LIKELY_REQUIRED,PySide6 wheel tree SHA-256 match,,UNKNOWN
Release/External_Test/2026-07-30_audio-validation-fix/Qonic_Audio_v5.0_internal_test/_internal/PySide6/qml/QtQuick/Controls/FluentWinUI3/light/images/editablecombobox-indicator-open-pressed.png,0941EC5DA06F1CAFE91004C1B035997609AB1EEF1F39A9AC5F0BB558DD8F93EB,125,qml:QtQuick.Controls.FluentWinUI3,qml,LIKELY_REQUIRED,PySide6 wheel tree SHA-256 match,,UNKNOWN
Release/External_Test/2026-07-30_audio-validation-fix/Qonic_Audio_v5.0_internal_test/_internal/PySide6/qml/QtQuick/Controls/FluentWinUI3/light/images/editablecombobox-indicator-open-pressed@2x.png,840B43337D232F04AED0B3209A43A0B25BB5F4BB53920620C7E0BCC155743DAA,171,qml:QtQuick.Controls.FluentWinUI3,qml,LIKELY_REQUIRED,PySide6 wheel tree SHA-256 match,,UNKNOWN
Release/External_Test/2026-07-30_audio-validation-fix/Qonic_Audio_v5.0_internal_test/_internal/PySide6/qml/QtQuick/Controls/FluentWinUI3/light/images/editablecombobox-indicator-open-pressed@3x.png,B74CF0894A7B42AAE0630586E321E3CEA282724A16E1ED40322CB39014C0041F,184,qml:QtQuick.Controls.FluentWinUI3,qml,LIKELY_REQUIRED,PySide6 wheel tree SHA-256 match,,UNKNOWN
Release/External_Test/2026-07-30_audio-validation-fix/Qonic_Audio_v5.0_internal_test/_internal/PySide6/qml/QtQuick/Controls/FluentWinUI3/light/images/editablecombobox-indicator-open.png,0941EC5DA06F1CAFE91004C1B035997609AB1EEF1F39A9AC5F0BB558DD8F93EB,125,qml:QtQuick.Controls.FluentWinUI3,qml,LIKELY_REQUIRED,PySide6 wheel tree SHA-256 match,,UNKNOWN
Release/External_Test/2026-07-30_audio-validation-fix/Qonic_Audio_v5.0_internal_test/_internal/PySide6/qml/QtQuick/Controls/FluentWinUI3/light/images/editablecombobox-indicator-open@2x.png,840B43337D232F04AED0B3209A43A0B25BB5F4BB53920620C7E0BCC155743DAA,171,qml:QtQuick.Controls.FluentWinUI3,qml,LIKELY_REQUIRED,PySide6 wheel tree SHA-256 match,,UNKNOWN
Release/External_Test/2026-07-30_audio-validation-fix/Qonic_Audio_v5.0_internal_test/_internal/PySide6/qml/QtQuick/Controls/FluentWinUI3/light/images/editablecombobox-indicator-open@3x.png,B74CF0894A7B42AAE0630586E321E3CEA282724A16E1ED40322CB39014C0041F,184,qml:QtQuick.Controls.FluentWinUI3,qml,LIKELY_REQUIRED,PySide6 wheel tree SHA-256 match,,UNKNOWN
Release/External_Test/2026-07-30_audio-validation-fix/Qonic_Audio_v5.0_internal_test/_internal/PySide6/qml/QtQuick/Controls/FluentWinUI3/light/images/editablecombobox-popup-background-hovered-open.png,9BBFC57D26160AA9FDF885358FC89AAAE9258419BE1FA0A60544D23E4C52A3D8,4029,qml:QtQuick.Controls.FluentWinUI3,qml,LIKELY_REQUIRED,PySide6 wheel tree SHA-256 match,,UNKNOWN
Release/External_Test/2026-07-30_audio-validation-fix/Qonic_Audio_v5.0_internal_test/_internal/PySide6/qml/QtQuick/Controls/FluentWinUI3/light/images/editablecombobox-popup-background-hovered-open@2x.png,68BB0080F05B810C785098BDDB9CE7B9949E322A374C65B4C7AD99AC107A10BE,8092,qml:QtQuick.Controls.FluentWinUI3,qml,LIKELY_REQUIRED,PySide6 wheel tree SHA-256 match,,UNKNOWN
Release/External_Test/2026-07-30_audio-validation-fix/Qonic_Audio_v5.0_internal_test/_internal/PySide6/qml/QtQuick/Controls/FluentWinUI3/light/images/editablecombobox-popup-background-hovered-open@3x.png,C0F2676C1B75D123BB19CC6FBFCD067D823A7693CF89FECF73C32A3CB934E9A0,15720,qml:QtQuick.Controls.FluentWinUI3,qml,LIKELY_REQUIRED,PySide6 wheel tree SHA-256 match,,UNKNOWN
Release/External_Test/2026-07-30_audio-validation-fix/Qonic_Audio_v5.0_internal_test/_internal/PySide6/qml/QtQuick/Controls/FluentWinUI3/light/images/editablecombobox-popup-background-open-pressed.png,9BBFC57D26160AA9FDF885358FC89AAAE9258419BE1FA0A60544D23E4C52A3D8,4029,qml:QtQuick.Controls.FluentWinUI3,qml,LIKELY_REQUIRED,PySide6 wheel tree SHA-256 match,,UNKNOWN
Release/External_Test/2026-07-30_audio-validation-fix/Qonic_Audio_v5.0_internal_test/_internal/PySide6/qml/QtQuick/Controls/FluentWinUI3/light/images/editablecombobox-popup-background-open-pressed@2x.png,68BB0080F05B810C785098BDDB9CE7B9949E322A374C65B4C7AD99AC107A10BE,8092,qml:QtQuick.Controls.FluentWinUI3,qml,LIKELY_REQUIRED,PySide6 wheel tree SHA-256 match,,UNKNOWN
Release/External_Test/2026-07-30_audio-validation-fix/Qonic_Audio_v5.0_internal_test/_internal/PySide6/qml/QtQuick/Controls/FluentWinUI3/light/images/editablecombobox-popup-background-open-pressed@3x.png,C0F2676C1B75D123BB19CC6FBFCD067D823A7693CF89FECF73C32A3CB934E9A0,15720,qml:QtQuick.Controls.FluentWinUI3,qml,LIKELY_REQUIRED,PySide6 wheel tree SHA-256 match,,UNKNOWN
Release/External_Test/2026-07-30_audio-validation-fix/Qonic_Audio_v5.0_internal_test/_internal/PySide6/qml/QtQuick/Controls/FluentWinUI3/light/images/editablecombobox-popup-background-open.png,9BBFC57D26160AA9FDF885358FC89AAAE9258419BE1FA0A60544D23E4C52A3D8,4029,qml:QtQuick.Controls.FluentWinUI3,qml,LIKELY_REQUIRED,PySide6 wheel tree SHA-256 match,,UNKNOWN
Release/External_Test/2026-07-30_audio-validation-fix/Qonic_Audio_v5.0_internal_test/_internal/PySide6/qml/QtQuick/Controls/FluentWinUI3/light/images/editablecombobox-popup-background-open@2x.png,68BB0080F05B810C785098BDDB9CE7B9949E322A374C65B4C7AD99AC107A10BE,8092,qml:QtQuick.Controls.FluentWinUI3,qml,LIKELY_REQUIRED,PySide6 wheel tree SHA-256 match,,UNKNOWN
Release/External_Test/2026-07-30_audio-validation-fix/Qonic_Audio_v5.0_internal_test/_internal/PySide6/qml/QtQuick/Controls/FluentWinUI3/light/images/editablecombobox-popup-background-open@3x.png,C0F2676C1B75D123BB19CC6FBFCD067D823A7693CF89FECF73C32A3CB934E9A0,15720,qml:QtQuick.Controls.FluentWinUI3,qml,LIKELY_REQUIRED,PySide6 wheel tree SHA-256 match,,UNKNOWN
Release/External_Test/2026-07-30_audio-validation-fix/Qonic_Audio_v5.0_internal_test/_internal/PySide6/qml/QtQuick/Controls/FluentWinUI3/light/images/frame-background-disabled.png,12435F4BC5D7ADFA24C605BBBFBCC92B5E37F160E060E15821ED1C8F69BDCE46,356,qml:QtQuick.Controls.FluentWinUI3,qml,LIKELY_REQUIRED,PySide6 wheel tree SHA-256 match,,UNKNOWN
Release/External_Test/2026-07-30_audio-validation-fix/Qonic_Audio_v5.0_internal_test/_internal/PySide6/qml/QtQuick/Controls/FluentWinUI3/light/images/frame-background-disabled@2x.png,B7668DAA0D62CE56A50400DD0F8973D1B39BB1FE99B1ACF8C85E8E119DF76231,616,qml:QtQuick.Controls.FluentWinUI3,qml,LIKELY_REQUIRED,PySide6 wheel tree SHA-256 match,,UNKNOWN
Release/External_Test/2026-07-30_audio-validation-fix/Qonic_Audio_v5.0_internal_test/_internal/PySide6/qml/QtQuick/Controls/FluentWinUI3/light/images/frame-background-disabled@3x.png,D07DF628D6ED8388D926A55CA2EDD9EC639B26EDCBCCCDF6B0210B498F8346E6,891,qml:QtQuick.Controls.FluentWinUI3,qml,LIKELY_REQUIRED,PySide6 wheel tree SHA-256 match,,UNKNOWN
Release/External_Test/2026-07-30_audio-validation-fix/Qonic_Audio_v5.0_internal_test/_internal/PySide6/qml/QtQuick/Controls/FluentWinUI3/light/images/frame-background.png,12435F4BC5D7ADFA24C605BBBFBCC92B5E37F160E060E15821ED1C8F69BDCE46,356,qml:QtQuick.Controls.FluentWinUI3,qml,LIKELY_REQUIRED,PySide6 wheel tree SHA-256 match,,UNKNOWN
Release/External_Test/2026-07-30_audio-validation-fix/Qonic_Audio_v5.0_internal_test/_internal/PySide6/qml/QtQuick/Controls/FluentWinUI3/light/images/frame-background@2x.png,B7668DAA0D62CE56A50400DD0F8973D1B39BB1FE99B1ACF8C85E8E119DF76231,616,qml:QtQuick.Controls.FluentWinUI3,qml,LIKELY_REQUIRED,PySide6 wheel tree SHA-256 match,,UNKNOWN
Release/External_Test/2026-07-30_audio-validation-fix/Qonic_Audio_v5.0_internal_test/_internal/PySide6/qml/QtQuick/Controls/FluentWinUI3/light/images/frame-background@3x.png,D07DF628D6ED8388D926A55CA2EDD9EC639B26EDCBCCCDF6B0210B498F8346E6,891,qml:QtQuick.Controls.FluentWinUI3,qml,LIKELY_REQUIRED,PySide6 wheel tree SHA-256 match,,UNKNOWN
Release/External_Test/2026-07-30_audio-validation-fix/Qonic_Audio_v5.0_internal_test/_internal/PySide6/qml/QtQuick/Controls/FluentWinUI3/light/images/itemdelegate-background-highlighted-hovered.png,D7585C904A07B57038F7937CD19B518B2CA465EEFC3AA176F0E23FF0679EA942,178,qml:QtQuick.Controls.FluentWinUI3,qml,LIKELY_REQUIRED,PySide6 wheel tree SHA-256 match,,UNKNOWN
Release/External_Test/2026-07-30_audio-validation-fix/Qonic_Audio_v5.0_internal_test/_internal/PySide6/qml/QtQuick/Controls/FluentWinUI3/light/images/itemdelegate-background-highlighted-hovered@2x.png,FE96C7FDDD6A33588DC4BDD2881AC3E972D6C019BE15D595F5668E059DED738F,244,qml:QtQuick.Controls.FluentWinUI3,qml,LIKELY_REQUIRED,PySide6 wheel tree SHA-256 match,,UNKNOWN
Release/External_Test/2026-07-30_audio-validation-fix/Qonic_Audio_v5.0_internal_test/_internal/PySide6/qml/QtQuick/Controls/FluentWinUI3/light/images/itemdelegate-background-highlighted-hovered@3x.png,5F81A72696418BA2ACCA392D8AA5DDC94A2B873275D8AB17FB64EF3B6D6F981A,327,qml:QtQuick.Controls.FluentWinUI3,qml,LIKELY_REQUIRED,PySide6 wheel tree SHA-256 match,,UNKNOWN
Release/External_Test/2026-07-30_audio-validation-fix/Qonic_Audio_v5.0_internal_test/_internal/PySide6/qml/QtQuick/Controls/FluentWinUI3/light/images/itemdelegate-background-highlighted-pressed.png,19D7D5549DE518EA1FF075F9D5D35E5B4698014D9E8E186F8071A0ECD2BBAC42,165,qml:QtQuick.Controls.FluentWinUI3,qml,LIKELY_REQUIRED,PySide6 wheel tree SHA-256 match,,UNKNOWN
Release/External_Test/2026-07-30_audio-validation-fix/Qonic_Audio_v5.0_internal_test/_internal/PySide6/qml/QtQuick/Controls/FluentWinUI3/light/images/itemdelegate-background-highlighted-pressed@2x.png,18C78813DA1E920DA9C34722944C231AE43C12648CF2FFA25505DC60AB291745,227,qml:QtQuick.Controls.FluentWinUI3,qml,LIKELY_REQUIRED,PySide6 wheel tree SHA-256 match,,UNKNOWN
Release/External_Test/2026-07-30_audio-validation-fix/Qonic_Audio_v5.0_internal_test/_internal/PySide6/qml/QtQuick/Controls/FluentWinUI3/light/images/itemdelegate-background-highlighted-pressed@3x.png,77E002C978D85086F4ABA5F73D4916430638BD470986DC92DA89402C7D266207,301,qml:QtQuick.Controls.FluentWinUI3,qml,LIKELY_REQUIRED,PySide6 wheel tree SHA-256 match,,UNKNOWN
Release/External_Test/2026-07-30_audio-validation-fix/Qonic_Audio_v5.0_internal_test/_internal/PySide6/qml/QtQuick/Controls/FluentWinUI3/light/images/itemdelegate-background-highlighted.png,D7585C904A07B57038F7937CD19B518B2CA465EEFC3AA176F0E23FF0679EA942,178,qml:QtQuick.Controls.FluentWinUI3,qml,LIKELY_REQUIRED,PySide6 wheel tree SHA-256 match,,UNKNOWN
Release/External_Test/2026-07-30_audio-validation-fix/Qonic_Audio_v5.0_internal_test/_internal/PySide6/qml/QtQuick/Controls/FluentWinUI3/light/images/itemdelegate-background-highlighted@2x.png,FE96C7FDDD6A33588DC4BDD2881AC3E972D6C019BE15D595F5668E059DED738F,244,qml:QtQuick.Controls.FluentWinUI3,qml,LIKELY_REQUIRED,PySide6 wheel tree SHA-256 match,,UNKNOWN
Release/External_Test/2026-07-30_audio-validation-fix/Qonic_Audio_v5.0_internal_test/_internal/PySide6/qml/QtQuick/Controls/FluentWinUI3/light/images/itemdelegate-background-highlighted@3x.png,5F81A72696418BA2ACCA392D8AA5DDC94A2B873275D8AB17FB64EF3B6D6F981A,327,qml:QtQuick.Controls.FluentWinUI3,qml,LIKELY_REQUIRED,PySide6 wheel tree SHA-256 match,,UNKNOWN
Release/External_Test/2026-07-30_audio-validation-fix/Qonic_Audio_v5.0_internal_test/_internal/PySide6/qml/QtQuick/Controls/FluentWinUI3/light/images/itemdelegate-background-hovered.png,D7585C904A07B57038F7937CD19B518B2CA465EEFC3AA176F0E23FF0679EA942,178,qml:QtQuick.Controls.FluentWinUI3,qml,LIKELY_REQUIRED,PySide6 wheel tree SHA-256 match,,UNKNOWN
Release/External_Test/2026-07-30_audio-validation-fix/Qonic_Audio_v5.0_internal_test/_internal/PySide6/qml/QtQuick/Controls/FluentWinUI3/light/images/itemdelegate-background-hovered@2x.png,FE96C7FDDD6A33588DC4BDD2881AC3E972D6C019BE15D595F5668E059DED738F,244,qml:QtQuick.Controls.FluentWinUI3,qml,LIKELY_REQUIRED,PySide6 wheel tree SHA-256 match,,UNKNOWN
Release/External_Test/2026-07-30_audio-validation-fix/Qonic_Audio_v5.0_internal_test/_internal/PySide6/qml/QtQuick/Controls/FluentWinUI3/light/images/itemdelegate-background-hovered@3x.png,5F81A72696418BA2ACCA392D8AA5DDC94A2B873275D8AB17FB64EF3B6D6F981A,327,qml:QtQuick.Controls.FluentWinUI3,qml,LIKELY_REQUIRED,PySide6 wheel tree SHA-256 match,,UNKNOWN
Release/External_Test/2026-07-30_audio-validation-fix/Qonic_Audio_v5.0_internal_test/_internal/PySide6/qml/QtQuick/Controls/FluentWinUI3/light/images/itemdelegate-background-pressed.png,19D7D5549DE518EA1FF075F9D5D35E5B4698014D9E8E186F8071A0ECD2BBAC42,165,qml:QtQuick.Controls.FluentWinUI3,qml,LIKELY_REQUIRED,PySide6 wheel tree SHA-256 match,,UNKNOWN
Release/External_Test/2026-07-30_audio-validation-fix/Qonic_Audio_v5.0_internal_test/_internal/PySide6/qml/QtQuick/Controls/FluentWinUI3/light/images/itemdelegate-background-pressed@2x.png,18C78813DA1E920DA9C34722944C231AE43C12648CF2FFA25505DC60AB291745,227,qml:QtQuick.Controls.FluentWinUI3,qml,LIKELY_REQUIRED,PySide6 wheel tree SHA-256 match,,UNKNOWN
Release/External_Test/2026-07-30_audio-validation-fix/Qonic_Audio_v5.0_internal_test/_internal/PySide6/qml/QtQuick/Controls/FluentWinUI3/light/images/itemdelegate-background-pressed@3x.png,77E002C978D85086F4ABA5F73D4916430638BD470986DC92DA89402C7D266207,301,qml:QtQuick.Controls.FluentWinUI3,qml,LIKELY_REQUIRED,PySide6 wheel tree SHA-256 match,,UNKNOWN
Release/External_Test/2026-07-30_audio-validation-fix/Qonic_Audio_v5.0_internal_test/_internal/PySide6/qml/QtQuick/Controls/FluentWinUI3/light/images/pageindicatordelegate-indicator-delegate-current-hovered.png,3A5D8B8B50A976EE517D7AF207883A4760BABCA6E5C0CA454DA4A1A2B17941FF,161,qml:QtQuick.Controls.FluentWinUI3,qml,LIKELY_REQUIRED,PySide6 wheel tree SHA-256 match,,UNKNOWN
Release/External_Test/2026-07-30_audio-validation-fix/Qonic_Audio_v5.0_internal_test/_internal/PySide6/qml/QtQuick/Controls/FluentWinUI3/light/images/pageindicatordelegate-indicator-delegate-current-hovered@2x.png,8492C7E48DDAB82CBD2F3E2939A048F3F5C927301D4EC6C69528EB3200D3E3E6,239,qml:QtQuick.Controls.FluentWinUI3,qml,LIKELY_REQUIRED,PySide6 wheel tree SHA-256 match,,UNKNOWN
Release/External_Test/2026-07-30_audio-validation-fix/Qonic_Audio_v5.0_internal_test/_internal/PySide6/qml/QtQuick/Controls/FluentWinUI3/light/images/pageindicatordelegate-indicator-delegate-current-hovered@3x.png,3E76C21B4C0BEFF62D5F8C631C6170C586854D917920544AAFB4DDC7CCB8B4CB,282,qml:QtQuick.Controls.FluentWinUI3,qml,LIKELY_REQUIRED,PySide6 wheel tree SHA-256 match,,UNKNOWN
Release/External_Test/2026-07-30_audio-validation-fix/Qonic_Audio_v5.0_internal_test/_internal/PySide6/qml/QtQuick/Controls/FluentWinUI3/light/images/pageindicatordelegate-indicator-delegate-current-pressed.png,9913AFD178D83599D0B6DE0DA4859D8F57A24337F8BF730E0479A4B77714FFAB,154,qml:QtQuick.Controls.FluentWinUI3,qml,LIKELY_REQUIRED,PySide6 wheel tree SHA-256 match,,UNKNOWN
Release/External_Test/2026-07-30_audio-validation-fix/Qonic_Audio_v5.0_internal_test/_internal/PySide6/qml/QtQuick/Controls/FluentWinUI3/light/images/pageindicatordelegate-indicator-delegate-current-pressed@2x.png,F231C4773AC7584D3608E848CE03B75868A6F165F5A2A273E8517C413C1E8685,187,qml:QtQuick.Controls.FluentWinUI3,qml,LIKELY_REQUIRED,PySide6 wheel tree SHA-256 match,,UNKNOWN
Release/External_Test/2026-07-30_audio-validation-fix/Qonic_Audio_v5.0_internal_test/_internal/PySide6/qml/QtQuick/Controls/FluentWinUI3/light/images/pageindicatordelegate-indicator-delegate-current-pressed@3x.png,EB1772357EC25D02F8467E18E76B6585D36AC1ADECF192C9B37E3299B512282B,254,qml:QtQuick.Controls.FluentWinUI3,qml,LIKELY_REQUIRED,PySide6 wheel tree SHA-256 match,,UNKNOWN
Release/External_Test/2026-07-30_audio-validation-fix/Qonic_Audio_v5.0_internal_test/_internal/PySide6/qml/QtQuick/Controls/FluentWinUI3/light/images/pageindicatordelegate-indicator-delegate-current.png,3C2838FC436B97B1C1F931D3A697ED0FC2BBA97A73FCA86527352F3AA18AB34B,150,qml:QtQuick.Controls.FluentWinUI3,qml,LIKELY_REQUIRED,PySide6 wheel tree SHA-256 match,,UNKNOWN
Release/External_Test/2026-07-30_audio-validation-fix/Qonic_Audio_v5.0_internal_test/_internal/PySide6/qml/QtQuick/Controls/FluentWinUI3/light/images/pageindicatordelegate-indicator-delegate-current@2x.png,35E58198FC6117933B3AF54C8B0F93F4FE84B3E177CA1A0440ABB642176420BF,222,qml:QtQuick.Controls.FluentWinUI3,qml,LIKELY_REQUIRED,PySide6 wheel tree SHA-256 match,,UNKNOWN
Release/External_Test/2026-07-30_audio-validation-fix/Qonic_Audio_v5.0_internal_test/_internal/PySide6/qml/QtQuick/Controls/FluentWinUI3/light/images/pageindicatordelegate-indicator-delegate-current@3x.png,36E535422014D40DF2B8A9FA0D2AE49A997BE9F53FDD8EADA57756FFD10A1C43,281,qml:QtQuick.Controls.FluentWinUI3,qml,LIKELY_REQUIRED,PySide6 wheel tree SHA-256 match,,UNKNOWN
Release/External_Test/2026-07-30_audio-validation-fix/Qonic_Audio_v5.0_internal_test/_internal/PySide6/qml/QtQuick/Controls/FluentWinUI3/light/images/pageindicatordelegate-indicator-delegate-pressed.png,B9C4F2E7655072ABE8739FA98A08D299922B98F4AFFDE49BF51B1B93EB2CAABF,106,qml:QtQuick.Controls.FluentWinUI3,qml,LIKELY_REQUIRED,PySide6 wheel tree SHA-256 match,,UNKNOWN
Release/External_Test/2026-07-30_audio-validation-fix/Qonic_Audio_v5.0_internal_test/_internal/PySide6/qml/QtQuick/Controls/FluentWinUI3/light/images/pageindicatordelegate-indicator-delegate-pressed@2x.png,E504BC2EE29D102AAA76313B42A79502C7331E64BD263E0B2F33061B14C4995A,152,qml:QtQuick.Controls.FluentWinUI3,qml,LIKELY_REQUIRED,PySide6 wheel tree SHA-256 match,,UNKNOWN
Release/External_Test/2026-07-30_audio-validation-fix/Qonic_Audio_v5.0_internal_test/_internal/PySide6/qml/QtQuick/Controls/FluentWinUI3/light/images/pageindicatordelegate-indicator-delegate-pressed@3x.png,C0FBE3D0F453AAD67A053AF2C3FA6245B61179CBA781A08BD021052C0536DA4B,197,qml:QtQuick.Controls.FluentWinUI3,qml,LIKELY_REQUIRED,PySide6 wheel tree SHA-256 match,,UNKNOWN
Release/External_Test/2026-07-30_audio-validation-fix/Qonic_Audio_v5.0_internal_test/_internal/PySide6/qml/QtQuick/Controls/FluentWinUI3/light/images/pageindicatordelegate-indicator-disabled.png,A8EADBFE4C9ABACD3834532EE690BF9DC0F48E68564BD4FD50203D1E18575112,132,qml:QtQuick.Controls.FluentWinUI3,qml,LIKELY_REQUIRED,PySide6 wheel tree SHA-256 match,,UNKNOWN
Release/External_Test/2026-07-30_audio-validation-fix/Qonic_Audio_v5.0_internal_test/_internal/PySide6/qml/QtQuick/Controls/FluentWinUI3/light/images/pageindicatordelegate-indicator-disabled@2x.png,2917AB23FAC4833D3473DD1A38867118270E9E54EDD0E40D2DEBF9CBCD7CA9B9,172,qml:QtQuick.Controls.FluentWinUI3,qml,LIKELY_REQUIRED,PySide6 wheel tree SHA-256 match,,UNKNOWN
Release/External_Test/2026-07-30_audio-validation-fix/Qonic_Audio_v5.0_internal_test/_internal/PySide6/qml/QtQuick/Controls/FluentWinUI3/light/images/pageindicatordelegate-indicator-disabled@3x.png,249BF188003477F6D8D316553E9379356DE333C95F96C3ECA8789C6825185979,205,qml:QtQuick.Controls.FluentWinUI3,qml,LIKELY_REQUIRED,PySide6 wheel tree SHA-256 match,,UNKNOWN
Release/External_Test/2026-07-30_audio-validation-fix/Qonic_Audio_v5.0_internal_test/_internal/PySide6/qml/QtQuick/Controls/FluentWinUI3/light/images/pageindicatordelegate-indicator-hovered.png,9913AFD178D83599D0B6DE0DA4859D8F57A24337F8BF730E0479A4B77714FFAB,154,qml:QtQuick.Controls.FluentWinUI3,qml,LIKELY_REQUIRED,PySide6 wheel tree SHA-256 match,,UNKNOWN
Release/External_Test/2026-07-30_audio-validation-fix/Qonic_Audio_v5.0_internal_test/_internal/PySide6/qml/QtQuick/Controls/FluentWinUI3/light/images/pageindicatordelegate-indicator-hovered@2x.png,F231C4773AC7584D3608E848CE03B75868A6F165F5A2A273E8517C413C1E8685,187,qml:QtQuick.Controls.FluentWinUI3,qml,LIKELY_REQUIRED,PySide6 wheel tree SHA-256 match,,UNKNOWN
Release/External_Test/2026-07-30_audio-validation-fix/Qonic_Audio_v5.0_internal_test/_internal/PySide6/qml/QtQuick/Controls/FluentWinUI3/light/images/pageindicatordelegate-indicator-hovered@3x.png,EB1772357EC25D02F8467E18E76B6585D36AC1ADECF192C9B37E3299B512282B,254,qml:QtQuick.Controls.FluentWinUI3,qml,LIKELY_REQUIRED,PySide6 wheel tree SHA-256 match,,UNKNOWN
Release/External_Test/2026-07-30_audio-validation-fix/Qonic_Audio_v5.0_internal_test/_internal/PySide6/qml/QtQuick/Controls/FluentWinUI3/light/images/pageindicatordelegate-indicator.png,E1CE6B65428CB6003889047720702574EADDA5AFC070230C83D9B6837742E284,135,qml:QtQuick.Controls.FluentWinUI3,qml,LIKELY_REQUIRED,PySide6 wheel tree SHA-256 match,,UNKNOWN
Release/External_Test/2026-07-30_audio-validation-fix/Qonic_Audio_v5.0_internal_test/_internal/PySide6/qml/QtQuick/Controls/FluentWinUI3/light/images/pageindicatordelegate-indicator@2x.png,46C14B9858E254C5F3EB0651C27FDFEB6341F8B39DEA490B15F220D916C87E0B,180,qml:QtQuick.Controls.FluentWinUI3,qml,LIKELY_REQUIRED,PySide6 wheel tree SHA-256 match,,UNKNOWN
Release/External_Test/2026-07-30_audio-validation-fix/Qonic_Audio_v5.0_internal_test/_internal/PySide6/qml/QtQuick/Controls/FluentWinUI3/light/images/pageindicatordelegate-indicator@3x.png,F297E3E8EB121E947485B708339DACFAD0179A350FA13CE82BCA5524F121975F,228,qml:QtQuick.Controls.FluentWinUI3,qml,LIKELY_REQUIRED,PySide6 wheel tree SHA-256 match,,UNKNOWN
Release/External_Test/2026-07-30_audio-validation-fix/Qonic_Audio_v5.0_internal_test/_internal/PySide6/qml/QtQuick/Controls/FluentWinUI3/light/images/popup-background.png,7690C5117EE4B9D3E272732F2A6B1C5CBA56045FF393A8435BDFFFCF026A1315,5538,qml:QtQuick.Controls.FluentWinUI3,qml,LIKELY_REQUIRED,PySide6 wheel tree SHA-256 match,,UNKNOWN
Release/External_Test/2026-07-30_audio-validation-fix/Qonic_Audio_v5.0_internal_test/_internal/PySide6/qml/QtQuick/Controls/FluentWinUI3/light/images/popup-background@2x.png,9CC0D68CD4C31C60E81DF6546F57CDC15EFC329F446EC4022144EE9CE3CB600B,13452,qml:QtQuick.Controls.FluentWinUI3,qml,LIKELY_REQUIRED,PySide6 wheel tree SHA-256 match,,UNKNOWN
Release/External_Test/2026-07-30_audio-validation-fix/Qonic_Audio_v5.0_internal_test/_internal/PySide6/qml/QtQuick/Controls/FluentWinUI3/light/images/popup-background@3x.png,A66CF5760765A24B98CF93F033BD069B114882B19C6B5F5061E886F38A0E7BEA,26289,qml:QtQuick.Controls.FluentWinUI3,qml,LIKELY_REQUIRED,PySide6 wheel tree SHA-256 match,,UNKNOWN
Release/External_Test/2026-07-30_audio-validation-fix/Qonic_Audio_v5.0_internal_test/_internal/PySide6/qml/QtQuick/Controls/FluentWinUI3/light/images/progressbar-groove-disabled.png,1D6B5A8714DB160DDBA7A7F251C94615418B71CB59C4D727A60C9A2A997C5AC6,81,qml:QtQuick.Controls.FluentWinUI3,qml,LIKELY_REQUIRED,PySide6 wheel tree SHA-256 match,,UNKNOWN
Release/External_Test/2026-07-30_audio-validation-fix/Qonic_Audio_v5.0_internal_test/_internal/PySide6/qml/QtQuick/Controls/FluentWinUI3/light/images/progressbar-groove-disabled@2x.png,737D2E588C50CC4644237EFCD3F9454D4BC1A92B2158B0DD91A0C3EFAFDCBD2D,97,qml:QtQuick.Controls.FluentWinUI3,qml,LIKELY_REQUIRED,PySide6 wheel tree SHA-256 match,,UNKNOWN
Release/External_Test/2026-07-30_audio-validation-fix/Qonic_Audio_v5.0_internal_test/_internal/PySide6/qml/QtQuick/Controls/FluentWinUI3/light/images/progressbar-groove-disabled@3x.png,D359B5BEE9E8D834606D133FA4ACD1C61DFCB411610066C0813A477D3961B8E0,112,qml:QtQuick.Controls.FluentWinUI3,qml,LIKELY_REQUIRED,PySide6 wheel tree SHA-256 match,,UNKNOWN
Release/External_Test/2026-07-30_audio-validation-fix/Qonic_Audio_v5.0_internal_test/_internal/PySide6/qml/QtQuick/Controls/FluentWinUI3/light/images/progressbar-groove.png,D5D688B1324E336FA9D17D71691930BAF9E1AB256EF9E20C4E9FBAA6B2C36E76,81,qml:QtQuick.Controls.FluentWinUI3,qml,LIKELY_REQUIRED,PySide6 wheel tree SHA-256 match,,UNKNOWN
Release/External_Test/2026-07-30_audio-validation-fix/Qonic_Audio_v5.0_internal_test/_internal/PySide6/qml/QtQuick/Controls/FluentWinUI3/light/images/progressbar-groove@2x.png,F4CCD6280273A85701B971BC87E95C87B4B66AF05CCB192E8B1C7B58A328300D,101,qml:QtQuick.Controls.FluentWinUI3,qml,LIKELY_REQUIRED,PySide6 wheel tree SHA-256 match,,UNKNOWN
Release/External_Test/2026-07-30_audio-validation-fix/Qonic_Audio_v5.0_internal_test/_internal/PySide6/qml/QtQuick/Controls/FluentWinUI3/light/images/progressbar-groove@3x.png,B8B248D9972F816598462DF8E77B6DF5A3BA0C5B4DDEF8D4C8633C350313F336,113,qml:QtQuick.Controls.FluentWinUI3,qml,LIKELY_REQUIRED,PySide6 wheel tree SHA-256 match,,UNKNOWN
Release/External_Test/2026-07-30_audio-validation-fix/Qonic_Audio_v5.0_internal_test/_internal/PySide6/qml/QtQuick/Controls/FluentWinUI3/light/images/radiobutton-indicator-checked-disabled.png,BB263A4F849A27CDA6B0EC6CAB4143E6C2E98F11AAAFC2EEAE1A1D8FB95FA0F9,280,qml:QtQuick.Controls.FluentWinUI3,qml,LIKELY_REQUIRED,PySide6 wheel tree SHA-256 match,,UNKNOWN
Release/External_Test/2026-07-30_audio-validation-fix/Qonic_Audio_v5.0_internal_test/_internal/PySide6/qml/QtQuick/Controls/FluentWinUI3/light/images/radiobutton-indicator-checked-disabled@2x.png,E8B4DE89D5AB141A7FD5C8A9A68ACF5CFC555486552D57345318EDF508DF552E,409,qml:QtQuick.Controls.FluentWinUI3,qml,LIKELY_REQUIRED,PySide6 wheel tree SHA-256 match,,UNKNOWN
Release/External_Test/2026-07-30_audio-validation-fix/Qonic_Audio_v5.0_internal_test/_internal/PySide6/qml/QtQuick/Controls/FluentWinUI3/light/images/radiobutton-indicator-checked-disabled@3x.png,EF7A7B560D2376AA2DFE061CFF13232D45EF07470FBDBE703AC69B6E78699AA1,526,qml:QtQuick.Controls.FluentWinUI3,qml,LIKELY_REQUIRED,PySide6 wheel tree SHA-256 match,,UNKNOWN
Release/External_Test/2026-07-30_audio-validation-fix/Qonic_Audio_v5.0_internal_test/_internal/PySide6/qml/QtQuick/Controls/FluentWinUI3/light/images/radiobutton-indicator-checked-hovered.png,DABA4CDB0F25143C53EFE6B167679288132BF897EBBD8E515DB9F216F6EE47D1,326,qml:QtQuick.Controls.FluentWinUI3,qml,LIKELY_REQUIRED,PySide6 wheel tree SHA-256 match,,UNKNOWN
Release/External_Test/2026-07-30_audio-validation-fix/Qonic_Audio_v5.0_internal_test/_internal/PySide6/qml/QtQuick/Controls/FluentWinUI3/light/images/radiobutton-indicator-checked-hovered@2x.png,62869406126A84D11234302919E1DADE8B4E37B95466FA769C3EAE81B6AFF815,530,qml:QtQuick.Controls.FluentWinUI3,qml,LIKELY_REQUIRED,PySide6 wheel tree SHA-256 match,,UNKNOWN
Release/External_Test/2026-07-30_audio-validation-fix/Qonic_Audio_v5.0_internal_test/_internal/PySide6/qml/QtQuick/Controls/FluentWinUI3/light/images/radiobutton-indicator-checked-hovered@3x.png,ACC84C9A9C4837CA90387DF1927F4166138254F1420D82784557CD49F7B81DC2,673,qml:QtQuick.Controls.FluentWinUI3,qml,LIKELY_REQUIRED,PySide6 wheel tree SHA-256 match,,UNKNOWN
Release/External_Test/2026-07-30_audio-validation-fix/Qonic_Audio_v5.0_internal_test/_internal/PySide6/qml/QtQuick/Controls/FluentWinUI3/light/images/radiobutton-indicator-checked-pressed.png,D63E607912A99C042CAE5D86BC1E08386423B31B0409A5B97253847B04905939,327,qml:QtQuick.Controls.FluentWinUI3,qml,LIKELY_REQUIRED,PySide6 wheel tree SHA-256 match,,UNKNOWN
Release/External_Test/2026-07-30_audio-validation-fix/Qonic_Audio_v5.0_internal_test/_internal/PySide6/qml/QtQuick/Controls/FluentWinUI3/light/images/radiobutton-indicator-checked-pressed@2x.png,8ECE7ECD8DD4F2178C6071EE9230787E7C703A735A516D0FAA824C8F08C60A7B,548,qml:QtQuick.Controls.FluentWinUI3,qml,LIKELY_REQUIRED,PySide6 wheel tree SHA-256 match,,UNKNOWN
Release/External_Test/2026-07-30_audio-validation-fix/Qonic_Audio_v5.0_internal_test/_internal/PySide6/qml/QtQuick/Controls/FluentWinUI3/light/images/radiobutton-indicator-checked-pressed@3x.png,4BDD9455DE0E2B334627F8DE98B93A26DA964256C9AE15C872B23EC768CEC7E2,684,qml:QtQuick.Controls.FluentWinUI3,qml,LIKELY_REQUIRED,PySide6 wheel tree SHA-256 match,,UNKNOWN
Release/External_Test/2026-07-30_audio-validation-fix/Qonic_Audio_v5.0_internal_test/_internal/PySide6/qml/QtQuick/Controls/FluentWinUI3/light/images/radiobutton-indicator-checked.png,91C12005BA41733683493C77F3F139500A20D94DBC0A927EB582A6A43D87623F,288,qml:QtQuick.Controls.FluentWinUI3,qml,LIKELY_REQUIRED,PySide6 wheel tree SHA-256 match,,UNKNOWN
Release/External_Test/2026-07-30_audio-validation-fix/Qonic_Audio_v5.0_internal_test/_internal/PySide6/qml/QtQuick/Controls/FluentWinUI3/light/images/radiobutton-indicator-checked@2x.png,2853BB46D2F166DFB245951FB4351E018C271DBAA4C35EA739A6194668EBAA4D,432,qml:QtQuick.Controls.FluentWinUI3,qml,LIKELY_REQUIRED,PySide6 wheel tree SHA-256 match,,UNKNOWN
Release/External_Test/2026-07-30_audio-validation-fix/Qonic_Audio_v5.0_internal_test/_internal/PySide6/qml/QtQuick/Controls/FluentWinUI3/light/images/radiobutton-indicator-checked@3x.png,EB4DF561A82D47B7A7D8992F9DB2C25B7E554FED73A1A33BC4BC6BA5E6B6DF72,567,qml:QtQuick.Controls.FluentWinUI3,qml,LIKELY_REQUIRED,PySide6 wheel tree SHA-256 match,,UNKNOWN
Release/External_Test/2026-07-30_audio-validation-fix/Qonic_Audio_v5.0_internal_test/_internal/PySide6/qml/QtQuick/Controls/FluentWinUI3/light/images/radiobutton-indicator-disabled.png,A7BF141666C258757F48A6C4981AAE75E4EA7160B6A24A2978032D6A55006544,341,qml:QtQuick.Controls.FluentWinUI3,qml,LIKELY_REQUIRED,PySide6 wheel tree SHA-256 match,,UNKNOWN
Release/External_Test/2026-07-30_audio-validation-fix/Qonic_Audio_v5.0_internal_test/_internal/PySide6/qml/QtQuick/Controls/FluentWinUI3/light/images/radiobutton-indicator-disabled@2x.png,BBC5B54B0B187711AB37223B128FC2CA640B87CE39EC8C43283FC1C7FE1E61A1,532,qml:QtQuick.Controls.FluentWinUI3,qml,LIKELY_REQUIRED,PySide6 wheel tree SHA-256 match,,UNKNOWN
Release/External_Test/2026-07-30_audio-validation-fix/Qonic_Audio_v5.0_internal_test/_internal/PySide6/qml/QtQuick/Controls/FluentWinUI3/light/images/radiobutton-indicator-disabled@3x.png,9BB595AA73EF1755AB7E01C4A6B21B70B15E2BEDABD0590B61B3EE56D45425EC,700,qml:QtQuick.Controls.FluentWinUI3,qml,LIKELY_REQUIRED,PySide6 wheel tree SHA-256 match,,UNKNOWN
Release/External_Test/2026-07-30_audio-validation-fix/Qonic_Audio_v5.0_internal_test/_internal/PySide6/qml/QtQuick/Controls/FluentWinUI3/light/images/radiobutton-indicator-hovered.png,273A799E8E6E8FA875DC8008A7F712760DFB306C5139EE54EB98356078B23F89,388,qml:QtQuick.Controls.FluentWinUI3,qml,LIKELY_REQUIRED,PySide6 wheel tree SHA-256 match,,UNKNOWN
Release/External_Test/2026-07-30_audio-validation-fix/Qonic_Audio_v5.0_internal_test/_internal/PySide6/qml/QtQuick/Controls/FluentWinUI3/light/images/radiobutton-indicator-hovered@2x.png,BDD415803436FDB5407376EEC08DF33323A781FEE1CF19871E32E0277ACC87DB,619,qml:QtQuick.Controls.FluentWinUI3,qml,LIKELY_REQUIRED,PySide6 wheel tree SHA-256 match,,UNKNOWN
Release/External_Test/2026-07-30_audio-validation-fix/Qonic_Audio_v5.0_internal_test/_internal/PySide6/qml/QtQuick/Controls/FluentWinUI3/light/images/radiobutton-indicator-hovered@3x.png,3F0CEB2685A77849ED3F66131ED7C39A892148DA654368D97B6E05EA0CF37B77,793,qml:QtQuick.Controls.FluentWinUI3,qml,LIKELY_REQUIRED,PySide6 wheel tree SHA-256 match,,UNKNOWN
Release/External_Test/2026-07-30_audio-validation-fix/Qonic_Audio_v5.0_internal_test/_internal/PySide6/qml/QtQuick/Controls/FluentWinUI3/light/images/radiobutton-indicator-pressed.png,BD3036DE9978AF6BA9B883EBEE57F2516B3D432CCA3D62ADF0C04251FE20D16F,360,qml:QtQuick.Controls.FluentWinUI3,qml,LIKELY_REQUIRED,PySide6 wheel tree SHA-256 match,,UNKNOWN
Release/External_Test/2026-07-30_audio-validation-fix/Qonic_Audio_v5.0_internal_test/_internal/PySide6/qml/QtQuick/Controls/FluentWinUI3/light/images/radiobutton-indicator-pressed@2x.png,21A20C9AB4C736482FA216F0AFF0C67FC8FA355903D9E843D82E038624BBD833,573,qml:QtQuick.Controls.FluentWinUI3,qml,LIKELY_REQUIRED,PySide6 wheel tree SHA-256 match,,UNKNOWN
Release/External_Test/2026-07-30_audio-validation-fix/Qonic_Audio_v5.0_internal_test/_internal/PySide6/qml/QtQuick/Controls/FluentWinUI3/light/images/radiobutton-indicator-pressed@3x.png,C234D7BBB4B7F417438BD5B24E4618316A3CC7D0C9ABD8D1CFAE5E98D47E94B7,756,qml:QtQuick.Controls.FluentWinUI3,qml,LIKELY_REQUIRED,PySide6 wheel tree SHA-256 match,,UNKNOWN
Release/External_Test/2026-07-30_audio-validation-fix/Qonic_Audio_v5.0_internal_test/_internal/PySide6/qml/QtQuick/Controls/FluentWinUI3/light/images/radiobutton-indicator.png,968343CFCD4751C55DD7E0F3A7D46EA8561B82361A3E669309AC95232AC797E4,397,qml:QtQuick.Controls.FluentWinUI3,qml,LIKELY_REQUIRED,PySide6 wheel tree SHA-256 match,,UNKNOWN
Release/External_Test/2026-07-30_audio-validation-fix/Qonic_Audio_v5.0_internal_test/_internal/PySide6/qml/QtQuick/Controls/FluentWinUI3/light/images/radiobutton-indicator@2x.png,2D94DDF31D68BDD581C8787B630F5970C80BD2B6E3841D474F7B2E4264152041,637,qml:QtQuick.Controls.FluentWinUI3,qml,LIKELY_REQUIRED,PySide6 wheel tree SHA-256 match,,UNKNOWN
Release/External_Test/2026-07-30_audio-validation-fix/Qonic_Audio_v5.0_internal_test/_internal/PySide6/qml/QtQuick/Controls/FluentWinUI3/light/images/radiobutton-indicator@3x.png,39E9AC27287F63C30D7F433FD6210CF4527D20580CB4C5A66F00E48332181D39,820,qml:QtQuick.Controls.FluentWinUI3,qml,LIKELY_REQUIRED,PySide6 wheel tree SHA-256 match,,UNKNOWN
Release/External_Test/2026-07-30_audio-validation-fix/Qonic_Audio_v5.0_internal_test/_internal/PySide6/qml/QtQuick/Controls/FluentWinUI3/light/images/rangeslider-first-handle-disabled.png,D0F2F23CE73F6559FA3A61F4E7C068875E321DC6ACA3A0EB6A423AE94054B92A,343,qml:QtQuick.Controls.FluentWinUI3,qml,LIKELY_REQUIRED,PySide6 wheel tree SHA-256 match,,UNKNOWN
Release/External_Test/2026-07-30_audio-validation-fix/Qonic_Audio_v5.0_internal_test/_internal/PySide6/qml/QtQuick/Controls/FluentWinUI3/light/images/rangeslider-first-handle-disabled@2x.png,5D2C7B18155DB2F3583896FDE0ADDCCC481A816A9B36531B201BC5E31BBB35AB,590,qml:QtQuick.Controls.FluentWinUI3,qml,LIKELY_REQUIRED,PySide6 wheel tree SHA-256 match,,UNKNOWN
Release/External_Test/2026-07-30_audio-validation-fix/Qonic_Audio_v5.0_internal_test/_internal/PySide6/qml/QtQuick/Controls/FluentWinUI3/light/images/rangeslider-first-handle-disabled@3x.png,7AFEA33B4B6109FCCAD617FC05BA2FFC422BC60B02E805303E129CA9954953A1,780,qml:QtQuick.Controls.FluentWinUI3,qml,LIKELY_REQUIRED,PySide6 wheel tree SHA-256 match,,UNKNOWN
Release/External_Test/2026-07-30_audio-validation-fix/Qonic_Audio_v5.0_internal_test/_internal/PySide6/qml/QtQuick/Controls/FluentWinUI3/light/images/rangeslider-first-handle-handle-pressed.png,D0F2F23CE73F6559FA3A61F4E7C068875E321DC6ACA3A0EB6A423AE94054B92A,343,qml:QtQuick.Controls.FluentWinUI3,qml,LIKELY_REQUIRED,PySide6 wheel tree SHA-256 match,,UNKNOWN
Release/External_Test/2026-07-30_audio-validation-fix/Qonic_Audio_v5.0_internal_test/_internal/PySide6/qml/QtQuick/Controls/FluentWinUI3/light/images/rangeslider-first-handle-handle-pressed@2x.png,5D2C7B18155DB2F3583896FDE0ADDCCC481A816A9B36531B201BC5E31BBB35AB,590,qml:QtQuick.Controls.FluentWinUI3,qml,LIKELY_REQUIRED,PySide6 wheel tree SHA-256 match,,UNKNOWN
Release/External_Test/2026-07-30_audio-validation-fix/Qonic_Audio_v5.0_internal_test/_internal/PySide6/qml/QtQuick/Controls/FluentWinUI3/light/images/rangeslider-first-handle-handle-pressed@3x.png,7AFEA33B4B6109FCCAD617FC05BA2FFC422BC60B02E805303E129CA9954953A1,780,qml:QtQuick.Controls.FluentWinUI3,qml,LIKELY_REQUIRED,PySide6 wheel tree SHA-256 match,,UNKNOWN
Release/External_Test/2026-07-30_audio-validation-fix/Qonic_Audio_v5.0_internal_test/_internal/PySide6/qml/QtQuick/Controls/FluentWinUI3/light/images/rangeslider-first-handle-hovered.png,3BD1CBA7B0517257DE59EA097E188EBAA706B7BBFCA338A29DDBEC2D944C5567,513,qml:QtQuick.Controls.FluentWinUI3,qml,LIKELY_REQUIRED,PySide6 wheel tree SHA-256 match,,UNKNOWN
Release/External_Test/2026-07-30_audio-validation-fix/Qonic_Audio_v5.0_internal_test/_internal/PySide6/qml/QtQuick/Controls/FluentWinUI3/light/images/rangeslider-first-handle-hovered@2x.png,CAF1DC9E14B96D649FBC00A5210FBD0E209FEE56C724BA746EA7A22EDF73D5AC,1086,qml:QtQuick.Controls.FluentWinUI3,qml,LIKELY_REQUIRED,PySide6 wheel tree SHA-256 match,,UNKNOWN
Release/External_Test/2026-07-30_audio-validation-fix/Qonic_Audio_v5.0_internal_test/_internal/PySide6/qml/QtQuick/Controls/FluentWinUI3/light/images/rangeslider-first-handle-hovered@3x.png,34A47DC79F253F27A7757D747F3402559294FE080D1409890FFAEAAD1A3D7B1E,1545,qml:QtQuick.Controls.FluentWinUI3,qml,LIKELY_REQUIRED,PySide6 wheel tree SHA-256 match,,UNKNOWN
Release/External_Test/2026-07-30_audio-validation-fix/Qonic_Audio_v5.0_internal_test/_internal/PySide6/qml/QtQuick/Controls/FluentWinUI3/light/images/rangeslider-first-handle.png,3BD1CBA7B0517257DE59EA097E188EBAA706B7BBFCA338A29DDBEC2D944C5567,513,qml:QtQuick.Controls.FluentWinUI3,qml,LIKELY_REQUIRED,PySide6 wheel tree SHA-256 match,,UNKNOWN
Release/External_Test/2026-07-30_audio-validation-fix/Qonic_Audio_v5.0_internal_test/_internal/PySide6/qml/QtQuick/Controls/FluentWinUI3/light/images/rangeslider-first-handle@2x.png,CAF1DC9E14B96D649FBC00A5210FBD0E209FEE56C724BA746EA7A22EDF73D5AC,1086,qml:QtQuick.Controls.FluentWinUI3,qml,LIKELY_REQUIRED,PySide6 wheel tree SHA-256 match,,UNKNOWN
Release/External_Test/2026-07-30_audio-validation-fix/Qonic_Audio_v5.0_internal_test/_internal/PySide6/qml/QtQuick/Controls/FluentWinUI3/light/images/rangeslider-first-handle@3x.png,34A47DC79F253F27A7757D747F3402559294FE080D1409890FFAEAAD1A3D7B1E,1545,qml:QtQuick.Controls.FluentWinUI3,qml,LIKELY_REQUIRED,PySide6 wheel tree SHA-256 match,,UNKNOWN
Release/External_Test/2026-07-30_audio-validation-fix/Qonic_Audio_v5.0_internal_test/_internal/PySide6/qml/QtQuick/Controls/FluentWinUI3/light/images/rangeslider-groove-disabled.png,A3F3E6EFAAAC54BBF0ED0485B7CC41EC04BE9497F5903646A5C363DBE6C9936B,128,qml:QtQuick.Controls.FluentWinUI3,qml,LIKELY_REQUIRED,PySide6 wheel tree SHA-256 match,,UNKNOWN
Release/External_Test/2026-07-30_audio-validation-fix/Qonic_Audio_v5.0_internal_test/_internal/PySide6/qml/QtQuick/Controls/FluentWinUI3/light/images/rangeslider-groove-disabled@2x.png,FEA9A28D7390D7C201760840705E6CCF484F566A8DFE5FF32E509703B2C154D4,174,qml:QtQuick.Controls.FluentWinUI3,qml,LIKELY_REQUIRED,PySide6 wheel tree SHA-256 match,,UNKNOWN
Release/External_Test/2026-07-30_audio-validation-fix/Qonic_Audio_v5.0_internal_test/_internal/PySide6/qml/QtQuick/Controls/FluentWinUI3/light/images/rangeslider-groove-disabled@3x.png,EAF11B181D7A501EE66C823EBAAF7DB3321BEEEB3801CDDDDC5066DFA0674878,212,qml:QtQuick.Controls.FluentWinUI3,qml,LIKELY_REQUIRED,PySide6 wheel tree SHA-256 match,,UNKNOWN
Release/External_Test/2026-07-30_audio-validation-fix/Qonic_Audio_v5.0_internal_test/_internal/PySide6/qml/QtQuick/Controls/FluentWinUI3/light/images/rangeslider-groove-handle-pressed.png,3235F1B7E4FA0D316B1AA5C3B92EA6586DAEE896E43222F648670E8FA6D71368,128,qml:QtQuick.Controls.FluentWinUI3,qml,LIKELY_REQUIRED,PySide6 wheel tree SHA-256 match,,UNKNOWN
Release/External_Test/2026-07-30_audio-validation-fix/Qonic_Audio_v5.0_internal_test/_internal/PySide6/qml/QtQuick/Controls/FluentWinUI3/light/images/rangeslider-groove-handle-pressed@2x.png,5AD959DF793D952CC1B275096EE13EEB553DC0357CAA2EFCF2A4350363A6D363,180,qml:QtQuick.Controls.FluentWinUI3,qml,LIKELY_REQUIRED,PySide6 wheel tree SHA-256 match,,UNKNOWN
Release/External_Test/2026-07-30_audio-validation-fix/Qonic_Audio_v5.0_internal_test/_internal/PySide6/qml/QtQuick/Controls/FluentWinUI3/light/images/rangeslider-groove-handle-pressed@3x.png,9A91628CCE9D93E0943532402060B64790218C391BBD3EA7367C29C0E266ADB5,231,qml:QtQuick.Controls.FluentWinUI3,qml,LIKELY_REQUIRED,PySide6 wheel tree SHA-256 match,,UNKNOWN
Release/External_Test/2026-07-30_audio-validation-fix/Qonic_Audio_v5.0_internal_test/_internal/PySide6/qml/QtQuick/Controls/FluentWinUI3/light/images/rangeslider-groove-hovered.png,3235F1B7E4FA0D316B1AA5C3B92EA6586DAEE896E43222F648670E8FA6D71368,128,qml:QtQuick.Controls.FluentWinUI3,qml,LIKELY_REQUIRED,PySide6 wheel tree SHA-256 match,,UNKNOWN
Release/External_Test/2026-07-30_audio-validation-fix/Qonic_Audio_v5.0_internal_test/_internal/PySide6/qml/QtQuick/Controls/FluentWinUI3/light/images/rangeslider-groove-hovered@2x.png,5AD959DF793D952CC1B275096EE13EEB553DC0357CAA2EFCF2A4350363A6D363,180,qml:QtQuick.Controls.FluentWinUI3,qml,LIKELY_REQUIRED,PySide6 wheel tree SHA-256 match,,UNKNOWN
Release/External_Test/2026-07-30_audio-validation-fix/Qonic_Audio_v5.0_internal_test/_internal/PySide6/qml/QtQuick/Controls/FluentWinUI3/light/images/rangeslider-groove-hovered@3x.png,9A91628CCE9D93E0943532402060B64790218C391BBD3EA7367C29C0E266ADB5,231,qml:QtQuick.Controls.FluentWinUI3,qml,LIKELY_REQUIRED,PySide6 wheel tree SHA-256 match,,UNKNOWN
Release/External_Test/2026-07-30_audio-validation-fix/Qonic_Audio_v5.0_internal_test/_internal/PySide6/qml/QtQuick/Controls/FluentWinUI3/light/images/rangeslider-groove.png,3235F1B7E4FA0D316B1AA5C3B92EA6586DAEE896E43222F648670E8FA6D71368,128,qml:QtQuick.Controls.FluentWinUI3,qml,LIKELY_REQUIRED,PySide6 wheel tree SHA-256 match,,UNKNOWN
Release/External_Test/2026-07-30_audio-validation-fix/Qonic_Audio_v5.0_internal_test/_internal/PySide6/qml/QtQuick/Controls/FluentWinUI3/light/images/rangeslider-groove@2x.png,5AD959DF793D952CC1B275096EE13EEB553DC0357CAA2EFCF2A4350363A6D363,180,qml:QtQuick.Controls.FluentWinUI3,qml,LIKELY_REQUIRED,PySide6 wheel tree SHA-256 match,,UNKNOWN
Release/External_Test/2026-07-30_audio-validation-fix/Qonic_Audio_v5.0_internal_test/_internal/PySide6/qml/QtQuick/Controls/FluentWinUI3/light/images/rangeslider-groove@3x.png,9A91628CCE9D93E0943532402060B64790218C391BBD3EA7367C29C0E266ADB5,231,qml:QtQuick.Controls.FluentWinUI3,qml,LIKELY_REQUIRED,PySide6 wheel tree SHA-256 match,,UNKNOWN
Release/External_Test/2026-07-30_audio-validation-fix/Qonic_Audio_v5.0_internal_test/_internal/PySide6/qml/QtQuick/Controls/FluentWinUI3/light/images/rangeslider-second-handle-disabled.png,D0F2F23CE73F6559FA3A61F4E7C068875E321DC6ACA3A0EB6A423AE94054B92A,343,qml:QtQuick.Controls.FluentWinUI3,qml,LIKELY_REQUIRED,PySide6 wheel tree SHA-256 match,,UNKNOWN
Release/External_Test/2026-07-30_audio-validation-fix/Qonic_Audio_v5.0_internal_test/_internal/PySide6/qml/QtQuick/Controls/FluentWinUI3/light/images/rangeslider-second-handle-disabled@2x.png,5D2C7B18155DB2F3583896FDE0ADDCCC481A816A9B36531B201BC5E31BBB35AB,590,qml:QtQuick.Controls.FluentWinUI3,qml,LIKELY_REQUIRED,PySide6 wheel tree SHA-256 match,,UNKNOWN
Release/External_Test/2026-07-30_audio-validation-fix/Qonic_Audio_v5.0_internal_test/_internal/PySide6/qml/QtQuick/Controls/FluentWinUI3/light/images/rangeslider-second-handle-disabled@3x.png,7AFEA33B4B6109FCCAD617FC05BA2FFC422BC60B02E805303E129CA9954953A1,780,qml:QtQuick.Controls.FluentWinUI3,qml,LIKELY_REQUIRED,PySide6 wheel tree SHA-256 match,,UNKNOWN
Release/External_Test/2026-07-30_audio-validation-fix/Qonic_Audio_v5.0_internal_test/_internal/PySide6/qml/QtQuick/Controls/FluentWinUI3/light/images/rangeslider-second-handle-handle-pressed.png,D0F2F23CE73F6559FA3A61F4E7C068875E321DC6ACA3A0EB6A423AE94054B92A,343,qml:QtQuick.Controls.FluentWinUI3,qml,LIKELY_REQUIRED,PySide6 wheel tree SHA-256 match,,UNKNOWN
Release/External_Test/2026-07-30_audio-validation-fix/Qonic_Audio_v5.0_internal_test/_internal/PySide6/qml/QtQuick/Controls/FluentWinUI3/light/images/rangeslider-second-handle-handle-pressed@2x.png,5D2C7B18155DB2F3583896FDE0ADDCCC481A816A9B36531B201BC5E31BBB35AB,590,qml:QtQuick.Controls.FluentWinUI3,qml,LIKELY_REQUIRED,PySide6 wheel tree SHA-256 match,,UNKNOWN
Release/External_Test/2026-07-30_audio-validation-fix/Qonic_Audio_v5.0_internal_test/_internal/PySide6/qml/QtQuick/Controls/FluentWinUI3/light/images/rangeslider-second-handle-handle-pressed@3x.png,7AFEA33B4B6109FCCAD617FC05BA2FFC422BC60B02E805303E129CA9954953A1,780,qml:QtQuick.Controls.FluentWinUI3,qml,LIKELY_REQUIRED,PySide6 wheel tree SHA-256 match,,UNKNOWN
Release/External_Test/2026-07-30_audio-validation-fix/Qonic_Audio_v5.0_internal_test/_internal/PySide6/qml/QtQuick/Controls/FluentWinUI3/light/images/rangeslider-second-handle-hovered.png,3BD1CBA7B0517257DE59EA097E188EBAA706B7BBFCA338A29DDBEC2D944C5567,513,qml:QtQuick.Controls.FluentWinUI3,qml,LIKELY_REQUIRED,PySide6 wheel tree SHA-256 match,,UNKNOWN
Release/External_Test/2026-07-30_audio-validation-fix/Qonic_Audio_v5.0_internal_test/_internal/PySide6/qml/QtQuick/Controls/FluentWinUI3/light/images/rangeslider-second-handle-hovered@2x.png,CAF1DC9E14B96D649FBC00A5210FBD0E209FEE56C724BA746EA7A22EDF73D5AC,1086,qml:QtQuick.Controls.FluentWinUI3,qml,LIKELY_REQUIRED,PySide6 wheel tree SHA-256 match,,UNKNOWN
Release/External_Test/2026-07-30_audio-validation-fix/Qonic_Audio_v5.0_internal_test/_internal/PySide6/qml/QtQuick/Controls/FluentWinUI3/light/images/rangeslider-second-handle-hovered@3x.png,34A47DC79F253F27A7757D747F3402559294FE080D1409890FFAEAAD1A3D7B1E,1545,qml:QtQuick.Controls.FluentWinUI3,qml,LIKELY_REQUIRED,PySide6 wheel tree SHA-256 match,,UNKNOWN
Release/External_Test/2026-07-30_audio-validation-fix/Qonic_Audio_v5.0_internal_test/_internal/PySide6/qml/QtQuick/Controls/FluentWinUI3/light/images/rangeslider-second-handle.png,3BD1CBA7B0517257DE59EA097E188EBAA706B7BBFCA338A29DDBEC2D944C5567,513,qml:QtQuick.Controls.FluentWinUI3,qml,LIKELY_REQUIRED,PySide6 wheel tree SHA-256 match,,UNKNOWN
Release/External_Test/2026-07-30_audio-validation-fix/Qonic_Audio_v5.0_internal_test/_internal/PySide6/qml/QtQuick/Controls/FluentWinUI3/light/images/rangeslider-second-handle@2x.png,CAF1DC9E14B96D649FBC00A5210FBD0E209FEE56C724BA746EA7A22EDF73D5AC,1086,qml:QtQuick.Controls.FluentWinUI3,qml,LIKELY_REQUIRED,PySide6 wheel tree SHA-256 match,,UNKNOWN
Release/External_Test/2026-07-30_audio-validation-fix/Qonic_Audio_v5.0_internal_test/_internal/PySide6/qml/QtQuick/Controls/FluentWinUI3/light/images/rangeslider-second-handle@3x.png,34A47DC79F253F27A7757D747F3402559294FE080D1409890FFAEAAD1A3D7B1E,1545,qml:QtQuick.Controls.FluentWinUI3,qml,LIKELY_REQUIRED,PySide6 wheel tree SHA-256 match,,UNKNOWN
Release/External_Test/2026-07-30_audio-validation-fix/Qonic_Audio_v5.0_internal_test/_internal/PySide6/qml/QtQuick/Controls/FluentWinUI3/light/images/slider-groove-disabled.png,124E2017FF335A14F6C889028CC101659B749B287C8FE97F7C7CFA68C15C7C72,129,qml:QtQuick.Controls.FluentWinUI3,qml,LIKELY_REQUIRED,PySide6 wheel tree SHA-256 match,,UNKNOWN
Release/External_Test/2026-07-30_audio-validation-fix/Qonic_Audio_v5.0_internal_test/_internal/PySide6/qml/QtQuick/Controls/FluentWinUI3/light/images/slider-groove-disabled@2x.png,A2AB7A2818502F7C511628CC856881C9BA5A64F29F780352F085B14AEBF5A221,179,qml:QtQuick.Controls.FluentWinUI3,qml,LIKELY_REQUIRED,PySide6 wheel tree SHA-256 match,,UNKNOWN
Release/External_Test/2026-07-30_audio-validation-fix/Qonic_Audio_v5.0_internal_test/_internal/PySide6/qml/QtQuick/Controls/FluentWinUI3/light/images/slider-groove-disabled@3x.png,6FAEF0EC2F14BA93454C9E56D49B464AB16FBA987E69380F64A7D1E7B8E0E1A4,214,qml:QtQuick.Controls.FluentWinUI3,qml,LIKELY_REQUIRED,PySide6 wheel tree SHA-256 match,,UNKNOWN
Release/External_Test/2026-07-30_audio-validation-fix/Qonic_Audio_v5.0_internal_test/_internal/PySide6/qml/QtQuick/Controls/FluentWinUI3/light/images/slider-groove-hovered.png,233A82176FFCD3C6D906B605BD08E413347EE9DF6B09AD746F84469116A54811,129,qml:QtQuick.Controls.FluentWinUI3,qml,LIKELY_REQUIRED,PySide6 wheel tree SHA-256 match,,UNKNOWN
Release/External_Test/2026-07-30_audio-validation-fix/Qonic_Audio_v5.0_internal_test/_internal/PySide6/qml/QtQuick/Controls/FluentWinUI3/light/images/slider-groove-hovered@2x.png,FFA7FF4E1328851E3F65E0F07C5D07E6A0B6B3C564A22493A0E53E733A4339C9,176,qml:QtQuick.Controls.FluentWinUI3,qml,LIKELY_REQUIRED,PySide6 wheel tree SHA-256 match,,UNKNOWN
Release/External_Test/2026-07-30_audio-validation-fix/Qonic_Audio_v5.0_internal_test/_internal/PySide6/qml/QtQuick/Controls/FluentWinUI3/light/images/slider-groove-hovered@3x.png,F823805FA4D01E7E4584CD2630A9099EB9720419FCEAD1BE34888D32BAF94BAB,234,qml:QtQuick.Controls.FluentWinUI3,qml,LIKELY_REQUIRED,PySide6 wheel tree SHA-256 match,,UNKNOWN
Release/External_Test/2026-07-30_audio-validation-fix/Qonic_Audio_v5.0_internal_test/_internal/PySide6/qml/QtQuick/Controls/FluentWinUI3/light/images/slider-groove-pressed.png,233A82176FFCD3C6D906B605BD08E413347EE9DF6B09AD746F84469116A54811,129,qml:QtQuick.Controls.FluentWinUI3,qml,LIKELY_REQUIRED,PySide6 wheel tree SHA-256 match,,UNKNOWN
Release/External_Test/2026-07-30_audio-validation-fix/Qonic_Audio_v5.0_internal_test/_internal/PySide6/qml/QtQuick/Controls/FluentWinUI3/light/images/slider-groove-pressed@2x.png,FFA7FF4E1328851E3F65E0F07C5D07E6A0B6B3C564A22493A0E53E733A4339C9,176,qml:QtQuick.Controls.FluentWinUI3,qml,LIKELY_REQUIRED,PySide6 wheel tree SHA-256 match,,UNKNOWN
Release/External_Test/2026-07-30_audio-validation-fix/Qonic_Audio_v5.0_internal_test/_internal/PySide6/qml/QtQuick/Controls/FluentWinUI3/light/images/slider-groove-pressed@3x.png,F823805FA4D01E7E4584CD2630A9099EB9720419FCEAD1BE34888D32BAF94BAB,234,qml:QtQuick.Controls.FluentWinUI3,qml,LIKELY_REQUIRED,PySide6 wheel tree SHA-256 match,,UNKNOWN
Release/External_Test/2026-07-30_audio-validation-fix/Qonic_Audio_v5.0_internal_test/_internal/PySide6/qml/QtQuick/Controls/FluentWinUI3/light/images/slider-groove.png,233A82176FFCD3C6D906B605BD08E413347EE9DF6B09AD746F84469116A54811,129,qml:QtQuick.Controls.FluentWinUI3,qml,LIKELY_REQUIRED,PySide6 wheel tree SHA-256 match,,UNKNOWN
Release/External_Test/2026-07-30_audio-validation-fix/Qonic_Audio_v5.0_internal_test/_internal/PySide6/qml/QtQuick/Controls/FluentWinUI3/light/images/slider-groove@2x.png,FFA7FF4E1328851E3F65E0F07C5D07E6A0B6B3C564A22493A0E53E733A4339C9,176,qml:QtQuick.Controls.FluentWinUI3,qml,LIKELY_REQUIRED,PySide6 wheel tree SHA-256 match,,UNKNOWN
Release/External_Test/2026-07-30_audio-validation-fix/Qonic_Audio_v5.0_internal_test/_internal/PySide6/qml/QtQuick/Controls/FluentWinUI3/light/images/slider-groove@3x.png,F823805FA4D01E7E4584CD2630A9099EB9720419FCEAD1BE34888D32BAF94BAB,234,qml:QtQuick.Controls.FluentWinUI3,qml,LIKELY_REQUIRED,PySide6 wheel tree SHA-256 match,,UNKNOWN
Release/External_Test/2026-07-30_audio-validation-fix/Qonic_Audio_v5.0_internal_test/_internal/PySide6/qml/QtQuick/Controls/FluentWinUI3/light/images/slider-handle-disabled.png,D0F2F23CE73F6559FA3A61F4E7C068875E321DC6ACA3A0EB6A423AE94054B92A,343,qml:QtQuick.Controls.FluentWinUI3,qml,LIKELY_REQUIRED,PySide6 wheel tree SHA-256 match,,UNKNOWN
Release/External_Test/2026-07-30_audio-validation-fix/Qonic_Audio_v5.0_internal_test/_internal/PySide6/qml/QtQuick/Controls/FluentWinUI3/light/images/slider-handle-disabled@2x.png,5D2C7B18155DB2F3583896FDE0ADDCCC481A816A9B36531B201BC5E31BBB35AB,590,qml:QtQuick.Controls.FluentWinUI3,qml,LIKELY_REQUIRED,PySide6 wheel tree SHA-256 match,,UNKNOWN
Release/External_Test/2026-07-30_audio-validation-fix/Qonic_Audio_v5.0_internal_test/_internal/PySide6/qml/QtQuick/Controls/FluentWinUI3/light/images/slider-handle-disabled@3x.png,7AFEA33B4B6109FCCAD617FC05BA2FFC422BC60B02E805303E129CA9954953A1,780,qml:QtQuick.Controls.FluentWinUI3,qml,LIKELY_REQUIRED,PySide6 wheel tree SHA-256 match,,UNKNOWN
Release/External_Test/2026-07-30_audio-validation-fix/Qonic_Audio_v5.0_internal_test/_internal/PySide6/qml/QtQuick/Controls/FluentWinUI3/light/images/slider-handle-hovered.png,3BD1CBA7B0517257DE59EA097E188EBAA706B7BBFCA338A29DDBEC2D944C5567,513,qml:QtQuick.Controls.FluentWinUI3,qml,LIKELY_REQUIRED,PySide6 wheel tree SHA-256 match,,UNKNOWN
Release/External_Test/2026-07-30_audio-validation-fix/Qonic_Audio_v5.0_internal_test/_internal/PySide6/qml/QtQuick/Controls/FluentWinUI3/light/images/slider-handle-hovered@2x.png,CAF1DC9E14B96D649FBC00A5210FBD0E209FEE56C724BA746EA7A22EDF73D5AC,1086,qml:QtQuick.Controls.FluentWinUI3,qml,LIKELY_REQUIRED,PySide6 wheel tree SHA-256 match,,UNKNOWN
Release/External_Test/2026-07-30_audio-validation-fix/Qonic_Audio_v5.0_internal_test/_internal/PySide6/qml/QtQuick/Controls/FluentWinUI3/light/images/slider-handle-hovered@3x.png,34A47DC79F253F27A7757D747F3402559294FE080D1409890FFAEAAD1A3D7B1E,1545,qml:QtQuick.Controls.FluentWinUI3,qml,LIKELY_REQUIRED,PySide6 wheel tree SHA-256 match,,UNKNOWN
Release/External_Test/2026-07-30_audio-validation-fix/Qonic_Audio_v5.0_internal_test/_internal/PySide6/qml/QtQuick/Controls/FluentWinUI3/light/images/slider-handle-pressed.png,D0F2F23CE73F6559FA3A61F4E7C068875E321DC6ACA3A0EB6A423AE94054B92A,343,qml:QtQuick.Controls.FluentWinUI3,qml,LIKELY_REQUIRED,PySide6 wheel tree SHA-256 match,,UNKNOWN
Release/External_Test/2026-07-30_audio-validation-fix/Qonic_Audio_v5.0_internal_test/_internal/PySide6/qml/QtQuick/Controls/FluentWinUI3/light/images/slider-handle-pressed@2x.png,5D2C7B18155DB2F3583896FDE0ADDCCC481A816A9B36531B201BC5E31BBB35AB,590,qml:QtQuick.Controls.FluentWinUI3,qml,LIKELY_REQUIRED,PySide6 wheel tree SHA-256 match,,UNKNOWN
Release/External_Test/2026-07-30_audio-validation-fix/Qonic_Audio_v5.0_internal_test/_internal/PySide6/qml/QtQuick/Controls/FluentWinUI3/light/images/slider-handle-pressed@3x.png,7AFEA33B4B6109FCCAD617FC05BA2FFC422BC60B02E805303E129CA9954953A1,780,qml:QtQuick.Controls.FluentWinUI3,qml,LIKELY_REQUIRED,PySide6 wheel tree SHA-256 match,,UNKNOWN
Release/External_Test/2026-07-30_audio-validation-fix/Qonic_Audio_v5.0_internal_test/_internal/PySide6/qml/QtQuick/Controls/FluentWinUI3/light/images/slider-handle.png,3BD1CBA7B0517257DE59EA097E188EBAA706B7BBFCA338A29DDBEC2D944C5567,513,qml:QtQuick.Controls.FluentWinUI3,qml,LIKELY_REQUIRED,PySide6 wheel tree SHA-256 match,,UNKNOWN
Release/External_Test/2026-07-30_audio-validation-fix/Qonic_Audio_v5.0_internal_test/_internal/PySide6/qml/QtQuick/Controls/FluentWinUI3/light/images/slider-handle@2x.png,CAF1DC9E14B96D649FBC00A5210FBD0E209FEE56C724BA746EA7A22EDF73D5AC,1086,qml:QtQuick.Controls.FluentWinUI3,qml,LIKELY_REQUIRED,PySide6 wheel tree SHA-256 match,,UNKNOWN
Release/External_Test/2026-07-30_audio-validation-fix/Qonic_Audio_v5.0_internal_test/_internal/PySide6/qml/QtQuick/Controls/FluentWinUI3/light/images/slider-handle@3x.png,34A47DC79F253F27A7757D747F3402559294FE080D1409890FFAEAAD1A3D7B1E,1545,qml:QtQuick.Controls.FluentWinUI3,qml,LIKELY_REQUIRED,PySide6 wheel tree SHA-256 match,,UNKNOWN
Release/External_Test/2026-07-30_audio-validation-fix/Qonic_Audio_v5.0_internal_test/_internal/PySide6/qml/QtQuick/Controls/FluentWinUI3/light/images/spinbox-background-atlimit.png,B690FF71125077A35907EE9DF97BB986FBEBB2EE82B1F443D86E25FD15738204,438,qml:QtQuick.Controls.FluentWinUI3,qml,LIKELY_REQUIRED,PySide6 wheel tree SHA-256 match,,UNKNOWN
Release/External_Test/2026-07-30_audio-validation-fix/Qonic_Audio_v5.0_internal_test/_internal/PySide6/qml/QtQuick/Controls/FluentWinUI3/light/images/spinbox-background-atlimit@2x.png,9B1916E06DD0605A1CB61052DE50CDA49723E08F280DFCE484B8B06D54CB1A17,992,qml:QtQuick.Controls.FluentWinUI3,qml,LIKELY_REQUIRED,PySide6 wheel tree SHA-256 match,,UNKNOWN
Release/External_Test/2026-07-30_audio-validation-fix/Qonic_Audio_v5.0_internal_test/_internal/PySide6/qml/QtQuick/Controls/FluentWinUI3/light/images/spinbox-background-atlimit@3x.png,AC3911723FBC5DBD7831C4049036F4F9D5B290A52164143D9E4846FC3FA5CEB0,1661,qml:QtQuick.Controls.FluentWinUI3,qml,LIKELY_REQUIRED,PySide6 wheel tree SHA-256 match,,UNKNOWN
Release/External_Test/2026-07-30_audio-validation-fix/Qonic_Audio_v5.0_internal_test/_internal/PySide6/qml/QtQuick/Controls/FluentWinUI3/light/images/spinbox-background-disabled.png,3D16F591FD1985865C7DEABED15B3291EF4350B142F12A685549F4027151F3A9,225,qml:QtQuick.Controls.FluentWinUI3,qml,LIKELY_REQUIRED,PySide6 wheel tree SHA-256 match,,UNKNOWN
Release/External_Test/2026-07-30_audio-validation-fix/Qonic_Audio_v5.0_internal_test/_internal/PySide6/qml/QtQuick/Controls/FluentWinUI3/light/images/spinbox-background-disabled@2x.png,DB13AE6398A4A63CC98350CD5549C6D7F883209BE78A37D97EBA11E84D1A0552,408,qml:QtQuick.Controls.FluentWinUI3,qml,LIKELY_REQUIRED,PySide6 wheel tree SHA-256 match,,UNKNOWN
Release/External_Test/2026-07-30_audio-validation-fix/Qonic_Audio_v5.0_internal_test/_internal/PySide6/qml/QtQuick/Controls/FluentWinUI3/light/images/spinbox-background-disabled@3x.png,DB0579C97D09EF783CB536D125B770A046A1BF2BAB7E09EA6A690477CFA6B0D5,617,qml:QtQuick.Controls.FluentWinUI3,qml,LIKELY_REQUIRED,PySide6 wheel tree SHA-256 match,,UNKNOWN
Release/External_Test/2026-07-30_audio-validation-fix/Qonic_Audio_v5.0_internal_test/_internal/PySide6/qml/QtQuick/Controls/FluentWinUI3/light/images/spinbox-background-down-hovered.png,B690FF71125077A35907EE9DF97BB986FBEBB2EE82B1F443D86E25FD15738204,438,qml:QtQuick.Controls.FluentWinUI3,qml,LIKELY_REQUIRED,PySide6 wheel tree SHA-256 match,,UNKNOWN
Release/External_Test/2026-07-30_audio-validation-fix/Qonic_Audio_v5.0_internal_test/_internal/PySide6/qml/QtQuick/Controls/FluentWinUI3/light/images/spinbox-background-down-hovered@2x.png,9B1916E06DD0605A1CB61052DE50CDA49723E08F280DFCE484B8B06D54CB1A17,992,qml:QtQuick.Controls.FluentWinUI3,qml,LIKELY_REQUIRED,PySide6 wheel tree SHA-256 match,,UNKNOWN
Release/External_Test/2026-07-30_audio-validation-fix/Qonic_Audio_v5.0_internal_test/_internal/PySide6/qml/QtQuick/Controls/FluentWinUI3/light/images/spinbox-background-down-hovered@3x.png,AC3911723FBC5DBD7831C4049036F4F9D5B290A52164143D9E4846FC3FA5CEB0,1661,qml:QtQuick.Controls.FluentWinUI3,qml,LIKELY_REQUIRED,PySide6 wheel tree SHA-256 match,,UNKNOWN
Release/External_Test/2026-07-30_audio-validation-fix/Qonic_Audio_v5.0_internal_test/_internal/PySide6/qml/QtQuick/Controls/FluentWinUI3/light/images/spinbox-background-down-pressed.png,B690FF71125077A35907EE9DF97BB986FBEBB2EE82B1F443D86E25FD15738204,438,qml:QtQuick.Controls.FluentWinUI3,qml,LIKELY_REQUIRED,PySide6 wheel tree SHA-256 match,,UNKNOWN
Release/External_Test/2026-07-30_audio-validation-fix/Qonic_Audio_v5.0_internal_test/_internal/PySide6/qml/QtQuick/Controls/FluentWinUI3/light/images/spinbox-background-down-pressed@2x.png,9B1916E06DD0605A1CB61052DE50CDA49723E08F280DFCE484B8B06D54CB1A17,992,qml:QtQuick.Controls.FluentWinUI3,qml,LIKELY_REQUIRED,PySide6 wheel tree SHA-256 match,,UNKNOWN
Release/External_Test/2026-07-30_audio-validation-fix/Qonic_Audio_v5.0_internal_test/_internal/PySide6/qml/QtQuick/Controls/FluentWinUI3/light/images/spinbox-background-down-pressed@3x.png,AC3911723FBC5DBD7831C4049036F4F9D5B290A52164143D9E4846FC3FA5CEB0,1661,qml:QtQuick.Controls.FluentWinUI3,qml,LIKELY_REQUIRED,PySide6 wheel tree SHA-256 match,,UNKNOWN
Release/External_Test/2026-07-30_audio-validation-fix/Qonic_Audio_v5.0_internal_test/_internal/PySide6/qml/QtQuick/Controls/FluentWinUI3/light/images/spinbox-background-hovered.png,792E9515D5DAF644883BB910EE672BF47994664F6A12F0F61A298EF4B5C02101,420,qml:QtQuick.Controls.FluentWinUI3,qml,LIKELY_REQUIRED,PySide6 wheel tree SHA-256 match,,UNKNOWN
Release/External_Test/2026-07-30_audio-validation-fix/Qonic_Audio_v5.0_internal_test/_internal/PySide6/qml/QtQuick/Controls/FluentWinUI3/light/images/spinbox-background-hovered@2x.png,326CAC82545876DDAF60F70DB473B7CF78FACF994FC412CC059E8CC472C724D5,995,qml:QtQuick.Controls.FluentWinUI3,qml,LIKELY_REQUIRED,PySide6 wheel tree SHA-256 match,,UNKNOWN
Release/External_Test/2026-07-30_audio-validation-fix/Qonic_Audio_v5.0_internal_test/_internal/PySide6/qml/QtQuick/Controls/FluentWinUI3/light/images/spinbox-background-hovered@3x.png,C9FB4D68CC1D327CD1D32B915B11E8D358AA615A80C159D8C3D6A78CA534D0AD,1638,qml:QtQuick.Controls.FluentWinUI3,qml,LIKELY_REQUIRED,PySide6 wheel tree SHA-256 match,,UNKNOWN
Release/External_Test/2026-07-30_audio-validation-fix/Qonic_Audio_v5.0_internal_test/_internal/PySide6/qml/QtQuick/Controls/FluentWinUI3/light/images/spinbox-background-up-hovered.png,B690FF71125077A35907EE9DF97BB986FBEBB2EE82B1F443D86E25FD15738204,438,qml:QtQuick.Controls.FluentWinUI3,qml,LIKELY_REQUIRED,PySide6 wheel tree SHA-256 match,,UNKNOWN
Release/External_Test/2026-07-30_audio-validation-fix/Qonic_Audio_v5.0_internal_test/_internal/PySide6/qml/QtQuick/Controls/FluentWinUI3/light/images/spinbox-background-up-hovered@2x.png,9B1916E06DD0605A1CB61052DE50CDA49723E08F280DFCE484B8B06D54CB1A17,992,qml:QtQuick.Controls.FluentWinUI3,qml,LIKELY_REQUIRED,PySide6 wheel tree SHA-256 match,,UNKNOWN
Release/External_Test/2026-07-30_audio-validation-fix/Qonic_Audio_v5.0_internal_test/_internal/PySide6/qml/QtQuick/Controls/FluentWinUI3/light/images/spinbox-background-up-hovered@3x.png,AC3911723FBC5DBD7831C4049036F4F9D5B290A52164143D9E4846FC3FA5CEB0,1661,qml:QtQuick.Controls.FluentWinUI3,qml,LIKELY_REQUIRED,PySide6 wheel tree SHA-256 match,,UNKNOWN
Release/External_Test/2026-07-30_audio-validation-fix/Qonic_Audio_v5.0_internal_test/_internal/PySide6/qml/QtQuick/Controls/FluentWinUI3/light/images/spinbox-background-up-pressed.png,B690FF71125077A35907EE9DF97BB986FBEBB2EE82B1F443D86E25FD15738204,438,qml:QtQuick.Controls.FluentWinUI3,qml,LIKELY_REQUIRED,PySide6 wheel tree SHA-256 match,,UNKNOWN
Release/External_Test/2026-07-30_audio-validation-fix/Qonic_Audio_v5.0_internal_test/_internal/PySide6/qml/QtQuick/Controls/FluentWinUI3/light/images/spinbox-background-up-pressed@2x.png,9B1916E06DD0605A1CB61052DE50CDA49723E08F280DFCE484B8B06D54CB1A17,992,qml:QtQuick.Controls.FluentWinUI3,qml,LIKELY_REQUIRED,PySide6 wheel tree SHA-256 match,,UNKNOWN
Release/External_Test/2026-07-30_audio-validation-fix/Qonic_Audio_v5.0_internal_test/_internal/PySide6/qml/QtQuick/Controls/FluentWinUI3/light/images/spinbox-background-up-pressed@3x.png,AC3911723FBC5DBD7831C4049036F4F9D5B290A52164143D9E4846FC3FA5CEB0,1661,qml:QtQuick.Controls.FluentWinUI3,qml,LIKELY_REQUIRED,PySide6 wheel tree SHA-256 match,,UNKNOWN
Release/External_Test/2026-07-30_audio-validation-fix/Qonic_Audio_v5.0_internal_test/_internal/PySide6/qml/QtQuick/Controls/FluentWinUI3/light/images/spinbox-background.png,B690FF71125077A35907EE9DF97BB986FBEBB2EE82B1F443D86E25FD15738204,438,qml:QtQuick.Controls.FluentWinUI3,qml,LIKELY_REQUIRED,PySide6 wheel tree SHA-256 match,,UNKNOWN
Release/External_Test/2026-07-30_audio-validation-fix/Qonic_Audio_v5.0_internal_test/_internal/PySide6/qml/QtQuick/Controls/FluentWinUI3/light/images/spinbox-background@2x.png,9B1916E06DD0605A1CB61052DE50CDA49723E08F280DFCE484B8B06D54CB1A17,992,qml:QtQuick.Controls.FluentWinUI3,qml,LIKELY_REQUIRED,PySide6 wheel tree SHA-256 match,,UNKNOWN
Release/External_Test/2026-07-30_audio-validation-fix/Qonic_Audio_v5.0_internal_test/_internal/PySide6/qml/QtQuick/Controls/FluentWinUI3/light/images/spinbox-background@3x.png,AC3911723FBC5DBD7831C4049036F4F9D5B290A52164143D9E4846FC3FA5CEB0,1661,qml:QtQuick.Controls.FluentWinUI3,qml,LIKELY_REQUIRED,PySide6 wheel tree SHA-256 match,,UNKNOWN
Release/External_Test/2026-07-30_audio-validation-fix/Qonic_Audio_v5.0_internal_test/_internal/PySide6/qml/QtQuick/Controls/FluentWinUI3/light/images/spinbox-indicator-down-background-atlimit.png,8285ACC7FE450D3A72EED1432566F7AA90AF7EE33A154AA7402DC707018979B7,83,qml:QtQuick.Controls.FluentWinUI3,qml,LIKELY_REQUIRED,PySide6 wheel tree SHA-256 match,,UNKNOWN
Release/External_Test/2026-07-30_audio-validation-fix/Qonic_Audio_v5.0_internal_test/_internal/PySide6/qml/QtQuick/Controls/FluentWinUI3/light/images/spinbox-indicator-down-background-atlimit@2x.png,4A812392A115A37694707507B84DC3C789FB3880C298CCE2A7D31F1D837F601F,92,qml:QtQuick.Controls.FluentWinUI3,qml,LIKELY_REQUIRED,PySide6 wheel tree SHA-256 match,,UNKNOWN
Release/External_Test/2026-07-30_audio-validation-fix/Qonic_Audio_v5.0_internal_test/_internal/PySide6/qml/QtQuick/Controls/FluentWinUI3/light/images/spinbox-indicator-down-background-atlimit@3x.png,02530AD19A6A050F2813C5D801A9FE75C9B0FBF4508491C6ABB1BBDB72B28734,101,qml:QtQuick.Controls.FluentWinUI3,qml,LIKELY_REQUIRED,PySide6 wheel tree SHA-256 match,,UNKNOWN
Release/External_Test/2026-07-30_audio-validation-fix/Qonic_Audio_v5.0_internal_test/_internal/PySide6/qml/QtQuick/Controls/FluentWinUI3/light/images/spinbox-indicator-down-background-disabled.png,8285ACC7FE450D3A72EED1432566F7AA90AF7EE33A154AA7402DC707018979B7,83,qml:QtQuick.Controls.FluentWinUI3,qml,LIKELY_REQUIRED,PySide6 wheel tree SHA-256 match,,UNKNOWN
Release/External_Test/2026-07-30_audio-validation-fix/Qonic_Audio_v5.0_internal_test/_internal/PySide6/qml/QtQuick/Controls/FluentWinUI3/light/images/spinbox-indicator-down-background-disabled@2x.png,4A812392A115A37694707507B84DC3C789FB3880C298CCE2A7D31F1D837F601F,92,qml:QtQuick.Controls.FluentWinUI3,qml,LIKELY_REQUIRED,PySide6 wheel tree SHA-256 match,,UNKNOWN
Release/External_Test/2026-07-30_audio-validation-fix/Qonic_Audio_v5.0_internal_test/_internal/PySide6/qml/QtQuick/Controls/FluentWinUI3/light/images/spinbox-indicator-down-background-disabled@3x.png,02530AD19A6A050F2813C5D801A9FE75C9B0FBF4508491C6ABB1BBDB72B28734,101,qml:QtQuick.Controls.FluentWinUI3,qml,LIKELY_REQUIRED,PySide6 wheel tree SHA-256 match,,UNKNOWN
Release/External_Test/2026-07-30_audio-validation-fix/Qonic_Audio_v5.0_internal_test/_internal/PySide6/qml/QtQuick/Controls/FluentWinUI3/light/images/spinbox-indicator-down-background-down-hovered.png,E75ED5A1B1F028CFA665127E88E1A7078FC91F91775BF890365A8500D9869DB7,166,qml:QtQuick.Controls.FluentWinUI3,qml,LIKELY_REQUIRED,PySide6 wheel tree SHA-256 match,,UNKNOWN
Release/External_Test/2026-07-30_audio-validation-fix/Qonic_Audio_v5.0_internal_test/_internal/PySide6/qml/QtQuick/Controls/FluentWinUI3/light/images/spinbox-indicator-down-background-down-hovered@2x.png,9AD904D8E8EB37344BCDDE47BE90A9271E908E4568C6DDE2F7D396CA9E1A1A64,222,qml:QtQuick.Controls.FluentWinUI3,qml,LIKELY_REQUIRED,PySide6 wheel tree SHA-256 match,,UNKNOWN
Release/External_Test/2026-07-30_audio-validation-fix/Qonic_Audio_v5.0_internal_test/_internal/PySide6/qml/QtQuick/Controls/FluentWinUI3/light/images/spinbox-indicator-down-background-down-hovered@3x.png,0537D3ED85192A87EDA61F3A3232200881D11B11D5B566420BF9EFD924442B5D,281,qml:QtQuick.Controls.FluentWinUI3,qml,LIKELY_REQUIRED,PySide6 wheel tree SHA-256 match,,UNKNOWN
Release/External_Test/2026-07-30_audio-validation-fix/Qonic_Audio_v5.0_internal_test/_internal/PySide6/qml/QtQuick/Controls/FluentWinUI3/light/images/spinbox-indicator-down-background-down-pressed.png,E75ED5A1B1F028CFA665127E88E1A7078FC91F91775BF890365A8500D9869DB7,166,qml:QtQuick.Controls.FluentWinUI3,qml,LIKELY_REQUIRED,PySide6 wheel tree SHA-256 match,,UNKNOWN
Release/External_Test/2026-07-30_audio-validation-fix/Qonic_Audio_v5.0_internal_test/_internal/PySide6/qml/QtQuick/Controls/FluentWinUI3/light/images/spinbox-indicator-down-background-down-pressed@2x.png,9AD904D8E8EB37344BCDDE47BE90A9271E908E4568C6DDE2F7D396CA9E1A1A64,222,qml:QtQuick.Controls.FluentWinUI3,qml,LIKELY_REQUIRED,PySide6 wheel tree SHA-256 match,,UNKNOWN
Release/External_Test/2026-07-30_audio-validation-fix/Qonic_Audio_v5.0_internal_test/_internal/PySide6/qml/QtQuick/Controls/FluentWinUI3/light/images/spinbox-indicator-down-background-down-pressed@3x.png,0537D3ED85192A87EDA61F3A3232200881D11B11D5B566420BF9EFD924442B5D,281,qml:QtQuick.Controls.FluentWinUI3,qml,LIKELY_REQUIRED,PySide6 wheel tree SHA-256 match,,UNKNOWN
Release/External_Test/2026-07-30_audio-validation-fix/Qonic_Audio_v5.0_internal_test/_internal/PySide6/qml/QtQuick/Controls/FluentWinUI3/light/images/spinbox-indicator-down-background-hovered.png,8285ACC7FE450D3A72EED1432566F7AA90AF7EE33A154AA7402DC707018979B7,83,qml:QtQuick.Controls.FluentWinUI3,qml,LIKELY_REQUIRED,PySide6 wheel tree SHA-256 match,,UNKNOWN
Release/External_Test/2026-07-30_audio-validation-fix/Qonic_Audio_v5.0_internal_test/_internal/PySide6/qml/QtQuick/Controls/FluentWinUI3/light/images/spinbox-indicator-down-background-hovered@2x.png,4A812392A115A37694707507B84DC3C789FB3880C298CCE2A7D31F1D837F601F,92,qml:QtQuick.Controls.FluentWinUI3,qml,LIKELY_REQUIRED,PySide6 wheel tree SHA-256 match,,UNKNOWN
Release/External_Test/2026-07-30_audio-validation-fix/Qonic_Audio_v5.0_internal_test/_internal/PySide6/qml/QtQuick/Controls/FluentWinUI3/light/images/spinbox-indicator-down-background-hovered@3x.png,02530AD19A6A050F2813C5D801A9FE75C9B0FBF4508491C6ABB1BBDB72B28734,101,qml:QtQuick.Controls.FluentWinUI3,qml,LIKELY_REQUIRED,PySide6 wheel tree SHA-256 match,,UNKNOWN
Release/External_Test/2026-07-30_audio-validation-fix/Qonic_Audio_v5.0_internal_test/_internal/PySide6/qml/QtQuick/Controls/FluentWinUI3/light/images/spinbox-indicator-down-background-up-hovered.png,8285ACC7FE450D3A72EED1432566F7AA90AF7EE33A154AA7402DC707018979B7,83,qml:QtQuick.Controls.FluentWinUI3,qml,LIKELY_REQUIRED,PySide6 wheel tree SHA-256 match,,UNKNOWN
Release/External_Test/2026-07-30_audio-validation-fix/Qonic_Audio_v5.0_internal_test/_internal/PySide6/qml/QtQuick/Controls/FluentWinUI3/light/images/spinbox-indicator-down-background-up-hovered@2x.png,4A812392A115A37694707507B84DC3C789FB3880C298CCE2A7D31F1D837F601F,92,qml:QtQuick.Controls.FluentWinUI3,qml,LIKELY_REQUIRED,PySide6 wheel tree SHA-256 match,,UNKNOWN
Release/External_Test/2026-07-30_audio-validation-fix/Qonic_Audio_v5.0_internal_test/_internal/PySide6/qml/QtQuick/Controls/FluentWinUI3/light/images/spinbox-indicator-down-background-up-hovered@3x.png,02530AD19A6A050F2813C5D801A9FE75C9B0FBF4508491C6ABB1BBDB72B28734,101,qml:QtQuick.Controls.FluentWinUI3,qml,LIKELY_REQUIRED,PySide6 wheel tree SHA-256 match,,UNKNOWN
Release/External_Test/2026-07-30_audio-validation-fix/Qonic_Audio_v5.0_internal_test/_internal/PySide6/qml/QtQuick/Controls/FluentWinUI3/light/images/spinbox-indicator-down-background-up-pressed.png,8285ACC7FE450D3A72EED1432566F7AA90AF7EE33A154AA7402DC707018979B7,83,qml:QtQuick.Controls.FluentWinUI3,qml,LIKELY_REQUIRED,PySide6 wheel tree SHA-256 match,,UNKNOWN
Release/External_Test/2026-07-30_audio-validation-fix/Qonic_Audio_v5.0_internal_test/_internal/PySide6/qml/QtQuick/Controls/FluentWinUI3/light/images/spinbox-indicator-down-background-up-pressed@2x.png,4A812392A115A37694707507B84DC3C789FB3880C298CCE2A7D31F1D837F601F,92,qml:QtQuick.Controls.FluentWinUI3,qml,LIKELY_REQUIRED,PySide6 wheel tree SHA-256 match,,UNKNOWN
Release/External_Test/2026-07-30_audio-validation-fix/Qonic_Audio_v5.0_internal_test/_internal/PySide6/qml/QtQuick/Controls/FluentWinUI3/light/images/spinbox-indicator-down-background-up-pressed@3x.png,02530AD19A6A050F2813C5D801A9FE75C9B0FBF4508491C6ABB1BBDB72B28734,101,qml:QtQuick.Controls.FluentWinUI3,qml,LIKELY_REQUIRED,PySide6 wheel tree SHA-256 match,,UNKNOWN
Release/External_Test/2026-07-30_audio-validation-fix/Qonic_Audio_v5.0_internal_test/_internal/PySide6/qml/QtQuick/Controls/FluentWinUI3/light/images/spinbox-indicator-down-background.png,8285ACC7FE450D3A72EED1432566F7AA90AF7EE33A154AA7402DC707018979B7,83,qml:QtQuick.Controls.FluentWinUI3,qml,LIKELY_REQUIRED,PySide6 wheel tree SHA-256 match,,UNKNOWN
Release/External_Test/2026-07-30_audio-validation-fix/Qonic_Audio_v5.0_internal_test/_internal/PySide6/qml/QtQuick/Controls/FluentWinUI3/light/images/spinbox-indicator-down-background@2x.png,4A812392A115A37694707507B84DC3C789FB3880C298CCE2A7D31F1D837F601F,92,qml:QtQuick.Controls.FluentWinUI3,qml,LIKELY_REQUIRED,PySide6 wheel tree SHA-256 match,,UNKNOWN
Release/External_Test/2026-07-30_audio-validation-fix/Qonic_Audio_v5.0_internal_test/_internal/PySide6/qml/QtQuick/Controls/FluentWinUI3/light/images/spinbox-indicator-down-background@3x.png,02530AD19A6A050F2813C5D801A9FE75C9B0FBF4508491C6ABB1BBDB72B28734,101,qml:QtQuick.Controls.FluentWinUI3,qml,LIKELY_REQUIRED,PySide6 wheel tree SHA-256 match,,UNKNOWN
Release/External_Test/2026-07-30_audio-validation-fix/Qonic_Audio_v5.0_internal_test/_internal/PySide6/qml/QtQuick/Controls/FluentWinUI3/light/images/spinbox-indicator-down-icon-atlimit.png,B10DDCAE3FDD82F4C5AC06AC42EC87ECE31BBE6E3B02D2625D89222EAAD17F52,134,qml:QtQuick.Controls.FluentWinUI3,qml,LIKELY_REQUIRED,PySide6 wheel tree SHA-256 match,,UNKNOWN
Release/External_Test/2026-07-30_audio-validation-fix/Qonic_Audio_v5.0_internal_test/_internal/PySide6/qml/QtQuick/Controls/FluentWinUI3/light/images/spinbox-indicator-down-icon-atlimit@2x.png,D1E3C898ED074BB3614C3BC4BD2B2C0C21CDE677F95D10D6705E9ECA170ABBDA,184,qml:QtQuick.Controls.FluentWinUI3,qml,LIKELY_REQUIRED,PySide6 wheel tree SHA-256 match,,UNKNOWN
Release/External_Test/2026-07-30_audio-validation-fix/Qonic_Audio_v5.0_internal_test/_internal/PySide6/qml/QtQuick/Controls/FluentWinUI3/light/images/spinbox-indicator-down-icon-atlimit@3x.png,7D86A78AEF40BF3E4D5DCCB9C365C69609E2F969B65861B94AB887B6D9ADB9FE,211,qml:QtQuick.Controls.FluentWinUI3,qml,LIKELY_REQUIRED,PySide6 wheel tree SHA-256 match,,UNKNOWN
Release/External_Test/2026-07-30_audio-validation-fix/Qonic_Audio_v5.0_internal_test/_internal/PySide6/qml/QtQuick/Controls/FluentWinUI3/light/images/spinbox-indicator-down-icon-disabled.png,B10DDCAE3FDD82F4C5AC06AC42EC87ECE31BBE6E3B02D2625D89222EAAD17F52,134,qml:QtQuick.Controls.FluentWinUI3,qml,LIKELY_REQUIRED,PySide6 wheel tree SHA-256 match,,UNKNOWN
Release/External_Test/2026-07-30_audio-validation-fix/Qonic_Audio_v5.0_internal_test/_internal/PySide6/qml/QtQuick/Controls/FluentWinUI3/light/images/spinbox-indicator-down-icon-disabled@2x.png,D1E3C898ED074BB3614C3BC4BD2B2C0C21CDE677F95D10D6705E9ECA170ABBDA,184,qml:QtQuick.Controls.FluentWinUI3,qml,LIKELY_REQUIRED,PySide6 wheel tree SHA-256 match,,UNKNOWN
Release/External_Test/2026-07-30_audio-validation-fix/Qonic_Audio_v5.0_internal_test/_internal/PySide6/qml/QtQuick/Controls/FluentWinUI3/light/images/spinbox-indicator-down-icon-disabled@3x.png,7D86A78AEF40BF3E4D5DCCB9C365C69609E2F969B65861B94AB887B6D9ADB9FE,211,qml:QtQuick.Controls.FluentWinUI3,qml,LIKELY_REQUIRED,PySide6 wheel tree SHA-256 match,,UNKNOWN
Release/External_Test/2026-07-30_audio-validation-fix/Qonic_Audio_v5.0_internal_test/_internal/PySide6/qml/QtQuick/Controls/FluentWinUI3/light/images/spinbox-indicator-down-icon-down-hovered.png,6291F9C78C77F1FB89DD0B43C51DAA98C2AB6C98CA737C2EF1F61F1F201B4514,138,qml:QtQuick.Controls.FluentWinUI3,qml,LIKELY_REQUIRED,PySide6 wheel tree SHA-256 match,,UNKNOWN
Release/External_Test/2026-07-30_audio-validation-fix/Qonic_Audio_v5.0_internal_test/_internal/PySide6/qml/QtQuick/Controls/FluentWinUI3/light/images/spinbox-indicator-down-icon-down-hovered@2x.png,6FD283B8C8F1C96A7B0084A475DC0915CC7DB16C938858B6C2FC42A2C286107A,180,qml:QtQuick.Controls.FluentWinUI3,qml,LIKELY_REQUIRED,PySide6 wheel tree SHA-256 match,,UNKNOWN
Release/External_Test/2026-07-30_audio-validation-fix/Qonic_Audio_v5.0_internal_test/_internal/PySide6/qml/QtQuick/Controls/FluentWinUI3/light/images/spinbox-indicator-down-icon-down-hovered@3x.png,BFDD4F412DE35CED17A26B6090B41BEFBF11E97578A244798A475C35F1B81685,215,qml:QtQuick.Controls.FluentWinUI3,qml,LIKELY_REQUIRED,PySide6 wheel tree SHA-256 match,,UNKNOWN
Release/External_Test/2026-07-30_audio-validation-fix/Qonic_Audio_v5.0_internal_test/_internal/PySide6/qml/QtQuick/Controls/FluentWinUI3/light/images/spinbox-indicator-down-icon-down-pressed.png,869EFD2EF5B296343C8F1B6B5C5BA09CBA1538756474B1ABA6DDEF456E26B56E,134,qml:QtQuick.Controls.FluentWinUI3,qml,LIKELY_REQUIRED,PySide6 wheel tree SHA-256 match,,UNKNOWN
Release/External_Test/2026-07-30_audio-validation-fix/Qonic_Audio_v5.0_internal_test/_internal/PySide6/qml/QtQuick/Controls/FluentWinUI3/light/images/spinbox-indicator-down-icon-down-pressed@2x.png,0DADD5902C47CFCBAADA1EC0824EBCD0C4F3E9F0216AE1F4D275A558E9F72B3A,183,qml:QtQuick.Controls.FluentWinUI3,qml,LIKELY_REQUIRED,PySide6 wheel tree SHA-256 match,,UNKNOWN
Release/External_Test/2026-07-30_audio-validation-fix/Qonic_Audio_v5.0_internal_test/_internal/PySide6/qml/QtQuick/Controls/FluentWinUI3/light/images/spinbox-indicator-down-icon-down-pressed@3x.png,7FA1246C57859B5B836B36E4AA1139CDD4B1731CE764ACCCAE910AD9B8C34924,215,qml:QtQuick.Controls.FluentWinUI3,qml,LIKELY_REQUIRED,PySide6 wheel tree SHA-256 match,,UNKNOWN
Release/External_Test/2026-07-30_audio-validation-fix/Qonic_Audio_v5.0_internal_test/_internal/PySide6/qml/QtQuick/Controls/FluentWinUI3/light/images/spinbox-indicator-down-icon-hovered.png,6291F9C78C77F1FB89DD0B43C51DAA98C2AB6C98CA737C2EF1F61F1F201B4514,138,qml:QtQuick.Controls.FluentWinUI3,qml,LIKELY_REQUIRED,PySide6 wheel tree SHA-256 match,,UNKNOWN
Release/External_Test/2026-07-30_audio-validation-fix/Qonic_Audio_v5.0_internal_test/_internal/PySide6/qml/QtQuick/Controls/FluentWinUI3/light/images/spinbox-indicator-down-icon-hovered@2x.png,6FD283B8C8F1C96A7B0084A475DC0915CC7DB16C938858B6C2FC42A2C286107A,180,qml:QtQuick.Controls.FluentWinUI3,qml,LIKELY_REQUIRED,PySide6 wheel tree SHA-256 match,,UNKNOWN
Release/External_Test/2026-07-30_audio-validation-fix/Qonic_Audio_v5.0_internal_test/_internal/PySide6/qml/QtQuick/Controls/FluentWinUI3/light/images/spinbox-indicator-down-icon-hovered@3x.png,BFDD4F412DE35CED17A26B6090B41BEFBF11E97578A244798A475C35F1B81685,215,qml:QtQuick.Controls.FluentWinUI3,qml,LIKELY_REQUIRED,PySide6 wheel tree SHA-256 match,,UNKNOWN
Release/External_Test/2026-07-30_audio-validation-fix/Qonic_Audio_v5.0_internal_test/_internal/PySide6/qml/QtQuick/Controls/FluentWinUI3/light/images/spinbox-indicator-down-icon-up-hovered.png,6291F9C78C77F1FB89DD0B43C51DAA98C2AB6C98CA737C2EF1F61F1F201B4514,138,qml:QtQuick.Controls.FluentWinUI3,qml,LIKELY_REQUIRED,PySide6 wheel tree SHA-256 match,,UNKNOWN
Release/External_Test/2026-07-30_audio-validation-fix/Qonic_Audio_v5.0_internal_test/_internal/PySide6/qml/QtQuick/Controls/FluentWinUI3/light/images/spinbox-indicator-down-icon-up-hovered@2x.png,6FD283B8C8F1C96A7B0084A475DC0915CC7DB16C938858B6C2FC42A2C286107A,180,qml:QtQuick.Controls.FluentWinUI3,qml,LIKELY_REQUIRED,PySide6 wheel tree SHA-256 match,,UNKNOWN
Release/External_Test/2026-07-30_audio-validation-fix/Qonic_Audio_v5.0_internal_test/_internal/PySide6/qml/QtQuick/Controls/FluentWinUI3/light/images/spinbox-indicator-down-icon-up-hovered@3x.png,BFDD4F412DE35CED17A26B6090B41BEFBF11E97578A244798A475C35F1B81685,215,qml:QtQuick.Controls.FluentWinUI3,qml,LIKELY_REQUIRED,PySide6 wheel tree SHA-256 match,,UNKNOWN
Release/External_Test/2026-07-30_audio-validation-fix/Qonic_Audio_v5.0_internal_test/_internal/PySide6/qml/QtQuick/Controls/FluentWinUI3/light/images/spinbox-indicator-down-icon-up-pressed.png,6291F9C78C77F1FB89DD0B43C51DAA98C2AB6C98CA737C2EF1F61F1F201B4514,138,qml:QtQuick.Controls.FluentWinUI3,qml,LIKELY_REQUIRED,PySide6 wheel tree SHA-256 match,,UNKNOWN
Release/External_Test/2026-07-30_audio-validation-fix/Qonic_Audio_v5.0_internal_test/_internal/PySide6/qml/QtQuick/Controls/FluentWinUI3/light/images/spinbox-indicator-down-icon-up-pressed@2x.png,6FD283B8C8F1C96A7B0084A475DC0915CC7DB16C938858B6C2FC42A2C286107A,180,qml:QtQuick.Controls.FluentWinUI3,qml,LIKELY_REQUIRED,PySide6 wheel tree SHA-256 match,,UNKNOWN
Release/External_Test/2026-07-30_audio-validation-fix/Qonic_Audio_v5.0_internal_test/_internal/PySide6/qml/QtQuick/Controls/FluentWinUI3/light/images/spinbox-indicator-down-icon-up-pressed@3x.png,BFDD4F412DE35CED17A26B6090B41BEFBF11E97578A244798A475C35F1B81685,215,qml:QtQuick.Controls.FluentWinUI3,qml,LIKELY_REQUIRED,PySide6 wheel tree SHA-256 match,,UNKNOWN
Release/External_Test/2026-07-30_audio-validation-fix/Qonic_Audio_v5.0_internal_test/_internal/PySide6/qml/QtQuick/Controls/FluentWinUI3/light/images/spinbox-indicator-down-icon.png,6291F9C78C77F1FB89DD0B43C51DAA98C2AB6C98CA737C2EF1F61F1F201B4514,138,qml:QtQuick.Controls.FluentWinUI3,qml,LIKELY_REQUIRED,PySide6 wheel tree SHA-256 match,,UNKNOWN
Release/External_Test/2026-07-30_audio-validation-fix/Qonic_Audio_v5.0_internal_test/_internal/PySide6/qml/QtQuick/Controls/FluentWinUI3/light/images/spinbox-indicator-down-icon@2x.png,6FD283B8C8F1C96A7B0084A475DC0915CC7DB16C938858B6C2FC42A2C286107A,180,qml:QtQuick.Controls.FluentWinUI3,qml,LIKELY_REQUIRED,PySide6 wheel tree SHA-256 match,,UNKNOWN
Release/External_Test/2026-07-30_audio-validation-fix/Qonic_Audio_v5.0_internal_test/_internal/PySide6/qml/QtQuick/Controls/FluentWinUI3/light/images/spinbox-indicator-down-icon@3x.png,BFDD4F412DE35CED17A26B6090B41BEFBF11E97578A244798A475C35F1B81685,215,qml:QtQuick.Controls.FluentWinUI3,qml,LIKELY_REQUIRED,PySide6 wheel tree SHA-256 match,,UNKNOWN
Release/External_Test/2026-07-30_audio-validation-fix/Qonic_Audio_v5.0_internal_test/_internal/PySide6/qml/QtQuick/Controls/FluentWinUI3/light/images/spinbox-indicator-up-background-atlimit.png,8285ACC7FE450D3A72EED1432566F7AA90AF7EE33A154AA7402DC707018979B7,83,qml:QtQuick.Controls.FluentWinUI3,qml,LIKELY_REQUIRED,PySide6 wheel tree SHA-256 match,,UNKNOWN
Release/External_Test/2026-07-30_audio-validation-fix/Qonic_Audio_v5.0_internal_test/_internal/PySide6/qml/QtQuick/Controls/FluentWinUI3/light/images/spinbox-indicator-up-background-atlimit@2x.png,4A812392A115A37694707507B84DC3C789FB3880C298CCE2A7D31F1D837F601F,92,qml:QtQuick.Controls.FluentWinUI3,qml,LIKELY_REQUIRED,PySide6 wheel tree SHA-256 match,,UNKNOWN
Release/External_Test/2026-07-30_audio-validation-fix/Qonic_Audio_v5.0_internal_test/_internal/PySide6/qml/QtQuick/Controls/FluentWinUI3/light/images/spinbox-indicator-up-background-atlimit@3x.png,02530AD19A6A050F2813C5D801A9FE75C9B0FBF4508491C6ABB1BBDB72B28734,101,qml:QtQuick.Controls.FluentWinUI3,qml,LIKELY_REQUIRED,PySide6 wheel tree SHA-256 match,,UNKNOWN
Release/External_Test/2026-07-30_audio-validation-fix/Qonic_Audio_v5.0_internal_test/_internal/PySide6/qml/QtQuick/Controls/FluentWinUI3/light/images/spinbox-indicator-up-background-disabled.png,8285ACC7FE450D3A72EED1432566F7AA90AF7EE33A154AA7402DC707018979B7,83,qml:QtQuick.Controls.FluentWinUI3,qml,LIKELY_REQUIRED,PySide6 wheel tree SHA-256 match,,UNKNOWN
Release/External_Test/2026-07-30_audio-validation-fix/Qonic_Audio_v5.0_internal_test/_internal/PySide6/qml/QtQuick/Controls/FluentWinUI3/light/images/spinbox-indicator-up-background-disabled@2x.png,4A812392A115A37694707507B84DC3C789FB3880C298CCE2A7D31F1D837F601F,92,qml:QtQuick.Controls.FluentWinUI3,qml,LIKELY_REQUIRED,PySide6 wheel tree SHA-256 match,,UNKNOWN
Release/External_Test/2026-07-30_audio-validation-fix/Qonic_Audio_v5.0_internal_test/_internal/PySide6/qml/QtQuick/Controls/FluentWinUI3/light/images/spinbox-indicator-up-background-disabled@3x.png,02530AD19A6A050F2813C5D801A9FE75C9B0FBF4508491C6ABB1BBDB72B28734,101,qml:QtQuick.Controls.FluentWinUI3,qml,LIKELY_REQUIRED,PySide6 wheel tree SHA-256 match,,UNKNOWN
Release/External_Test/2026-07-30_audio-validation-fix/Qonic_Audio_v5.0_internal_test/_internal/PySide6/qml/QtQuick/Controls/FluentWinUI3/light/images/spinbox-indicator-up-background-down-hovered.png,8285ACC7FE450D3A72EED1432566F7AA90AF7EE33A154AA7402DC707018979B7,83,qml:QtQuick.Controls.FluentWinUI3,qml,LIKELY_REQUIRED,PySide6 wheel tree SHA-256 match,,UNKNOWN
Release/External_Test/2026-07-30_audio-validation-fix/Qonic_Audio_v5.0_internal_test/_internal/PySide6/qml/QtQuick/Controls/FluentWinUI3/light/images/spinbox-indicator-up-background-down-hovered@2x.png,4A812392A115A37694707507B84DC3C789FB3880C298CCE2A7D31F1D837F601F,92,qml:QtQuick.Controls.FluentWinUI3,qml,LIKELY_REQUIRED,PySide6 wheel tree SHA-256 match,,UNKNOWN
Release/External_Test/2026-07-30_audio-validation-fix/Qonic_Audio_v5.0_internal_test/_internal/PySide6/qml/QtQuick/Controls/FluentWinUI3/light/images/spinbox-indicator-up-background-down-hovered@3x.png,02530AD19A6A050F2813C5D801A9FE75C9B0FBF4508491C6ABB1BBDB72B28734,101,qml:QtQuick.Controls.FluentWinUI3,qml,LIKELY_REQUIRED,PySide6 wheel tree SHA-256 match,,UNKNOWN
Release/External_Test/2026-07-30_audio-validation-fix/Qonic_Audio_v5.0_internal_test/_internal/PySide6/qml/QtQuick/Controls/FluentWinUI3/light/images/spinbox-indicator-up-background-down-pressed.png,8285ACC7FE450D3A72EED1432566F7AA90AF7EE33A154AA7402DC707018979B7,83,qml:QtQuick.Controls.FluentWinUI3,qml,LIKELY_REQUIRED,PySide6 wheel tree SHA-256 match,,UNKNOWN
Release/External_Test/2026-07-30_audio-validation-fix/Qonic_Audio_v5.0_internal_test/_internal/PySide6/qml/QtQuick/Controls/FluentWinUI3/light/images/spinbox-indicator-up-background-down-pressed@2x.png,4A812392A115A37694707507B84DC3C789FB3880C298CCE2A7D31F1D837F601F,92,qml:QtQuick.Controls.FluentWinUI3,qml,LIKELY_REQUIRED,PySide6 wheel tree SHA-256 match,,UNKNOWN
Release/External_Test/2026-07-30_audio-validation-fix/Qonic_Audio_v5.0_internal_test/_internal/PySide6/qml/QtQuick/Controls/FluentWinUI3/light/images/spinbox-indicator-up-background-down-pressed@3x.png,02530AD19A6A050F2813C5D801A9FE75C9B0FBF4508491C6ABB1BBDB72B28734,101,qml:QtQuick.Controls.FluentWinUI3,qml,LIKELY_REQUIRED,PySide6 wheel tree SHA-256 match,,UNKNOWN
Release/External_Test/2026-07-30_audio-validation-fix/Qonic_Audio_v5.0_internal_test/_internal/PySide6/qml/QtQuick/Controls/FluentWinUI3/light/images/spinbox-indicator-up-background-hovered.png,8285ACC7FE450D3A72EED1432566F7AA90AF7EE33A154AA7402DC707018979B7,83,qml:QtQuick.Controls.FluentWinUI3,qml,LIKELY_REQUIRED,PySide6 wheel tree SHA-256 match,,UNKNOWN
Release/External_Test/2026-07-30_audio-validation-fix/Qonic_Audio_v5.0_internal_test/_internal/PySide6/qml/QtQuick/Controls/FluentWinUI3/light/images/spinbox-indicator-up-background-hovered@2x.png,4A812392A115A37694707507B84DC3C789FB3880C298CCE2A7D31F1D837F601F,92,qml:QtQuick.Controls.FluentWinUI3,qml,LIKELY_REQUIRED,PySide6 wheel tree SHA-256 match,,UNKNOWN
Release/External_Test/2026-07-30_audio-validation-fix/Qonic_Audio_v5.0_internal_test/_internal/PySide6/qml/QtQuick/Controls/FluentWinUI3/light/images/spinbox-indicator-up-background-hovered@3x.png,02530AD19A6A050F2813C5D801A9FE75C9B0FBF4508491C6ABB1BBDB72B28734,101,qml:QtQuick.Controls.FluentWinUI3,qml,LIKELY_REQUIRED,PySide6 wheel tree SHA-256 match,,UNKNOWN
Release/External_Test/2026-07-30_audio-validation-fix/Qonic_Audio_v5.0_internal_test/_internal/PySide6/qml/QtQuick/Controls/FluentWinUI3/light/images/spinbox-indicator-up-background-up-hovered.png,E75ED5A1B1F028CFA665127E88E1A7078FC91F91775BF890365A8500D9869DB7,166,qml:QtQuick.Controls.FluentWinUI3,qml,LIKELY_REQUIRED,PySide6 wheel tree SHA-256 match,,UNKNOWN
Release/External_Test/2026-07-30_audio-validation-fix/Qonic_Audio_v5.0_internal_test/_internal/PySide6/qml/QtQuick/Controls/FluentWinUI3/light/images/spinbox-indicator-up-background-up-hovered@2x.png,9AD904D8E8EB37344BCDDE47BE90A9271E908E4568C6DDE2F7D396CA9E1A1A64,222,qml:QtQuick.Controls.FluentWinUI3,qml,LIKELY_REQUIRED,PySide6 wheel tree SHA-256 match,,UNKNOWN
Release/External_Test/2026-07-30_audio-validation-fix/Qonic_Audio_v5.0_internal_test/_internal/PySide6/qml/QtQuick/Controls/FluentWinUI3/light/images/spinbox-indicator-up-background-up-hovered@3x.png,0537D3ED85192A87EDA61F3A3232200881D11B11D5B566420BF9EFD924442B5D,281,qml:QtQuick.Controls.FluentWinUI3,qml,LIKELY_REQUIRED,PySide6 wheel tree SHA-256 match,,UNKNOWN
Release/External_Test/2026-07-30_audio-validation-fix/Qonic_Audio_v5.0_internal_test/_internal/PySide6/qml/QtQuick/Controls/FluentWinUI3/light/images/spinbox-indicator-up-background-up-pressed.png,E75ED5A1B1F028CFA665127E88E1A7078FC91F91775BF890365A8500D9869DB7,166,qml:QtQuick.Controls.FluentWinUI3,qml,LIKELY_REQUIRED,PySide6 wheel tree SHA-256 match,,UNKNOWN
Release/External_Test/2026-07-30_audio-validation-fix/Qonic_Audio_v5.0_internal_test/_internal/PySide6/qml/QtQuick/Controls/FluentWinUI3/light/images/spinbox-indicator-up-background-up-pressed@2x.png,9AD904D8E8EB37344BCDDE47BE90A9271E908E4568C6DDE2F7D396CA9E1A1A64,222,qml:QtQuick.Controls.FluentWinUI3,qml,LIKELY_REQUIRED,PySide6 wheel tree SHA-256 match,,UNKNOWN
Release/External_Test/2026-07-30_audio-validation-fix/Qonic_Audio_v5.0_internal_test/_internal/PySide6/qml/QtQuick/Controls/FluentWinUI3/light/images/spinbox-indicator-up-background-up-pressed@3x.png,0537D3ED85192A87EDA61F3A3232200881D11B11D5B566420BF9EFD924442B5D,281,qml:QtQuick.Controls.FluentWinUI3,qml,LIKELY_REQUIRED,PySide6 wheel tree SHA-256 match,,UNKNOWN
Release/External_Test/2026-07-30_audio-validation-fix/Qonic_Audio_v5.0_internal_test/_internal/PySide6/qml/QtQuick/Controls/FluentWinUI3/light/images/spinbox-indicator-up-background.png,8285ACC7FE450D3A72EED1432566F7AA90AF7EE33A154AA7402DC707018979B7,83,qml:QtQuick.Controls.FluentWinUI3,qml,LIKELY_REQUIRED,PySide6 wheel tree SHA-256 match,,UNKNOWN
Release/External_Test/2026-07-30_audio-validation-fix/Qonic_Audio_v5.0_internal_test/_internal/PySide6/qml/QtQuick/Controls/FluentWinUI3/light/images/spinbox-indicator-up-background@2x.png,4A812392A115A37694707507B84DC3C789FB3880C298CCE2A7D31F1D837F601F,92,qml:QtQuick.Controls.FluentWinUI3,qml,LIKELY_REQUIRED,PySide6 wheel tree SHA-256 match,,UNKNOWN
Release/External_Test/2026-07-30_audio-validation-fix/Qonic_Audio_v5.0_internal_test/_internal/PySide6/qml/QtQuick/Controls/FluentWinUI3/light/images/spinbox-indicator-up-background@3x.png,02530AD19A6A050F2813C5D801A9FE75C9B0FBF4508491C6ABB1BBDB72B28734,101,qml:QtQuick.Controls.FluentWinUI3,qml,LIKELY_REQUIRED,PySide6 wheel tree SHA-256 match,,UNKNOWN
Release/External_Test/2026-07-30_audio-validation-fix/Qonic_Audio_v5.0_internal_test/_internal/PySide6/qml/QtQuick/Controls/FluentWinUI3/light/images/spinbox-indicator-up-icon-atlimit.png,4B558AA986E2596AA6EA0A1405668172A6C489AACE2353873F061552BF84A300,132,qml:QtQuick.Controls.FluentWinUI3,qml,LIKELY_REQUIRED,PySide6 wheel tree SHA-256 match,,UNKNOWN
Release/External_Test/2026-07-30_audio-validation-fix/Qonic_Audio_v5.0_internal_test/_internal/PySide6/qml/QtQuick/Controls/FluentWinUI3/light/images/spinbox-indicator-up-icon-atlimit@2x.png,5ADCFE34790C09A270C2E33DC3C73F6E4D4E83B489C232B29757E4E2E5763A91,164,qml:QtQuick.Controls.FluentWinUI3,qml,LIKELY_REQUIRED,PySide6 wheel tree SHA-256 match,,UNKNOWN
Release/External_Test/2026-07-30_audio-validation-fix/Qonic_Audio_v5.0_internal_test/_internal/PySide6/qml/QtQuick/Controls/FluentWinUI3/light/images/spinbox-indicator-up-icon-atlimit@3x.png,6E37EC0527DD3C6EC8B2646A5BD6E5FDEE1B6077524AF40EC8ABBA28C1AE33FA,203,qml:QtQuick.Controls.FluentWinUI3,qml,LIKELY_REQUIRED,PySide6 wheel tree SHA-256 match,,UNKNOWN
Release/External_Test/2026-07-30_audio-validation-fix/Qonic_Audio_v5.0_internal_test/_internal/PySide6/qml/QtQuick/Controls/FluentWinUI3/light/images/spinbox-indicator-up-icon-disabled.png,4B558AA986E2596AA6EA0A1405668172A6C489AACE2353873F061552BF84A300,132,qml:QtQuick.Controls.FluentWinUI3,qml,LIKELY_REQUIRED,PySide6 wheel tree SHA-256 match,,UNKNOWN
Release/External_Test/2026-07-30_audio-validation-fix/Qonic_Audio_v5.0_internal_test/_internal/PySide6/qml/QtQuick/Controls/FluentWinUI3/light/images/spinbox-indicator-up-icon-disabled@2x.png,5ADCFE34790C09A270C2E33DC3C73F6E4D4E83B489C232B29757E4E2E5763A91,164,qml:QtQuick.Controls.FluentWinUI3,qml,LIKELY_REQUIRED,PySide6 wheel tree SHA-256 match,,UNKNOWN
Release/External_Test/2026-07-30_audio-validation-fix/Qonic_Audio_v5.0_internal_test/_internal/PySide6/qml/QtQuick/Controls/FluentWinUI3/light/images/spinbox-indicator-up-icon-disabled@3x.png,6E37EC0527DD3C6EC8B2646A5BD6E5FDEE1B6077524AF40EC8ABBA28C1AE33FA,203,qml:QtQuick.Controls.FluentWinUI3,qml,LIKELY_REQUIRED,PySide6 wheel tree SHA-256 match,,UNKNOWN
Release/External_Test/2026-07-30_audio-validation-fix/Qonic_Audio_v5.0_internal_test/_internal/PySide6/qml/QtQuick/Controls/FluentWinUI3/light/images/spinbox-indicator-up-icon-down-hovered.png,95BC4AFBC55494F30EC3553AE051C73B535E9AAD45426EB373CB788F25F88CAA,131,qml:QtQuick.Controls.FluentWinUI3,qml,LIKELY_REQUIRED,PySide6 wheel tree SHA-256 match,,UNKNOWN
Release/External_Test/2026-07-30_audio-validation-fix/Qonic_Audio_v5.0_internal_test/_internal/PySide6/qml/QtQuick/Controls/FluentWinUI3/light/images/spinbox-indicator-up-icon-down-hovered@2x.png,D5A68925A3626DABC5A773663CD0134AE03C908C0C8ADB4381578078C3FC056E,164,qml:QtQuick.Controls.FluentWinUI3,qml,LIKELY_REQUIRED,PySide6 wheel tree SHA-256 match,,UNKNOWN
Release/External_Test/2026-07-30_audio-validation-fix/Qonic_Audio_v5.0_internal_test/_internal/PySide6/qml/QtQuick/Controls/FluentWinUI3/light/images/spinbox-indicator-up-icon-down-hovered@3x.png,9BEF876BBD6193E05E5E0AD50706EE454D1EA71DA782A6F9E9BF8E5E71BB920D,206,qml:QtQuick.Controls.FluentWinUI3,qml,LIKELY_REQUIRED,PySide6 wheel tree SHA-256 match,,UNKNOWN
Release/External_Test/2026-07-30_audio-validation-fix/Qonic_Audio_v5.0_internal_test/_internal/PySide6/qml/QtQuick/Controls/FluentWinUI3/light/images/spinbox-indicator-up-icon-down-pressed.png,95BC4AFBC55494F30EC3553AE051C73B535E9AAD45426EB373CB788F25F88CAA,131,qml:QtQuick.Controls.FluentWinUI3,qml,LIKELY_REQUIRED,PySide6 wheel tree SHA-256 match,,UNKNOWN
Release/External_Test/2026-07-30_audio-validation-fix/Qonic_Audio_v5.0_internal_test/_internal/PySide6/qml/QtQuick/Controls/FluentWinUI3/light/images/spinbox-indicator-up-icon-down-pressed@2x.png,D5A68925A3626DABC5A773663CD0134AE03C908C0C8ADB4381578078C3FC056E,164,qml:QtQuick.Controls.FluentWinUI3,qml,LIKELY_REQUIRED,PySide6 wheel tree SHA-256 match,,UNKNOWN
Release/External_Test/2026-07-30_audio-validation-fix/Qonic_Audio_v5.0_internal_test/_internal/PySide6/qml/QtQuick/Controls/FluentWinUI3/light/images/spinbox-indicator-up-icon-down-pressed@3x.png,9BEF876BBD6193E05E5E0AD50706EE454D1EA71DA782A6F9E9BF8E5E71BB920D,206,qml:QtQuick.Controls.FluentWinUI3,qml,LIKELY_REQUIRED,PySide6 wheel tree SHA-256 match,,UNKNOWN
Release/External_Test/2026-07-30_audio-validation-fix/Qonic_Audio_v5.0_internal_test/_internal/PySide6/qml/QtQuick/Controls/FluentWinUI3/light/images/spinbox-indicator-up-icon-hovered.png,95BC4AFBC55494F30EC3553AE051C73B535E9AAD45426EB373CB788F25F88CAA,131,qml:QtQuick.Controls.FluentWinUI3,qml,LIKELY_REQUIRED,PySide6 wheel tree SHA-256 match,,UNKNOWN
Release/External_Test/2026-07-30_audio-validation-fix/Qonic_Audio_v5.0_internal_test/_internal/PySide6/qml/QtQuick/Controls/FluentWinUI3/light/images/spinbox-indicator-up-icon-hovered@2x.png,D5A68925A3626DABC5A773663CD0134AE03C908C0C8ADB4381578078C3FC056E,164,qml:QtQuick.Controls.FluentWinUI3,qml,LIKELY_REQUIRED,PySide6 wheel tree SHA-256 match,,UNKNOWN
Release/External_Test/2026-07-30_audio-validation-fix/Qonic_Audio_v5.0_internal_test/_internal/PySide6/qml/QtQuick/Controls/FluentWinUI3/light/images/spinbox-indicator-up-icon-hovered@3x.png,9BEF876BBD6193E05E5E0AD50706EE454D1EA71DA782A6F9E9BF8E5E71BB920D,206,qml:QtQuick.Controls.FluentWinUI3,qml,LIKELY_REQUIRED,PySide6 wheel tree SHA-256 match,,UNKNOWN
Release/External_Test/2026-07-30_audio-validation-fix/Qonic_Audio_v5.0_internal_test/_internal/PySide6/qml/QtQuick/Controls/FluentWinUI3/light/images/spinbox-indicator-up-icon-up-hovered.png,95BC4AFBC55494F30EC3553AE051C73B535E9AAD45426EB373CB788F25F88CAA,131,qml:QtQuick.Controls.FluentWinUI3,qml,LIKELY_REQUIRED,PySide6 wheel tree SHA-256 match,,UNKNOWN
Release/External_Test/2026-07-30_audio-validation-fix/Qonic_Audio_v5.0_internal_test/_internal/PySide6/qml/QtQuick/Controls/FluentWinUI3/light/images/spinbox-indicator-up-icon-up-hovered@2x.png,D5A68925A3626DABC5A773663CD0134AE03C908C0C8ADB4381578078C3FC056E,164,qml:QtQuick.Controls.FluentWinUI3,qml,LIKELY_REQUIRED,PySide6 wheel tree SHA-256 match,,UNKNOWN
Release/External_Test/2026-07-30_audio-validation-fix/Qonic_Audio_v5.0_internal_test/_internal/PySide6/qml/QtQuick/Controls/FluentWinUI3/light/images/spinbox-indicator-up-icon-up-hovered@3x.png,9BEF876BBD6193E05E5E0AD50706EE454D1EA71DA782A6F9E9BF8E5E71BB920D,206,qml:QtQuick.Controls.FluentWinUI3,qml,LIKELY_REQUIRED,PySide6 wheel tree SHA-256 match,,UNKNOWN
Release/External_Test/2026-07-30_audio-validation-fix/Qonic_Audio_v5.0_internal_test/_internal/PySide6/qml/QtQuick/Controls/FluentWinUI3/light/images/spinbox-indicator-up-icon-up-pressed.png,794A9380887B18C0F853E906B6D3E930DCD800E7F14A19EF83D2F6543151CDB5,133,qml:QtQuick.Controls.FluentWinUI3,qml,LIKELY_REQUIRED,PySide6 wheel tree SHA-256 match,,UNKNOWN
Release/External_Test/2026-07-30_audio-validation-fix/Qonic_Audio_v5.0_internal_test/_internal/PySide6/qml/QtQuick/Controls/FluentWinUI3/light/images/spinbox-indicator-up-icon-up-pressed@2x.png,AFF5699102EC18221B14AEC2439EEB211E4F48384CFE158609296A5AAC8B7811,169,qml:QtQuick.Controls.FluentWinUI3,qml,LIKELY_REQUIRED,PySide6 wheel tree SHA-256 match,,UNKNOWN
Release/External_Test/2026-07-30_audio-validation-fix/Qonic_Audio_v5.0_internal_test/_internal/PySide6/qml/QtQuick/Controls/FluentWinUI3/light/images/spinbox-indicator-up-icon-up-pressed@3x.png,399152A9A5F63296C82ED87FFA7E40E281513FC59901BE1B45BAA3A88A8E4693,206,qml:QtQuick.Controls.FluentWinUI3,qml,LIKELY_REQUIRED,PySide6 wheel tree SHA-256 match,,UNKNOWN
Release/External_Test/2026-07-30_audio-validation-fix/Qonic_Audio_v5.0_internal_test/_internal/PySide6/qml/QtQuick/Controls/FluentWinUI3/light/images/spinbox-indicator-up-icon.png,95BC4AFBC55494F30EC3553AE051C73B535E9AAD45426EB373CB788F25F88CAA,131,qml:QtQuick.Controls.FluentWinUI3,qml,LIKELY_REQUIRED,PySide6 wheel tree SHA-256 match,,UNKNOWN
Release/External_Test/2026-07-30_audio-validation-fix/Qonic_Audio_v5.0_internal_test/_internal/PySide6/qml/QtQuick/Controls/FluentWinUI3/light/images/spinbox-indicator-up-icon@2x.png,D5A68925A3626DABC5A773663CD0134AE03C908C0C8ADB4381578078C3FC056E,164,qml:QtQuick.Controls.FluentWinUI3,qml,LIKELY_REQUIRED,PySide6 wheel tree SHA-256 match,,UNKNOWN
Release/External_Test/2026-07-30_audio-validation-fix/Qonic_Audio_v5.0_internal_test/_internal/PySide6/qml/QtQuick/Controls/FluentWinUI3/light/images/spinbox-indicator-up-icon@3x.png,9BEF876BBD6193E05E5E0AD50706EE454D1EA71DA782A6F9E9BF8E5E71BB920D,206,qml:QtQuick.Controls.FluentWinUI3,qml,LIKELY_REQUIRED,PySide6 wheel tree SHA-256 match,,UNKNOWN
Release/External_Test/2026-07-30_audio-validation-fix/Qonic_Audio_v5.0_internal_test/_internal/PySide6/qml/QtQuick/Controls/FluentWinUI3/light/images/textarea-background-disabled.png,2D54781387C4398487A62B8395D6DFBAF4B37DF0B023D4346D1983B28175596D,528,qml:QtQuick.Controls.FluentWinUI3,qml,LIKELY_REQUIRED,PySide6 wheel tree SHA-256 match,,UNKNOWN
Release/External_Test/2026-07-30_audio-validation-fix/Qonic_Audio_v5.0_internal_test/_internal/PySide6/qml/QtQuick/Controls/FluentWinUI3/light/images/textarea-background-disabled@2x.png,D4A8C508E022525049F8A331E1B3F99FFABE486798781C9C2A06F18FC16CB395,1231,qml:QtQuick.Controls.FluentWinUI3,qml,LIKELY_REQUIRED,PySide6 wheel tree SHA-256 match,,UNKNOWN
Release/External_Test/2026-07-30_audio-validation-fix/Qonic_Audio_v5.0_internal_test/_internal/PySide6/qml/QtQuick/Controls/FluentWinUI3/light/images/textarea-background-disabled@3x.png,31014EE2CC775BB62207D6057640CD89497435529C0B147736B8FA10059DE132,1957,qml:QtQuick.Controls.FluentWinUI3,qml,LIKELY_REQUIRED,PySide6 wheel tree SHA-256 match,,UNKNOWN
Release/External_Test/2026-07-30_audio-validation-fix/Qonic_Audio_v5.0_internal_test/_internal/PySide6/qml/QtQuick/Controls/FluentWinUI3/light/images/textarea-background-focused.png,89A904341D1FA50077C0D2F1CB8FD0543EAB15C7C0654D4B6CF7CA46C60D593F,485,qml:QtQuick.Controls.FluentWinUI3,qml,LIKELY_REQUIRED,PySide6 wheel tree SHA-256 match,,UNKNOWN
Release/External_Test/2026-07-30_audio-validation-fix/Qonic_Audio_v5.0_internal_test/_internal/PySide6/qml/QtQuick/Controls/FluentWinUI3/light/images/textarea-background-focused@2x.png,5BF485A8839564FD33B6B42C8819C0867D3750ED65E0A330928B82DB9E36423F,1114,qml:QtQuick.Controls.FluentWinUI3,qml,LIKELY_REQUIRED,PySide6 wheel tree SHA-256 match,,UNKNOWN
Release/External_Test/2026-07-30_audio-validation-fix/Qonic_Audio_v5.0_internal_test/_internal/PySide6/qml/QtQuick/Controls/FluentWinUI3/light/images/textarea-background-focused@3x.png,7FFC92E9BEC08ECF3C8F3980430855921B11474BE1782F43BB99E908960D341B,1803,qml:QtQuick.Controls.FluentWinUI3,qml,LIKELY_REQUIRED,PySide6 wheel tree SHA-256 match,,UNKNOWN
Release/External_Test/2026-07-30_audio-validation-fix/Qonic_Audio_v5.0_internal_test/_internal/PySide6/qml/QtQuick/Controls/FluentWinUI3/light/images/textarea-background-hovered.png,2D54781387C4398487A62B8395D6DFBAF4B37DF0B023D4346D1983B28175596D,528,qml:QtQuick.Controls.FluentWinUI3,qml,LIKELY_REQUIRED,PySide6 wheel tree SHA-256 match,,UNKNOWN
Release/External_Test/2026-07-30_audio-validation-fix/Qonic_Audio_v5.0_internal_test/_internal/PySide6/qml/QtQuick/Controls/FluentWinUI3/light/images/textarea-background-hovered@2x.png,D4A8C508E022525049F8A331E1B3F99FFABE486798781C9C2A06F18FC16CB395,1231,qml:QtQuick.Controls.FluentWinUI3,qml,LIKELY_REQUIRED,PySide6 wheel tree SHA-256 match,,UNKNOWN
Release/External_Test/2026-07-30_audio-validation-fix/Qonic_Audio_v5.0_internal_test/_internal/PySide6/qml/QtQuick/Controls/FluentWinUI3/light/images/textarea-background-hovered@3x.png,31014EE2CC775BB62207D6057640CD89497435529C0B147736B8FA10059DE132,1957,qml:QtQuick.Controls.FluentWinUI3,qml,LIKELY_REQUIRED,PySide6 wheel tree SHA-256 match,,UNKNOWN
Release/External_Test/2026-07-30_audio-validation-fix/Qonic_Audio_v5.0_internal_test/_internal/PySide6/qml/QtQuick/Controls/FluentWinUI3/light/images/textarea-background.png,2D54781387C4398487A62B8395D6DFBAF4B37DF0B023D4346D1983B28175596D,528,qml:QtQuick.Controls.FluentWinUI3,qml,LIKELY_REQUIRED,PySide6 wheel tree SHA-256 match,,UNKNOWN
Release/External_Test/2026-07-30_audio-validation-fix/Qonic_Audio_v5.0_internal_test/_internal/PySide6/qml/QtQuick/Controls/FluentWinUI3/light/images/textarea-background@2x.png,D4A8C508E022525049F8A331E1B3F99FFABE486798781C9C2A06F18FC16CB395,1231,qml:QtQuick.Controls.FluentWinUI3,qml,LIKELY_REQUIRED,PySide6 wheel tree SHA-256 match,,UNKNOWN
Release/External_Test/2026-07-30_audio-validation-fix/Qonic_Audio_v5.0_internal_test/_internal/PySide6/qml/QtQuick/Controls/FluentWinUI3/light/images/textarea-background@3x.png,31014EE2CC775BB62207D6057640CD89497435529C0B147736B8FA10059DE132,1957,qml:QtQuick.Controls.FluentWinUI3,qml,LIKELY_REQUIRED,PySide6 wheel tree SHA-256 match,,UNKNOWN
Release/External_Test/2026-07-30_audio-validation-fix/Qonic_Audio_v5.0_internal_test/_internal/PySide6/qml/QtQuick/Controls/FluentWinUI3/light/images/textfield-background-disabled.png,F1D7DA6B324C205607F12FA0B65B5333C3E3342712EC0470C37944067778DB2F,428,qml:QtQuick.Controls.FluentWinUI3,qml,LIKELY_REQUIRED,PySide6 wheel tree SHA-256 match,,UNKNOWN
Release/External_Test/2026-07-30_audio-validation-fix/Qonic_Audio_v5.0_internal_test/_internal/PySide6/qml/QtQuick/Controls/FluentWinUI3/light/images/textfield-background-disabled@2x.png,794EBDB74972801081753B48D2B38D026D38E974718A94E09F8D26D767336F65,984,qml:QtQuick.Controls.FluentWinUI3,qml,LIKELY_REQUIRED,PySide6 wheel tree SHA-256 match,,UNKNOWN
Release/External_Test/2026-07-30_audio-validation-fix/Qonic_Audio_v5.0_internal_test/_internal/PySide6/qml/QtQuick/Controls/FluentWinUI3/light/images/textfield-background-disabled@3x.png,95D8FFD7732A37F14668DF693F43128DF271E765F3104B02B21A81B9C2CFC6D0,1548,qml:QtQuick.Controls.FluentWinUI3,qml,LIKELY_REQUIRED,PySide6 wheel tree SHA-256 match,,UNKNOWN
Release/External_Test/2026-07-30_audio-validation-fix/Qonic_Audio_v5.0_internal_test/_internal/PySide6/qml/QtQuick/Controls/FluentWinUI3/light/images/textfield-background-focused.png,DB566FB26F6D7AA714F01393A244EEEFB5482A9A457E6422CABB60CC9305B5FF,398,qml:QtQuick.Controls.FluentWinUI3,qml,LIKELY_REQUIRED,PySide6 wheel tree SHA-256 match,,UNKNOWN
Release/External_Test/2026-07-30_audio-validation-fix/Qonic_Audio_v5.0_internal_test/_internal/PySide6/qml/QtQuick/Controls/FluentWinUI3/light/images/textfield-background-focused@2x.png,8105AB63D026CA703B957756BE0C7101BE15F050005309E146BF40795807B1D5,895,qml:QtQuick.Controls.FluentWinUI3,qml,LIKELY_REQUIRED,PySide6 wheel tree SHA-256 match,,UNKNOWN
Release/External_Test/2026-07-30_audio-validation-fix/Qonic_Audio_v5.0_internal_test/_internal/PySide6/qml/QtQuick/Controls/FluentWinUI3/light/images/textfield-background-focused@3x.png,CB52C762CA44219AF10D093D5E5AB839690A5268E3588C2BC4EA2C030DF43922,1354,qml:QtQuick.Controls.FluentWinUI3,qml,LIKELY_REQUIRED,PySide6 wheel tree SHA-256 match,,UNKNOWN
Release/External_Test/2026-07-30_audio-validation-fix/Qonic_Audio_v5.0_internal_test/_internal/PySide6/qml/QtQuick/Controls/FluentWinUI3/light/images/textfield-background-hovered.png,2F1E8DCDD56D50284AF0854BF9B0DB7121D56F98180FE63A27D167E01E2B2BA9,431,qml:QtQuick.Controls.FluentWinUI3,qml,LIKELY_REQUIRED,PySide6 wheel tree SHA-256 match,,UNKNOWN
Release/External_Test/2026-07-30_audio-validation-fix/Qonic_Audio_v5.0_internal_test/_internal/PySide6/qml/QtQuick/Controls/FluentWinUI3/light/images/textfield-background-hovered@2x.png,376E7887CE5D818A7673C0F70F3EC0FEEFE57F87B702C64AB38041EE11AB3A42,962,qml:QtQuick.Controls.FluentWinUI3,qml,LIKELY_REQUIRED,PySide6 wheel tree SHA-256 match,,UNKNOWN
Release/External_Test/2026-07-30_audio-validation-fix/Qonic_Audio_v5.0_internal_test/_internal/PySide6/qml/QtQuick/Controls/FluentWinUI3/light/images/textfield-background-hovered@3x.png,C31C4373939BF4A3675A5BE8218F7C70FA18A25FC0C810CB806E445A1551887F,1529,qml:QtQuick.Controls.FluentWinUI3,qml,LIKELY_REQUIRED,PySide6 wheel tree SHA-256 match,,UNKNOWN
Release/External_Test/2026-07-30_audio-validation-fix/Qonic_Audio_v5.0_internal_test/_internal/PySide6/qml/QtQuick/Controls/FluentWinUI3/light/images/textfield-background.png,28D2B4D2E34246D3AD02C05BED45F2EFF9DFC33B4955811D50E11067DE43D75B,430,qml:QtQuick.Controls.FluentWinUI3,qml,LIKELY_REQUIRED,PySide6 wheel tree SHA-256 match,,UNKNOWN
Release/External_Test/2026-07-30_audio-validation-fix/Qonic_Audio_v5.0_internal_test/_internal/PySide6/qml/QtQuick/Controls/FluentWinUI3/light/images/textfield-background@2x.png,F860C1E659D2C600DE49A50D406E9470D9433F2F51BFA3FE927466B7258C453F,966,qml:QtQuick.Controls.FluentWinUI3,qml,LIKELY_REQUIRED,PySide6 wheel tree SHA-256 match,,UNKNOWN
Release/External_Test/2026-07-30_audio-validation-fix/Qonic_Audio_v5.0_internal_test/_internal/PySide6/qml/QtQuick/Controls/FluentWinUI3/light/images/textfield-background@3x.png,EAB157837D94FF5EB26E2C72006F524519F60446BD44ABD5AF59733F52B83EAD,1529,qml:QtQuick.Controls.FluentWinUI3,qml,LIKELY_REQUIRED,PySide6 wheel tree SHA-256 match,,UNKNOWN
Release/External_Test/2026-07-30_audio-validation-fix/Qonic_Audio_v5.0_internal_test/_internal/PySide6/qml/QtQuick/Controls/FluentWinUI3/Menu.qml,5431E8C7FCE8ED1E9C4BE64961BDF31C5A18502A468174BD654835FA632E9936,2791,qml:QtQuick.Controls.FluentWinUI3,qml,LIKELY_REQUIRED,PySide6 wheel tree SHA-256 match,,UNKNOWN
Release/External_Test/2026-07-30_audio-validation-fix/Qonic_Audio_v5.0_internal_test/_internal/PySide6/qml/QtQuick/Controls/FluentWinUI3/MenuBar.qml,46BA0A882D446582288777FEB2B58B7BAD8407594720ADFA9F1259ED5EBFBC3B,1355,qml:QtQuick.Controls.FluentWinUI3,qml,LIKELY_REQUIRED,PySide6 wheel tree SHA-256 match,,UNKNOWN
Release/External_Test/2026-07-30_audio-validation-fix/Qonic_Audio_v5.0_internal_test/_internal/PySide6/qml/QtQuick/Controls/FluentWinUI3/MenuBarItem.qml,B2F84EAA099EC523A1EB0021C0267A39F574975AF9A88E306E42002C6E232C24,2856,qml:QtQuick.Controls.FluentWinUI3,qml,LIKELY_REQUIRED,PySide6 wheel tree SHA-256 match,,UNKNOWN
Release/External_Test/2026-07-30_audio-validation-fix/Qonic_Audio_v5.0_internal_test/_internal/PySide6/qml/QtQuick/Controls/FluentWinUI3/MenuItem.qml,E69DD53A5D597063D3C200A133AF0BF4411F7BE8D2DDFEFA7BE6C89963A8C366,3150,qml:QtQuick.Controls.FluentWinUI3,qml,LIKELY_REQUIRED,PySide6 wheel tree SHA-256 match,,UNKNOWN
Release/External_Test/2026-07-30_audio-validation-fix/Qonic_Audio_v5.0_internal_test/_internal/PySide6/qml/QtQuick/Controls/FluentWinUI3/MenuSeparator.qml,2FE8ECE744FCB232F9275774E5CB3C8B71278796EC9908CE0D287DCCA7352205,847,qml:QtQuick.Controls.FluentWinUI3,qml,LIKELY_REQUIRED,PySide6 wheel tree SHA-256 match,,UNKNOWN
Release/External_Test/2026-07-30_audio-validation-fix/Qonic_Audio_v5.0_internal_test/_internal/PySide6/qml/QtQuick/Controls/FluentWinUI3/PageIndicator.qml,F24A9233788A1132C0A4CD314DC80A686ABD57592137D02518C5D62284FD7867,2474,qml:QtQuick.Controls.FluentWinUI3,qml,LIKELY_REQUIRED,PySide6 wheel tree SHA-256 match,,UNKNOWN
Release/External_Test/2026-07-30_audio-validation-fix/Qonic_Audio_v5.0_internal_test/_internal/PySide6/qml/QtQuick/Controls/FluentWinUI3/plugins.qmltypes,A96C7BF5832767BDC9D91E2290A3920AEC3ABFBF2E3814BCE38B49483F16F84A,215,qml:QtQuick.Controls.FluentWinUI3,qml,LIKELY_REQUIRED,PySide6 wheel tree SHA-256 match,,UNKNOWN
Release/External_Test/2026-07-30_audio-validation-fix/Qonic_Audio_v5.0_internal_test/_internal/PySide6/qml/QtQuick/Controls/FluentWinUI3/Popup.qml,B4F65ABEFC9423D4A2A93A03ECB93EE99F7991CB382E702B1A5AF75ACA73C30F,2541,qml:QtQuick.Controls.FluentWinUI3,qml,LIKELY_REQUIRED,PySide6 wheel tree SHA-256 match,,UNKNOWN
Release/External_Test/2026-07-30_audio-validation-fix/Qonic_Audio_v5.0_internal_test/_internal/PySide6/qml/QtQuick/Controls/FluentWinUI3/ProgressBar.qml,06C2DA999A521463729D44FDCC75A2D7AECC88168A420AF72DE4A8A3EF3C380C,5286,qml:QtQuick.Controls.FluentWinUI3,qml,LIKELY_REQUIRED,PySide6 wheel tree SHA-256 match,,UNKNOWN
Release/External_Test/2026-07-30_audio-validation-fix/Qonic_Audio_v5.0_internal_test/_internal/PySide6/qml/QtQuick/Controls/FluentWinUI3/qmldir,3B28DBAC2EE7F92DAAACE11E0953E9643F08B49E957F26624F9B5AF665642DCE,2837,qml:QtQuick.Controls.FluentWinUI3,qml,LIKELY_REQUIRED,PySide6 wheel tree SHA-256 match,,UNKNOWN
Release/External_Test/2026-07-30_audio-validation-fix/Qonic_Audio_v5.0_internal_test/_internal/PySide6/qml/QtQuick/Controls/FluentWinUI3/qtquickcontrols2fluentwinui3styleplugin.dll,D655A141B2236B94955F3AD319477C4B6FB7D3A672B51FC60C8698C38264CFBA,3355960,qml:QtQuick.Controls.FluentWinUI3,qml,LIKELY_REQUIRED,PySide6 wheel tree SHA-256 match,,UNKNOWN
Release/External_Test/2026-07-30_audio-validation-fix/Qonic_Audio_v5.0_internal_test/_internal/PySide6/qml/QtQuick/Controls/FluentWinUI3/RadioButton.qml,457D1D15A0D690315F25EE527BEC93C3EFE5E1FD36EA8463043C678B7EC0BF45,2658,qml:QtQuick.Controls.FluentWinUI3,qml,LIKELY_REQUIRED,PySide6 wheel tree SHA-256 match,,UNKNOWN
Release/External_Test/2026-07-30_audio-validation-fix/Qonic_Audio_v5.0_internal_test/_internal/PySide6/qml/QtQuick/Controls/FluentWinUI3/RadioDelegate.qml,1B52FC5327C59643933B6150DFF152DF04519B84A5C8943847D1C452336DAA36,3928,qml:QtQuick.Controls.FluentWinUI3,qml,LIKELY_REQUIRED,PySide6 wheel tree SHA-256 match,,UNKNOWN
Release/External_Test/2026-07-30_audio-validation-fix/Qonic_Audio_v5.0_internal_test/_internal/PySide6/qml/QtQuick/Controls/FluentWinUI3/RangeSlider.qml,8B8D87CA3419538BF0827D2941332FB8AFE4A4949212D0E7ED6C14AF344092AD,14102,qml:QtQuick.Controls.FluentWinUI3,qml,LIKELY_REQUIRED,PySide6 wheel tree SHA-256 match,,UNKNOWN
Release/External_Test/2026-07-30_audio-validation-fix/Qonic_Audio_v5.0_internal_test/_internal/PySide6/qml/QtQuick/Controls/FluentWinUI3/RoundButton.qml,162B6404A79748DED89B695DA7A236259094DC8089B82E5DE44BEAC58E503914,3450,qml:QtQuick.Controls.FluentWinUI3,qml,LIKELY_REQUIRED,PySide6 wheel tree SHA-256 match,,UNKNOWN
Release/External_Test/2026-07-30_audio-validation-fix/Qonic_Audio_v5.0_internal_test/_internal/PySide6/qml/QtQuick/Controls/FluentWinUI3/SearchField.qml,8E01573BFD85FEE537AAC24E5C838DB97FE2BA8247D146F2B3F5850DED5B31D0,9983,qml:QtQuick.Controls.FluentWinUI3,qml,LIKELY_REQUIRED,PySide6 wheel tree SHA-256 match,,UNKNOWN
Release/External_Test/2026-07-30_audio-validation-fix/Qonic_Audio_v5.0_internal_test/_internal/PySide6/qml/QtQuick/Controls/FluentWinUI3/Slider.qml,A6E321A25080673698B24A9E45D79F463D0E5914A41FFD42FC841BB5E7FFF1A7,9943,qml:QtQuick.Controls.FluentWinUI3,qml,LIKELY_REQUIRED,PySide6 wheel tree SHA-256 match,,UNKNOWN
Release/External_Test/2026-07-30_audio-validation-fix/Qonic_Audio_v5.0_internal_test/_internal/PySide6/qml/QtQuick/Controls/FluentWinUI3/SpinBox.qml,B424F2D4C00B4299CB948F65D89FCC09C32BBDD0FC6C94749CB58C2D443AFEBD,6663,qml:QtQuick.Controls.FluentWinUI3,qml,LIKELY_REQUIRED,PySide6 wheel tree SHA-256 match,,UNKNOWN
Release/External_Test/2026-07-30_audio-validation-fix/Qonic_Audio_v5.0_internal_test/_internal/PySide6/qml/QtQuick/Controls/FluentWinUI3/StyleImage.qml,B0A14808AB6D717A3EAFA8F0EAD9A4AE0655D59DF2A45272D80766F71E0DB194,2801,qml:QtQuick.Controls.FluentWinUI3,qml,LIKELY_REQUIRED,PySide6 wheel tree SHA-256 match,,UNKNOWN
Release/External_Test/2026-07-30_audio-validation-fix/Qonic_Audio_v5.0_internal_test/_internal/PySide6/qml/QtQuick/Controls/FluentWinUI3/SwipeDelegate.qml,A98C85D34B7024702DD32B2ABCA3785214AD2EBFF3EC7D6EB924E71C44FE6203,2924,qml:QtQuick.Controls.FluentWinUI3,qml,LIKELY_REQUIRED,PySide6 wheel tree SHA-256 match,,UNKNOWN
Release/External_Test/2026-07-30_audio-validation-fix/Qonic_Audio_v5.0_internal_test/_internal/PySide6/qml/QtQuick/Controls/FluentWinUI3/Switch.qml,C41CFAE5361EB1AA8AF2BDE65840F4F146FDEE397346F6B6E5F9CDD24E2A190E,2755,qml:QtQuick.Controls.FluentWinUI3,qml,LIKELY_REQUIRED,PySide6 wheel tree SHA-256 match,,UNKNOWN
Release/External_Test/2026-07-30_audio-validation-fix/Qonic_Audio_v5.0_internal_test/_internal/PySide6/qml/QtQuick/Controls/FluentWinUI3/SwitchDelegate.qml,E6E9976296BBEA16D0214C75000133B77DCAEFC38BB1925CF677B8CC6BDA09E3,3977,qml:QtQuick.Controls.FluentWinUI3,qml,LIKELY_REQUIRED,PySide6 wheel tree SHA-256 match,,UNKNOWN
Release/External_Test/2026-07-30_audio-validation-fix/Qonic_Audio_v5.0_internal_test/_internal/PySide6/qml/QtQuick/Controls/FluentWinUI3/TabBar.qml,5F3BEF09313EA72EDDF7C5F3102B7D1182EB8B38FF48725F48EA887C274217CB,1943,qml:QtQuick.Controls.FluentWinUI3,qml,LIKELY_REQUIRED,PySide6 wheel tree SHA-256 match,,UNKNOWN
Release/External_Test/2026-07-30_audio-validation-fix/Qonic_Audio_v5.0_internal_test/_internal/PySide6/qml/QtQuick/Controls/FluentWinUI3/TabButton.qml,084E3D8A0C72898C1DB3BF23036502DA43FE200930FF0C8EA12F2E2410602E31,3815,qml:QtQuick.Controls.FluentWinUI3,qml,LIKELY_REQUIRED,PySide6 wheel tree SHA-256 match,,UNKNOWN
Release/External_Test/2026-07-30_audio-validation-fix/Qonic_Audio_v5.0_internal_test/_internal/PySide6/qml/QtQuick/Controls/FluentWinUI3/TextArea.qml,4A1DA34F66ECCAEE45E3EF080AC02AFFCAA219A98C21D9A1A91AADFD3084D63A,2961,qml:QtQuick.Controls.FluentWinUI3,qml,LIKELY_REQUIRED,PySide6 wheel tree SHA-256 match,,UNKNOWN
Release/External_Test/2026-07-30_audio-validation-fix/Qonic_Audio_v5.0_internal_test/_internal/PySide6/qml/QtQuick/Controls/FluentWinUI3/TextField.qml,AA150D299C62AEF9A32B7AEC570163285DDABCA806CCF3C37E2F77FB774257FF,2963,qml:QtQuick.Controls.FluentWinUI3,qml,LIKELY_REQUIRED,PySide6 wheel tree SHA-256 match,,UNKNOWN
Release/External_Test/2026-07-30_audio-validation-fix/Qonic_Audio_v5.0_internal_test/_internal/PySide6/qml/QtQuick/Controls/FluentWinUI3/ToolBar.qml,ED507165A8E9010707251674AEB690270CFC9970F3417AF1AB23B2833A352680,1507,qml:QtQuick.Controls.FluentWinUI3,qml,LIKELY_REQUIRED,PySide6 wheel tree SHA-256 match,,UNKNOWN
Release/External_Test/2026-07-30_audio-validation-fix/Qonic_Audio_v5.0_internal_test/_internal/PySide6/qml/QtQuick/Controls/FluentWinUI3/ToolButton.qml,B69DF608053311FD1589C20967813BD9C0C5513FA1ECF1DF7125152848A5C3CA,4110,qml:QtQuick.Controls.FluentWinUI3,qml,LIKELY_REQUIRED,PySide6 wheel tree SHA-256 match,,UNKNOWN
Release/External_Test/2026-07-30_audio-validation-fix/Qonic_Audio_v5.0_internal_test/_internal/PySide6/qml/QtQuick/Controls/FluentWinUI3/ToolSeparator.qml,8D06A3B064F54C83C37E28A20A2F6C99A0BCEE13014133ECE5B54CA588466A85,1249,qml:QtQuick.Controls.FluentWinUI3,qml,LIKELY_REQUIRED,PySide6 wheel tree SHA-256 match,,UNKNOWN
Release/External_Test/2026-07-30_audio-validation-fix/Qonic_Audio_v5.0_internal_test/_internal/PySide6/qml/QtQuick/Controls/FluentWinUI3/ToolTip.qml,F100630AE4B2BA329167DE9CB0BFDDD608D1ADF3C9123C1AA39D0EC4A4973F10,2126,qml:QtQuick.Controls.FluentWinUI3,qml,LIKELY_REQUIRED,PySide6 wheel tree SHA-256 match,,UNKNOWN
Release/External_Test/2026-07-30_audio-validation-fix/Qonic_Audio_v5.0_internal_test/_internal/PySide6/qml/QtQuick/Controls/Fusion/ApplicationWindow.qml,AB8E5429924884D851B599DEC6AE689CB3D733317ED6FB3A47656997CDB5B987,416,qml:QtQuick.Controls.Fusion,qml,LIKELY_REQUIRED,PySide6 wheel tree SHA-256 match,,UNKNOWN
Release/External_Test/2026-07-30_audio-validation-fix/Qonic_Audio_v5.0_internal_test/_internal/PySide6/qml/QtQuick/Controls/Fusion/BusyIndicator.qml,2252F34902DAC468A0B2C474945BB57DF08ECA3A8252AECAA66BCB69E0CED1AA,1241,qml:QtQuick.Controls.Fusion,qml,LIKELY_REQUIRED,PySide6 wheel tree SHA-256 match,,UNKNOWN
Release/External_Test/2026-07-30_audio-validation-fix/Qonic_Audio_v5.0_internal_test/_internal/PySide6/qml/QtQuick/Controls/Fusion/Button.qml,7A786020C13A0561F8274284AEF4FA95B526663100852AF8FBA3EA37BB2F10C7,1594,qml:QtQuick.Controls.Fusion,qml,LIKELY_REQUIRED,PySide6 wheel tree SHA-256 match,,UNKNOWN
Release/External_Test/2026-07-30_audio-validation-fix/Qonic_Audio_v5.0_internal_test/_internal/PySide6/qml/QtQuick/Controls/Fusion/CheckBox.qml,7C75AB8E7A75D29EAE18D12BA93AFCE0097966D4DCDBC97C26FDAD6E47A9D0A5,1621,qml:QtQuick.Controls.Fusion,qml,LIKELY_REQUIRED,PySide6 wheel tree SHA-256 match,,UNKNOWN
Release/External_Test/2026-07-30_audio-validation-fix/Qonic_Audio_v5.0_internal_test/_internal/PySide6/qml/QtQuick/Controls/Fusion/CheckDelegate.qml,A472ACBC0C1296CBC3584767ECFEEDE26F5F7E3E577FB190A900E8890F14F5CE,2045,qml:QtQuick.Controls.Fusion,qml,LIKELY_REQUIRED,PySide6 wheel tree SHA-256 match,,UNKNOWN
Release/External_Test/2026-07-30_audio-validation-fix/Qonic_Audio_v5.0_internal_test/_internal/PySide6/qml/QtQuick/Controls/Fusion/ComboBox.qml,99A3CD0094BA893367FBC46CEAA4EF1E1A156B23CBCA76FE7EE0ADD5B01DDEDC,5276,qml:QtQuick.Controls.Fusion,qml,LIKELY_REQUIRED,PySide6 wheel tree SHA-256 match,,UNKNOWN
Release/External_Test/2026-07-30_audio-validation-fix/Qonic_Audio_v5.0_internal_test/_internal/PySide6/qml/QtQuick/Controls/Fusion/DelayButton.qml,AFFFDC379A1C04E9FDB2E1C238CF8AC5B2DDC9A29DF19D456AB16806B4E59F85,2922,qml:QtQuick.Controls.Fusion,qml,LIKELY_REQUIRED,PySide6 wheel tree SHA-256 match,,UNKNOWN
Release/External_Test/2026-07-30_audio-validation-fix/Qonic_Audio_v5.0_internal_test/_internal/PySide6/qml/QtQuick/Controls/Fusion/Dial.qml,4C875460C3FAE6681A22809323BA14959DF5A0F73D6CEAC07793FBD2410FD1F1,1549,qml:QtQuick.Controls.Fusion,qml,LIKELY_REQUIRED,PySide6 wheel tree SHA-256 match,,UNKNOWN
Release/External_Test/2026-07-30_audio-validation-fix/Qonic_Audio_v5.0_internal_test/_internal/PySide6/qml/QtQuick/Controls/Fusion/Dialog.qml,EAA74619D208D1F9CE8E5FE249F96DF36BDC45479C38761824405AD02BCC7ED1,2443,qml:QtQuick.Controls.Fusion,qml,LIKELY_REQUIRED,PySide6 wheel tree SHA-256 match,,UNKNOWN
Release/External_Test/2026-07-30_audio-validation-fix/Qonic_Audio_v5.0_internal_test/_internal/PySide6/qml/QtQuick/Controls/Fusion/DialogButtonBox.qml,4F8E15E228D435779436D0FA214305163880276335A7E5C3CA4A9FAE3711CF53,1538,qml:QtQuick.Controls.Fusion,qml,LIKELY_REQUIRED,PySide6 wheel tree SHA-256 match,,UNKNOWN
Release/External_Test/2026-07-30_audio-validation-fix/Qonic_Audio_v5.0_internal_test/_internal/PySide6/qml/QtQuick/Controls/Fusion/DoubleSpinBox.qml,A5B83E2AA33A974908FD2F637F94B6147306F3E77D63E7B070C9A23718CE6501,5319,qml:QtQuick.Controls.Fusion,qml,LIKELY_REQUIRED,PySide6 wheel tree SHA-256 match,,UNKNOWN
Release/External_Test/2026-07-30_audio-validation-fix/Qonic_Audio_v5.0_internal_test/_internal/PySide6/qml/QtQuick/Controls/Fusion/Drawer.qml,21D2421A86923443EB074E90395B86760A1835A1462BB8F4B4582BBD2EB33C42,2164,qml:QtQuick.Controls.Fusion,qml,LIKELY_REQUIRED,PySide6 wheel tree SHA-256 match,,UNKNOWN
Release/External_Test/2026-07-30_audio-validation-fix/Qonic_Audio_v5.0_internal_test/_internal/PySide6/qml/QtQuick/Controls/Fusion/Frame.qml,89D32DC4FEB1B9CC92DF74AFABA6213F3960FF80C7DF9FAFDF8753178CA019A6,859,qml:QtQuick.Controls.Fusion,qml,LIKELY_REQUIRED,PySide6 wheel tree SHA-256 match,,UNKNOWN
Release/External_Test/2026-07-30_audio-validation-fix/Qonic_Audio_v5.0_internal_test/_internal/PySide6/qml/QtQuick/Controls/Fusion/GroupBox.qml,99A8A3F77276D5DF6C0929B7AD9EF12C650DA69AC037C4811134014353BB28DE,1526,qml:QtQuick.Controls.Fusion,qml,LIKELY_REQUIRED,PySide6 wheel tree SHA-256 match,,UNKNOWN
Release/External_Test/2026-07-30_audio-validation-fix/Qonic_Audio_v5.0_internal_test/_internal/PySide6/qml/QtQuick/Controls/Fusion/HorizontalHeaderView.qml,529300DAB184B8B597775933D749E973A37377C9E15FE295EA232204A0865E3B,851,qml:QtQuick.Controls.Fusion,qml,LIKELY_REQUIRED,PySide6 wheel tree SHA-256 match,,UNKNOWN
Release/External_Test/2026-07-30_audio-validation-fix/Qonic_Audio_v5.0_internal_test/_internal/PySide6/qml/QtQuick/Controls/Fusion/HorizontalHeaderViewDelegate.qml,0F992CBE87ABCCC925CAA140371D981E83EB1FDCDD1C1FCF2F766DA344F74E11,1386,qml:QtQuick.Controls.Fusion,qml,LIKELY_REQUIRED,PySide6 wheel tree SHA-256 match,,UNKNOWN
Release/External_Test/2026-07-30_audio-validation-fix/Qonic_Audio_v5.0_internal_test/_internal/PySide6/qml/QtQuick/Controls/Fusion/impl/ButtonPanel.qml,36288D5570E1D351D095579EB88AB861F77A598247318882968328B3AC5D4A02,1577,qml:QtQuick.Controls.Fusion,qml,LIKELY_REQUIRED,PySide6 wheel tree SHA-256 match,,UNKNOWN
Release/External_Test/2026-07-30_audio-validation-fix/Qonic_Audio_v5.0_internal_test/_internal/PySide6/qml/QtQuick/Controls/Fusion/impl/CheckIndicator.qml,CF5612DD9200C2A35D7AF2AA5A446306E5FB94862F3CCACE4A1F31D49939E9D4,2161,qml:QtQuick.Controls.Fusion,qml,LIKELY_REQUIRED,PySide6 wheel tree SHA-256 match,,UNKNOWN
Release/External_Test/2026-07-30_audio-validation-fix/Qonic_Audio_v5.0_internal_test/_internal/PySide6/qml/QtQuick/Controls/Fusion/impl/CopyAction.qml,4B699DF0DDC30F40EEE5E8B7524B9BDDD5AB6FCB564C89EF1640BFBAEA3BCF20,287,qml:QtQuick.Controls.Fusion,qml,LIKELY_REQUIRED,PySide6 wheel tree SHA-256 match,,UNKNOWN
Release/External_Test/2026-07-30_audio-validation-fix/Qonic_Audio_v5.0_internal_test/_internal/PySide6/qml/QtQuick/Controls/Fusion/impl/CutAction.qml,D3ADF1064F3DE6EEA1B87932A87127C65AEA8361AF560E114E84FEE16C8742A1,286,qml:QtQuick.Controls.Fusion,qml,LIKELY_REQUIRED,PySide6 wheel tree SHA-256 match,,UNKNOWN
Release/External_Test/2026-07-30_audio-validation-fix/Qonic_Audio_v5.0_internal_test/_internal/PySide6/qml/QtQuick/Controls/Fusion/impl/DeleteAction.qml,2D891E192CE77BEAF98E65EAC56567F9CABBE169391B896921B64896F5056293,289,qml:QtQuick.Controls.Fusion,qml,LIKELY_REQUIRED,PySide6 wheel tree SHA-256 match,,UNKNOWN
Release/External_Test/2026-07-30_audio-validation-fix/Qonic_Audio_v5.0_internal_test/_internal/PySide6/qml/QtQuick/Controls/Fusion/impl/PasteAction.qml,5C02A16C043E94495E7C120B67C0864C90B7258BFCBCDD1621A20A1BD8A187E0,288,qml:QtQuick.Controls.Fusion,qml,LIKELY_REQUIRED,PySide6 wheel tree SHA-256 match,,UNKNOWN
Release/External_Test/2026-07-30_audio-validation-fix/Qonic_Audio_v5.0_internal_test/_internal/PySide6/qml/QtQuick/Controls/Fusion/impl/plugins.qmltypes,220E5F7DCA0DD0D77373BDC069B53336B7E85A4FDF48EE538C33C1F4BFE83EA4,3026,qml:QtQuick.Controls.Fusion,qml,LIKELY_REQUIRED,PySide6 wheel tree SHA-256 match,,UNKNOWN
Release/External_Test/2026-07-30_audio-validation-fix/Qonic_Audio_v5.0_internal_test/_internal/PySide6/qml/QtQuick/Controls/Fusion/impl/qmldir,932D5B4FEFA2B0CB5B9BFD027D6FAAA7BDA03D991DC15FF09FD6FC873C82EB3E,1097,qml:QtQuick.Controls.Fusion,qml,LIKELY_REQUIRED,PySide6 wheel tree SHA-256 match,,UNKNOWN
Release/External_Test/2026-07-30_audio-validation-fix/Qonic_Audio_v5.0_internal_test/_internal/PySide6/qml/QtQuick/Controls/Fusion/impl/qtquickcontrols2fusionstyleimplplugin.dll,2A1CC03859047F4D8B4852A0499E79B11E0E74C539373A271F965C5CEA85B3E6,30520,qml:QtQuick.Controls.Fusion,qml,LIKELY_REQUIRED,PySide6 wheel tree SHA-256 match,,UNKNOWN
Release/External_Test/2026-07-30_audio-validation-fix/Qonic_Audio_v5.0_internal_test/_internal/PySide6/qml/QtQuick/Controls/Fusion/impl/RadioIndicator.qml,EF8B331FE8BAD5F09AE678E585531383AE0AF45DAE3B50A51E6DDB96504D507C,1712,qml:QtQuick.Controls.Fusion,qml,LIKELY_REQUIRED,PySide6 wheel tree SHA-256 match,,UNKNOWN
Release/External_Test/2026-07-30_audio-validation-fix/Qonic_Audio_v5.0_internal_test/_internal/PySide6/qml/QtQuick/Controls/Fusion/impl/RedoAction.qml,D75DF93AD2045D962F424F8FD34D1F6B78867BB3EBA785DBFDDE3AE44EF23966,238,qml:QtQuick.Controls.Fusion,qml,LIKELY_REQUIRED,PySide6 wheel tree SHA-256 match,,UNKNOWN
Release/External_Test/2026-07-30_audio-validation-fix/Qonic_Audio_v5.0_internal_test/_internal/PySide6/qml/QtQuick/Controls/Fusion/impl/SelectAllAction.qml,0011724117B9D18FB43CF7B2531B4C42F211162ED949C4EDA3131B2B6D926449,292,qml:QtQuick.Controls.Fusion,qml,LIKELY_REQUIRED,PySide6 wheel tree SHA-256 match,,UNKNOWN
Release/External_Test/2026-07-30_audio-validation-fix/Qonic_Audio_v5.0_internal_test/_internal/PySide6/qml/QtQuick/Controls/Fusion/impl/SliderGroove.qml,C9285C0A631A81B350CCB16E277E146134C270CE51CCED9C52680BC5D95ECB07,2145,qml:QtQuick.Controls.Fusion,qml,LIKELY_REQUIRED,PySide6 wheel tree SHA-256 match,,UNKNOWN
Release/External_Test/2026-07-30_audio-validation-fix/Qonic_Audio_v5.0_internal_test/_internal/PySide6/qml/QtQuick/Controls/Fusion/impl/SliderHandle.qml,73F4552916C4BB42F04909C338AC00E5B2502272F761B3645734E53DD209DB43,1599,qml:QtQuick.Controls.Fusion,qml,LIKELY_REQUIRED,PySide6 wheel tree SHA-256 match,,UNKNOWN
Release/External_Test/2026-07-30_audio-validation-fix/Qonic_Audio_v5.0_internal_test/_internal/PySide6/qml/QtQuick/Controls/Fusion/impl/SwitchIndicator.qml,675A109E26F57485CAACFFECD84C0B91B28D24D58FE502BC40F5C1D7BA33BE44,3834,qml:QtQuick.Controls.Fusion,qml,LIKELY_REQUIRED,PySide6 wheel tree SHA-256 match,,UNKNOWN
Release/External_Test/2026-07-30_audio-validation-fix/Qonic_Audio_v5.0_internal_test/_internal/PySide6/qml/QtQuick/Controls/Fusion/impl/TextEditingContextMenu.qml,B584F0E2F6E9935A7946C8A88004F7691447F189A52684561EE82D665C47D8EB,957,qml:QtQuick.Controls.Fusion,qml,LIKELY_REQUIRED,PySide6 wheel tree SHA-256 match,,UNKNOWN
Release/External_Test/2026-07-30_audio-validation-fix/Qonic_Audio_v5.0_internal_test/_internal/PySide6/qml/QtQuick/Controls/Fusion/impl/TextFieldBackground.qml,414BD7E5FFB0332789581FFF0A055F93C6187EAED19463F607D548D21CF5AC08,941,qml:QtQuick.Controls.Fusion,qml,LIKELY_REQUIRED,PySide6 wheel tree SHA-256 match,,UNKNOWN
Release/External_Test/2026-07-30_audio-validation-fix/Qonic_Audio_v5.0_internal_test/_internal/PySide6/qml/QtQuick/Controls/Fusion/impl/UndoAction.qml,4CFE6D916150980AA6EF7AD78B80584D8FEEF6680750449BF285F262059575B6,238,qml:QtQuick.Controls.Fusion,qml,LIKELY_REQUIRED,PySide6 wheel tree SHA-256 match,,UNKNOWN
Release/External_Test/2026-07-30_audio-validation-fix/Qonic_Audio_v5.0_internal_test/_internal/PySide6/qml/QtQuick/Controls/Fusion/ItemDelegate.qml,0B2C351AD9BF968A941DF1A4DFC2DD20A7BC5B89C7B38898E423BEC66F9828FA,1626,qml:QtQuick.Controls.Fusion,qml,LIKELY_REQUIRED,PySide6 wheel tree SHA-256 match,,UNKNOWN
Release/External_Test/2026-07-30_audio-validation-fix/Qonic_Audio_v5.0_internal_test/_internal/PySide6/qml/QtQuick/Controls/Fusion/Label.qml,CD6A45AA4AD0BE797D19C9A9FCDB547E9AFC153AC079DCA6E17E498932C6C2E5,454,qml:QtQuick.Controls.Fusion,qml,LIKELY_REQUIRED,PySide6 wheel tree SHA-256 match,,UNKNOWN
Release/External_Test/2026-07-30_audio-validation-fix/Qonic_Audio_v5.0_internal_test/_internal/PySide6/qml/QtQuick/Controls/Fusion/Menu.qml,0E5AE014CC2CC38D20029E5CC296BC551666BA63BF4942537B970730F06C06C9,1759,qml:QtQuick.Controls.Fusion,qml,LIKELY_REQUIRED,PySide6 wheel tree SHA-256 match,,UNKNOWN
Release/External_Test/2026-07-30_audio-validation-fix/Qonic_Audio_v5.0_internal_test/_internal/PySide6/qml/QtQuick/Controls/Fusion/MenuBar.qml,581B48E20857822303F64F1BFBDB73D43616B89E0DC017221D5EEFBFDEF151FB,1450,qml:QtQuick.Controls.Fusion,qml,LIKELY_REQUIRED,PySide6 wheel tree SHA-256 match,,UNKNOWN
Release/External_Test/2026-07-30_audio-validation-fix/Qonic_Audio_v5.0_internal_test/_internal/PySide6/qml/QtQuick/Controls/Fusion/MenuBarItem.qml,A132BAE248507D2263F0A4F8608556373AAA5C55AE04DEE79B5262C942525F37,1489,qml:QtQuick.Controls.Fusion,qml,LIKELY_REQUIRED,PySide6 wheel tree SHA-256 match,,UNKNOWN
Release/External_Test/2026-07-30_audio-validation-fix/Qonic_Audio_v5.0_internal_test/_internal/PySide6/qml/QtQuick/Controls/Fusion/MenuItem.qml,166070B41E04894E19455B240B01F8A77249A28865B92A4B051BA972997ECCC3,2679,qml:QtQuick.Controls.Fusion,qml,LIKELY_REQUIRED,PySide6 wheel tree SHA-256 match,,UNKNOWN
Release/External_Test/2026-07-30_audio-validation-fix/Qonic_Audio_v5.0_internal_test/_internal/PySide6/qml/QtQuick/Controls/Fusion/MenuSeparator.qml,277F6F36870962281BB8EEB7A504524D806FD1A2053A29294690676BBEAFEEA1,977,qml:QtQuick.Controls.Fusion,qml,LIKELY_REQUIRED,PySide6 wheel tree SHA-256 match,,UNKNOWN
Release/External_Test/2026-07-30_audio-validation-fix/Qonic_Audio_v5.0_internal_test/_internal/PySide6/qml/QtQuick/Controls/Fusion/Page.qml,66F7E42646FEAA2308449D857A677B4F23491C93D47114FC499ED5E794092897,1068,qml:QtQuick.Controls.Fusion,qml,LIKELY_REQUIRED,PySide6 wheel tree SHA-256 match,,UNKNOWN
Release/External_Test/2026-07-30_audio-validation-fix/Qonic_Audio_v5.0_internal_test/_internal/PySide6/qml/QtQuick/Controls/Fusion/PageIndicator.qml,B4873CC8E3DE0A0F863B0D290BEE98F9EECA9955DED192853B7EC457EE73F877,1255,qml:QtQuick.Controls.Fusion,qml,LIKELY_REQUIRED,PySide6 wheel tree SHA-256 match,,UNKNOWN
Release/External_Test/2026-07-30_audio-validation-fix/Qonic_Audio_v5.0_internal_test/_internal/PySide6/qml/QtQuick/Controls/Fusion/Pane.qml,A9795E8D110F96585F09554EE8A83F34F6A9D77D85F570ADAF3E36883AA2F8D4,794,qml:QtQuick.Controls.Fusion,qml,LIKELY_REQUIRED,PySide6 wheel tree SHA-256 match,,UNKNOWN
Release/External_Test/2026-07-30_audio-validation-fix/Qonic_Audio_v5.0_internal_test/_internal/PySide6/qml/QtQuick/Controls/Fusion/plugins.qmltypes,66814A8F4FEF68A7DEE3819B88D61E21A7A9AC7B118080DDAF42AACF5AADF189,6194,qml:QtQuick.Controls.Fusion,qml,LIKELY_REQUIRED,PySide6 wheel tree SHA-256 match,,UNKNOWN
Release/External_Test/2026-07-30_audio-validation-fix/Qonic_Audio_v5.0_internal_test/_internal/PySide6/qml/QtQuick/Controls/Fusion/Popup.qml,FDD8DA4C7EFAF36BF2DF4B1D19D6FC36A86F18FA99EBB2BC8095437F7BAD4DCA,1063,qml:QtQuick.Controls.Fusion,qml,LIKELY_REQUIRED,PySide6 wheel tree SHA-256 match,,UNKNOWN
Release/External_Test/2026-07-30_audio-validation-fix/Qonic_Audio_v5.0_internal_test/_internal/PySide6/qml/QtQuick/Controls/Fusion/ProgressBar.qml,E558780EBAC99CD64393234CA5781CCA931E027405753FA140B2D0A9E4F77430,2868,qml:QtQuick.Controls.Fusion,qml,LIKELY_REQUIRED,PySide6 wheel tree SHA-256 match,,UNKNOWN
Release/External_Test/2026-07-30_audio-validation-fix/Qonic_Audio_v5.0_internal_test/_internal/PySide6/qml/QtQuick/Controls/Fusion/qmldir,7E03E2239797B1B2B1B200F955329A93D3974B640F0DB84EB44DF1E327C5EBDE,3644,qml:QtQuick.Controls.Fusion,qml,LIKELY_REQUIRED,PySide6 wheel tree SHA-256 match,,UNKNOWN
Release/External_Test/2026-07-30_audio-validation-fix/Qonic_Audio_v5.0_internal_test/_internal/PySide6/qml/QtQuick/Controls/Fusion/qtquickcontrols2fusionstyleplugin.dll,CE76180E7F571A842A285457DE63919B04AD9EA78AA80EAA2B39B3AC6AB19732,31544,qml:QtQuick.Controls.Fusion,qml,LIKELY_REQUIRED,PySide6 wheel tree SHA-256 match,,UNKNOWN
Release/External_Test/2026-07-30_audio-validation-fix/Qonic_Audio_v5.0_internal_test/_internal/PySide6/qml/QtQuick/Controls/Fusion/RadioButton.qml,D54062903CF2447F889F2E9771E38DB46134FC9733FC328824E2854FF36C5BA7,1571,qml:QtQuick.Controls.Fusion,qml,LIKELY_REQUIRED,PySide6 wheel tree SHA-256 match,,UNKNOWN
Release/External_Test/2026-07-30_audio-validation-fix/Qonic_Audio_v5.0_internal_test/_internal/PySide6/qml/QtQuick/Controls/Fusion/RadioDelegate.qml,BEA0809C3CED0BDAF85A0003D8CB24C4143FEF0093AD714FEA85AC8F5EE815FE,2045,qml:QtQuick.Controls.Fusion,qml,LIKELY_REQUIRED,PySide6 wheel tree SHA-256 match,,UNKNOWN
Release/External_Test/2026-07-30_audio-validation-fix/Qonic_Audio_v5.0_internal_test/_internal/PySide6/qml/QtQuick/Controls/Fusion/RangeSlider.qml,7087DE35D241B4A531AC586B55151F7D658BF962F9E8B232F327EC88A87CD505,2224,qml:QtQuick.Controls.Fusion,qml,LIKELY_REQUIRED,PySide6 wheel tree SHA-256 match,,UNKNOWN
Release/External_Test/2026-07-30_audio-validation-fix/Qonic_Audio_v5.0_internal_test/_internal/PySide6/qml/QtQuick/Controls/Fusion/RoundButton.qml,246A3E82445D49AC4747D986D44CCB72E4AFBDB00A6E688AE358B9381AE42F77,2790,qml:QtQuick.Controls.Fusion,qml,LIKELY_REQUIRED,PySide6 wheel tree SHA-256 match,,UNKNOWN
Release/External_Test/2026-07-30_audio-validation-fix/Qonic_Audio_v5.0_internal_test/_internal/PySide6/qml/QtQuick/Controls/Fusion/ScrollBar.qml,AFE6020B9D20FA811B9E49530275651425D06F0333A2FAAD34707B51A48A9AB7,1863,qml:QtQuick.Controls.Fusion,qml,LIKELY_REQUIRED,PySide6 wheel tree SHA-256 match,,UNKNOWN
Release/External_Test/2026-07-30_audio-validation-fix/Qonic_Audio_v5.0_internal_test/_internal/PySide6/qml/QtQuick/Controls/Fusion/ScrollIndicator.qml,48EB538424D84C3AB5977FB9A4EA8F174193AD77929A5C5BD4B4A8AE0A338FAE,1420,qml:QtQuick.Controls.Fusion,qml,LIKELY_REQUIRED,PySide6 wheel tree SHA-256 match,,UNKNOWN
Release/External_Test/2026-07-30_audio-validation-fix/Qonic_Audio_v5.0_internal_test/_internal/PySide6/qml/QtQuick/Controls/Fusion/ScrollView.qml,981AB6DB297E985D37B6D83F26801075EC35ABEAFF38C28ADB2E7255CEAE1A31,1120,qml:QtQuick.Controls.Fusion,qml,LIKELY_REQUIRED,PySide6 wheel tree SHA-256 match,,UNKNOWN
Release/External_Test/2026-07-30_audio-validation-fix/Qonic_Audio_v5.0_internal_test/_internal/PySide6/qml/QtQuick/Controls/Fusion/SearchField.qml,0BD008C481ECA181C8BBB94F9B2A7C42C2C08B2FA8CCC4A41B7DA3911D373E4E,8000,qml:QtQuick.Controls.Fusion,qml,LIKELY_REQUIRED,PySide6 wheel tree SHA-256 match,,UNKNOWN
Release/External_Test/2026-07-30_audio-validation-fix/Qonic_Audio_v5.0_internal_test/_internal/PySide6/qml/QtQuick/Controls/Fusion/SelectionRectangle.qml,F402F5E69F61CEEC8A9263AF6C412F044137D55DAFE53462493252D9832C756F,1015,qml:QtQuick.Controls.Fusion,qml,LIKELY_REQUIRED,PySide6 wheel tree SHA-256 match,,UNKNOWN
Release/External_Test/2026-07-30_audio-validation-fix/Qonic_Audio_v5.0_internal_test/_internal/PySide6/qml/QtQuick/Controls/Fusion/Slider.qml,E2AAC15C76AA6E3792BEFCCC9943E489CC933DC61109B59A6F10D72D74EE9FCA,1400,qml:QtQuick.Controls.Fusion,qml,LIKELY_REQUIRED,PySide6 wheel tree SHA-256 match,,UNKNOWN
Release/External_Test/2026-07-30_audio-validation-fix/Qonic_Audio_v5.0_internal_test/_internal/PySide6/qml/QtQuick/Controls/Fusion/SpinBox.qml,C499952D7271162C781B3B20ADB8E0DAA9F1C8704CE65B41D13207F82E228994,5274,qml:QtQuick.Controls.Fusion,qml,LIKELY_REQUIRED,PySide6 wheel tree SHA-256 match,,UNKNOWN
Release/External_Test/2026-07-30_audio-validation-fix/Qonic_Audio_v5.0_internal_test/_internal/PySide6/qml/QtQuick/Controls/Fusion/SplitView.qml,A7F71486E7F73C6F6BFA13D2F28BF5D0F6EF5C6C202E59D047BD33616B7768E6,1385,qml:QtQuick.Controls.Fusion,qml,LIKELY_REQUIRED,PySide6 wheel tree SHA-256 match,,UNKNOWN
Release/External_Test/2026-07-30_audio-validation-fix/Qonic_Audio_v5.0_internal_test/_internal/PySide6/qml/QtQuick/Controls/Fusion/SwipeDelegate.qml,998DBAD30DA16E547BCBDE23AF981A2451A16981AD4F5BC9EF02249F55FFB815,1733,qml:QtQuick.Controls.Fusion,qml,LIKELY_REQUIRED,PySide6 wheel tree SHA-256 match,,UNKNOWN
Release/External_Test/2026-07-30_audio-validation-fix/Qonic_Audio_v5.0_internal_test/_internal/PySide6/qml/QtQuick/Controls/Fusion/Switch.qml,7A06BB850E291FBC0A3BC7179D574695A6032706029912C2B4140F64DF091F0F,1561,qml:QtQuick.Controls.Fusion,qml,LIKELY_REQUIRED,PySide6 wheel tree SHA-256 match,,UNKNOWN
Release/External_Test/2026-07-30_audio-validation-fix/Qonic_Audio_v5.0_internal_test/_internal/PySide6/qml/QtQuick/Controls/Fusion/SwitchDelegate.qml,4F40941ABEB6F6CF0173628691ECFE467552AA510A936875ABBCADC4621935EE,2123,qml:QtQuick.Controls.Fusion,qml,LIKELY_REQUIRED,PySide6 wheel tree SHA-256 match,,UNKNOWN
Release/External_Test/2026-07-30_audio-validation-fix/Qonic_Audio_v5.0_internal_test/_internal/PySide6/qml/QtQuick/Controls/Fusion/TabBar.qml,7C1169A34D045387B9AFC9133903C7CE81C8511F8FF776967BB3184DB6999386,1506,qml:QtQuick.Controls.Fusion,qml,LIKELY_REQUIRED,PySide6 wheel tree SHA-256 match,,UNKNOWN
Release/External_Test/2026-07-30_audio-validation-fix/Qonic_Audio_v5.0_internal_test/_internal/PySide6/qml/QtQuick/Controls/Fusion/TabButton.qml,9B98A457BA7BEF812E9150B8DD4DFCB0B154C6D87AE7CAB094B6F482BDADB38D,2233,qml:QtQuick.Controls.Fusion,qml,LIKELY_REQUIRED,PySide6 wheel tree SHA-256 match,,UNKNOWN
Release/External_Test/2026-07-30_audio-validation-fix/Qonic_Audio_v5.0_internal_test/_internal/PySide6/qml/QtQuick/Controls/Fusion/TextArea.qml,DC26D79D378A9D00F2AF229108FEB2C61A7CA4C51E06CAED45FE971D1A65E1AF,1879,qml:QtQuick.Controls.Fusion,qml,LIKELY_REQUIRED,PySide6 wheel tree SHA-256 match,,UNKNOWN
Release/External_Test/2026-07-30_audio-validation-fix/Qonic_Audio_v5.0_internal_test/_internal/PySide6/qml/QtQuick/Controls/Fusion/TextField.qml,9E37946FD1BE2970445D8DC646AE599A1322749CE3E59E8E4969A49545780EDD,1864,qml:QtQuick.Controls.Fusion,qml,LIKELY_REQUIRED,PySide6 wheel tree SHA-256 match,,UNKNOWN
Release/External_Test/2026-07-30_audio-validation-fix/Qonic_Audio_v5.0_internal_test/_internal/PySide6/qml/QtQuick/Controls/Fusion/ToolBar.qml,F73D32BF6C1FEEBEEEBC57ED747F595A9B55D137A44599B3053C78653B2B01BC,1774,qml:QtQuick.Controls.Fusion,qml,LIKELY_REQUIRED,PySide6 wheel tree SHA-256 match,,UNKNOWN
Release/External_Test/2026-07-30_audio-validation-fix/Qonic_Audio_v5.0_internal_test/_internal/PySide6/qml/QtQuick/Controls/Fusion/ToolButton.qml,BD5C0FCC95A3075E7E3DC6046153956468F3415D3C8028B5A87FAA422A651F3D,1318,qml:QtQuick.Controls.Fusion,qml,LIKELY_REQUIRED,PySide6 wheel tree SHA-256 match,,UNKNOWN
Release/External_Test/2026-07-30_audio-validation-fix/Qonic_Audio_v5.0_internal_test/_internal/PySide6/qml/QtQuick/Controls/Fusion/ToolSeparator.qml,AFC48F70E0FDA92D7E348F93514556C9324A5D52F265F60D1AE0D1204ADC49BF,1142,qml:QtQuick.Controls.Fusion,qml,LIKELY_REQUIRED,PySide6 wheel tree SHA-256 match,,UNKNOWN
Release/External_Test/2026-07-30_audio-validation-fix/Qonic_Audio_v5.0_internal_test/_internal/PySide6/qml/QtQuick/Controls/Fusion/ToolTip.qml,7698E4D86361F836F376946CDD6951BAA03E58886B6DDF010F0E45A22580779C,1448,qml:QtQuick.Controls.Fusion,qml,LIKELY_REQUIRED,PySide6 wheel tree SHA-256 match,,UNKNOWN
Release/External_Test/2026-07-30_audio-validation-fix/Qonic_Audio_v5.0_internal_test/_internal/PySide6/qml/QtQuick/Controls/Fusion/TreeViewDelegate.qml,47C5590CDD17B04DD3C75BAE1738E9937A2182C7758A9B5A4AA80F4FFFFE09E4,4047,qml:QtQuick.Controls.Fusion,qml,LIKELY_REQUIRED,PySide6 wheel tree SHA-256 match,,UNKNOWN
Release/External_Test/2026-07-30_audio-validation-fix/Qonic_Audio_v5.0_internal_test/_internal/PySide6/qml/QtQuick/Controls/Fusion/Tumbler.qml,F6056D95DE5201F80B8D2B2CA9F3BFC003C7CBFD4FE0D26D426ACBD93E3274D2,1940,qml:QtQuick.Controls.Fusion,qml,LIKELY_REQUIRED,PySide6 wheel tree SHA-256 match,,UNKNOWN
Release/External_Test/2026-07-30_audio-validation-fix/Qonic_Audio_v5.0_internal_test/_internal/PySide6/qml/QtQuick/Controls/Fusion/VerticalHeaderView.qml,BFB44B28BE8636CF5FEDD504B41DED92DDE35350A9E437F61F327E413CB18F07,841,qml:QtQuick.Controls.Fusion,qml,LIKELY_REQUIRED,PySide6 wheel tree SHA-256 match,,UNKNOWN
Release/External_Test/2026-07-30_audio-validation-fix/Qonic_Audio_v5.0_internal_test/_internal/PySide6/qml/QtQuick/Controls/Fusion/VerticalHeaderViewDelegate.qml,0F992CBE87ABCCC925CAA140371D981E83EB1FDCDD1C1FCF2F766DA344F74E11,1386,qml:QtQuick.Controls.Fusion,qml,LIKELY_REQUIRED,PySide6 wheel tree SHA-256 match,,UNKNOWN
Release/External_Test/2026-07-30_audio-validation-fix/Qonic_Audio_v5.0_internal_test/_internal/PySide6/qml/QtQuick/Controls/Imagine/ApplicationWindow.qml,4EF3ED00EF933790143B10D77E1C68AD6F4B41C2F4548A5F33A191B1B4289D4A,685,qml:QtQuick.Controls.Imagine,qml,LIKELY_REQUIRED,PySide6 wheel tree SHA-256 match,,UNKNOWN
Release/External_Test/2026-07-30_audio-validation-fix/Qonic_Audio_v5.0_internal_test/_internal/PySide6/qml/QtQuick/Controls/Imagine/BusyIndicator.qml,D74EC553CA3376B4FB5F406CE63609331FF81C8AD8626770CF02112772AE900B,2179,qml:QtQuick.Controls.Imagine,qml,LIKELY_REQUIRED,PySide6 wheel tree SHA-256 match,,UNKNOWN
Release/External_Test/2026-07-30_audio-validation-fix/Qonic_Audio_v5.0_internal_test/_internal/PySide6/qml/QtQuick/Controls/Imagine/Button.qml,702593209D84BF5FE49E993449193B0C1AABFC34D8A09B3556EF844C07650242,2489,qml:QtQuick.Controls.Imagine,qml,LIKELY_REQUIRED,PySide6 wheel tree SHA-256 match,,UNKNOWN
Release/External_Test/2026-07-30_audio-validation-fix/Qonic_Audio_v5.0_internal_test/_internal/PySide6/qml/QtQuick/Controls/Imagine/CheckBox.qml,CB0640061B581CB860716E60B6B4B4496EF0EEBB683F99E9D3ADF8EB6B326F5B,3121,qml:QtQuick.Controls.Imagine,qml,LIKELY_REQUIRED,PySide6 wheel tree SHA-256 match,,UNKNOWN
Release/External_Test/2026-07-30_audio-validation-fix/Qonic_Audio_v5.0_internal_test/_internal/PySide6/qml/QtQuick/Controls/Imagine/CheckDelegate.qml,1A99411E71143E886DA538BFEB49398489A3B01B86929664F74E849FCFA6B952,3437,qml:QtQuick.Controls.Imagine,qml,LIKELY_REQUIRED,PySide6 wheel tree SHA-256 match,,UNKNOWN
Release/External_Test/2026-07-30_audio-validation-fix/Qonic_Audio_v5.0_internal_test/_internal/PySide6/qml/QtQuick/Controls/Imagine/ComboBox.qml,F1CB51FE58597CBAC082C731B07544797EF973C5CE9FB7886EF932AAE6239033,6402,qml:QtQuick.Controls.Imagine,qml,LIKELY_REQUIRED,PySide6 wheel tree SHA-256 match,,UNKNOWN
Release/External_Test/2026-07-30_audio-validation-fix/Qonic_Audio_v5.0_internal_test/_internal/PySide6/qml/QtQuick/Controls/Imagine/DelayButton.qml,84966EDA10AB61D6284D4C219BB669C22C64022561E06E27C3E995296DEB4A53,4019,qml:QtQuick.Controls.Imagine,qml,LIKELY_REQUIRED,PySide6 wheel tree SHA-256 match,,UNKNOWN
Release/External_Test/2026-07-30_audio-validation-fix/Qonic_Audio_v5.0_internal_test/_internal/PySide6/qml/QtQuick/Controls/Imagine/Dial.qml,8D3977A6229710DCF5D2D2965BEA18B2449970401CEAE6118A67627FFF2756BC,2708,qml:QtQuick.Controls.Imagine,qml,LIKELY_REQUIRED,PySide6 wheel tree SHA-256 match,,UNKNOWN
Release/External_Test/2026-07-30_audio-validation-fix/Qonic_Audio_v5.0_internal_test/_internal/PySide6/qml/QtQuick/Controls/Imagine/Dialog.qml,6025E71D752C37723A9D928CE2A2AA98A9870A5BA090487DF22144D3BBF880F3,2810,qml:QtQuick.Controls.Imagine,qml,LIKELY_REQUIRED,PySide6 wheel tree SHA-256 match,,UNKNOWN
Release/External_Test/2026-07-30_audio-validation-fix/Qonic_Audio_v5.0_internal_test/_internal/PySide6/qml/QtQuick/Controls/Imagine/DialogButtonBox.qml,FAAEF0F394EA3C4320A6F82CACF93A98276ACD4645DD05C804B1D82CA0E401C9,1933,qml:QtQuick.Controls.Imagine,qml,LIKELY_REQUIRED,PySide6 wheel tree SHA-256 match,,UNKNOWN
Release/External_Test/2026-07-30_audio-validation-fix/Qonic_Audio_v5.0_internal_test/_internal/PySide6/qml/QtQuick/Controls/Imagine/DoubleSpinBox.qml,3A3532C969827741548BA1DCB114BF5E1F231AE7ADFFFBE9189706B1E94D57C4,4692,qml:QtQuick.Controls.Imagine,qml,LIKELY_REQUIRED,PySide6 wheel tree SHA-256 match,,UNKNOWN
Release/External_Test/2026-07-30_audio-validation-fix/Qonic_Audio_v5.0_internal_test/_internal/PySide6/qml/QtQuick/Controls/Imagine/Drawer.qml,C7128214674942FC07F71CE2F35BC455217D52AE594020E94A140657DE082C1B,2367,qml:QtQuick.Controls.Imagine,qml,LIKELY_REQUIRED,PySide6 wheel tree SHA-256 match,,UNKNOWN
Release/External_Test/2026-07-30_audio-validation-fix/Qonic_Audio_v5.0_internal_test/_internal/PySide6/qml/QtQuick/Controls/Imagine/Frame.qml,BE2A7DD736EFA6C5A61A511CCAAA9499820083AF63619EEDDA6A50CCFD9D2702,1439,qml:QtQuick.Controls.Imagine,qml,LIKELY_REQUIRED,PySide6 wheel tree SHA-256 match,,UNKNOWN
Release/External_Test/2026-07-30_audio-validation-fix/Qonic_Audio_v5.0_internal_test/_internal/PySide6/qml/QtQuick/Controls/Imagine/GroupBox.qml,88D26ADD6E72DB5184F97A3FA6101E29BFCB43B6F30BAC34A92C9AF209473071,2418,qml:QtQuick.Controls.Imagine,qml,LIKELY_REQUIRED,PySide6 wheel tree SHA-256 match,,UNKNOWN
Release/External_Test/2026-07-30_audio-validation-fix/Qonic_Audio_v5.0_internal_test/_internal/PySide6/qml/QtQuick/Controls/Imagine/HorizontalHeaderView.qml,529300DAB184B8B597775933D749E973A37377C9E15FE295EA232204A0865E3B,851,qml:QtQuick.Controls.Imagine,qml,LIKELY_REQUIRED,PySide6 wheel tree SHA-256 match,,UNKNOWN
Release/External_Test/2026-07-30_audio-validation-fix/Qonic_Audio_v5.0_internal_test/_internal/PySide6/qml/QtQuick/Controls/Imagine/HorizontalHeaderViewDelegate.qml,E70429DFEA431C39CDE001E05FAD76EECDF8979C9085B03C1E31AB567CAF3D81,1008,qml:QtQuick.Controls.Imagine,qml,LIKELY_REQUIRED,PySide6 wheel tree SHA-256 match,,UNKNOWN
Release/External_Test/2026-07-30_audio-validation-fix/Qonic_Audio_v5.0_internal_test/_internal/PySide6/qml/QtQuick/Controls/Imagine/impl/OpacityMask.qml,C761473B055A75533EAC541FCA24E50E9C83245C5860C88B4B192A260F6888DB,960,qml:QtQuick.Controls.Imagine,qml,LIKELY_REQUIRED,PySide6 wheel tree SHA-256 match,,UNKNOWN
Release/External_Test/2026-07-30_audio-validation-fix/Qonic_Audio_v5.0_internal_test/_internal/PySide6/qml/QtQuick/Controls/Imagine/impl/qmldir,BE51F4A3CE6ECBFECA6B408F02705D47A007017DD95EFE19BAA6DA56D59B9FE8,457,qml:QtQuick.Controls.Imagine,qml,LIKELY_REQUIRED,PySide6 wheel tree SHA-256 match,,UNKNOWN
Release/External_Test/2026-07-30_audio-validation-fix/Qonic_Audio_v5.0_internal_test/_internal/PySide6/qml/QtQuick/Controls/Imagine/impl/qtquickcontrols2imaginestyleimplplugin.dll,36C9E7EAFBCDD0C90F5E98027719EA4B5BA23CC8BF62F6F8CD2A1B7B84D40060,30520,qml:QtQuick.Controls.Imagine,qml,LIKELY_REQUIRED,PySide6 wheel tree SHA-256 match,,UNKNOWN
Release/External_Test/2026-07-30_audio-validation-fix/Qonic_Audio_v5.0_internal_test/_internal/PySide6/qml/QtQuick/Controls/Imagine/impl/QuickControls2ImagineStyleImpl.qmltypes,A96C7BF5832767BDC9D91E2290A3920AEC3ABFBF2E3814BCE38B49483F16F84A,215,qml:QtQuick.Controls.Imagine,qml,LIKELY_REQUIRED,PySide6 wheel tree SHA-256 match,,UNKNOWN
Release/External_Test/2026-07-30_audio-validation-fix/Qonic_Audio_v5.0_internal_test/_internal/PySide6/qml/QtQuick/Controls/Imagine/impl/TextEditingContextMenu.qml,649CC5661E2E9A01B1350B2F5EA1721D9FEED2C5923A4D8939ABD83BACD85428,860,qml:QtQuick.Controls.Imagine,qml,LIKELY_REQUIRED,PySide6 wheel tree SHA-256 match,,UNKNOWN
Release/External_Test/2026-07-30_audio-validation-fix/Qonic_Audio_v5.0_internal_test/_internal/PySide6/qml/QtQuick/Controls/Imagine/ItemDelegate.qml,99CF2112053540929BA4C08BDBDFDCF68342F3B2C4EB761300FE1D6E467552A7,2300,qml:QtQuick.Controls.Imagine,qml,LIKELY_REQUIRED,PySide6 wheel tree SHA-256 match,,UNKNOWN
Release/External_Test/2026-07-30_audio-validation-fix/Qonic_Audio_v5.0_internal_test/_internal/PySide6/qml/QtQuick/Controls/Imagine/Label.qml,C2B20FB9FCD5468CA05851155CE3B629FFFE11EAD1F6B78D4097FB8199CBEEED,1021,qml:QtQuick.Controls.Imagine,qml,LIKELY_REQUIRED,PySide6 wheel tree SHA-256 match,,UNKNOWN
Release/External_Test/2026-07-30_audio-validation-fix/Qonic_Audio_v5.0_internal_test/_internal/PySide6/qml/QtQuick/Controls/Imagine/Menu.qml,2910E67E38AA035A1F622CD9947D130C5DDD4560C0D4AB2D4CDD1B97D8E70AAE,2547,qml:QtQuick.Controls.Imagine,qml,LIKELY_REQUIRED,PySide6 wheel tree SHA-256 match,,UNKNOWN
Release/External_Test/2026-07-30_audio-validation-fix/Qonic_Audio_v5.0_internal_test/_internal/PySide6/qml/QtQuick/Controls/Imagine/MenuItem.qml,55A133457297F6E8DD2B193B0521C144D5D3FD2C8AE53DC23DBAFE358D4208A2,4191,qml:QtQuick.Controls.Imagine,qml,LIKELY_REQUIRED,PySide6 wheel tree SHA-256 match,,UNKNOWN
Release/External_Test/2026-07-30_audio-validation-fix/Qonic_Audio_v5.0_internal_test/_internal/PySide6/qml/QtQuick/Controls/Imagine/MenuSeparator.qml,BD6D8598BDE2B3EFE03A343C246BCAEE61A4482BFFFA6040036CA2B816D296EA,1746,qml:QtQuick.Controls.Imagine,qml,LIKELY_REQUIRED,PySide6 wheel tree SHA-256 match,,UNKNOWN
Release/External_Test/2026-07-30_audio-validation-fix/Qonic_Audio_v5.0_internal_test/_internal/PySide6/qml/QtQuick/Controls/Imagine/Page.qml,AFAC0D0E5DDB14D4FD5F9F67CBDE48543DD922A64FEFCDC1AA7C9759115EF862,1729,qml:QtQuick.Controls.Imagine,qml,LIKELY_REQUIRED,PySide6 wheel tree SHA-256 match,,UNKNOWN
Release/External_Test/2026-07-30_audio-validation-fix/Qonic_Audio_v5.0_internal_test/_internal/PySide6/qml/QtQuick/Controls/Imagine/PageIndicator.qml,3329926DBAAEB62E9EBAD21B642204868B64BFA30410CB98C1D480994CF9C915,2161,qml:QtQuick.Controls.Imagine,qml,LIKELY_REQUIRED,PySide6 wheel tree SHA-256 match,,UNKNOWN
Release/External_Test/2026-07-30_audio-validation-fix/Qonic_Audio_v5.0_internal_test/_internal/PySide6/qml/QtQuick/Controls/Imagine/Pane.qml,C893C4D45024D746B96E8384D2BEAE4321134AF614ABE85D1577A92B439DD854,1437,qml:QtQuick.Controls.Imagine,qml,LIKELY_REQUIRED,PySide6 wheel tree SHA-256 match,,UNKNOWN
Release/External_Test/2026-07-30_audio-validation-fix/Qonic_Audio_v5.0_internal_test/_internal/PySide6/qml/QtQuick/Controls/Imagine/plugins.qmltypes,4A4E88CE1F47BA543DB13998447F42D74225EFFD8C8873675D4DEBF9BAC17282,1463,qml:QtQuick.Controls.Imagine,qml,LIKELY_REQUIRED,PySide6 wheel tree SHA-256 match,,UNKNOWN
Release/External_Test/2026-07-30_audio-validation-fix/Qonic_Audio_v5.0_internal_test/_internal/PySide6/qml/QtQuick/Controls/Imagine/Popup.qml,44B01D412B473F0D2CA45CC1F50EA6BF7357651A9537B71E278F81F727D682EA,1901,qml:QtQuick.Controls.Imagine,qml,LIKELY_REQUIRED,PySide6 wheel tree SHA-256 match,,UNKNOWN
Release/External_Test/2026-07-30_audio-validation-fix/Qonic_Audio_v5.0_internal_test/_internal/PySide6/qml/QtQuick/Controls/Imagine/ProgressBar.qml,0E35D6041AC58DAC713FCC83623AA8114D3ECBA2C0AC4E04ADD5A518F30D6CA4,4435,qml:QtQuick.Controls.Imagine,qml,LIKELY_REQUIRED,PySide6 wheel tree SHA-256 match,,UNKNOWN
Release/External_Test/2026-07-30_audio-validation-fix/Qonic_Audio_v5.0_internal_test/_internal/PySide6/qml/QtQuick/Controls/Imagine/qmldir,59968C1AD4A864A6B115C6EF8E6C56BB12F38BB2314B3D2EFB3A51CD60509853,3558,qml:QtQuick.Controls.Imagine,qml,LIKELY_REQUIRED,PySide6 wheel tree SHA-256 match,,UNKNOWN
Release/External_Test/2026-07-30_audio-validation-fix/Qonic_Audio_v5.0_internal_test/_internal/PySide6/qml/QtQuick/Controls/Imagine/qtquickcontrols2imaginestyleplugin.dll,99D5BF5FD12D21F72C45C095939CD4D04DF881E14152C455E3C8E7A6FBC29AA1,31544,qml:QtQuick.Controls.Imagine,qml,LIKELY_REQUIRED,PySide6 wheel tree SHA-256 match,,UNKNOWN
Release/External_Test/2026-07-30_audio-validation-fix/Qonic_Audio_v5.0_internal_test/_internal/PySide6/qml/QtQuick/Controls/Imagine/RadioButton.qml,B76BF3BE43D60F4D3B3674887B874058B9A042C1FF9F39BB7E5DE6E77EAE8351,2926,qml:QtQuick.Controls.Imagine,qml,LIKELY_REQUIRED,PySide6 wheel tree SHA-256 match,,UNKNOWN
Release/External_Test/2026-07-30_audio-validation-fix/Qonic_Audio_v5.0_internal_test/_internal/PySide6/qml/QtQuick/Controls/Imagine/RadioDelegate.qml,0E904FC58CB8D7896623783FA73E4BCFE9462E4E6B7D31A5D953A4D264176E04,3233,qml:QtQuick.Controls.Imagine,qml,LIKELY_REQUIRED,PySide6 wheel tree SHA-256 match,,UNKNOWN
Release/External_Test/2026-07-30_audio-validation-fix/Qonic_Audio_v5.0_internal_test/_internal/PySide6/qml/QtQuick/Controls/Imagine/RangeSlider.qml,A9C46B2B08EF03040EF5EC0632EC37A480E3EEF95D821D22869E7C1DBC3F5526,5162,qml:QtQuick.Controls.Imagine,qml,LIKELY_REQUIRED,PySide6 wheel tree SHA-256 match,,UNKNOWN
Release/External_Test/2026-07-30_audio-validation-fix/Qonic_Audio_v5.0_internal_test/_internal/PySide6/qml/QtQuick/Controls/Imagine/RoundButton.qml,92E6B70CF11C47013EBB404966A2EE7442924361878AA7F19C10CEA454138BF7,2504,qml:QtQuick.Controls.Imagine,qml,LIKELY_REQUIRED,PySide6 wheel tree SHA-256 match,,UNKNOWN
Release/External_Test/2026-07-30_audio-validation-fix/Qonic_Audio_v5.0_internal_test/_internal/PySide6/qml/QtQuick/Controls/Imagine/ScrollBar.qml,1D37AFF485CFACD96E71B7DDF5413601EC436E55BC6E36ECE1FE058A35E5A72E,3319,qml:QtQuick.Controls.Imagine,qml,LIKELY_REQUIRED,PySide6 wheel tree SHA-256 match,,UNKNOWN
Release/External_Test/2026-07-30_audio-validation-fix/Qonic_Audio_v5.0_internal_test/_internal/PySide6/qml/QtQuick/Controls/Imagine/ScrollIndicator.qml,F36B282C20131EF581AFAABE4C2E955FB19FD3A03975D61B67AB766FD2763C9E,2832,qml:QtQuick.Controls.Imagine,qml,LIKELY_REQUIRED,PySide6 wheel tree SHA-256 match,,UNKNOWN
Release/External_Test/2026-07-30_audio-validation-fix/Qonic_Audio_v5.0_internal_test/_internal/PySide6/qml/QtQuick/Controls/Imagine/ScrollView.qml,9410511293C8E32E96466F6BED05E61C653162FC3D49ACCFA97A7A269785A505,1942,qml:QtQuick.Controls.Imagine,qml,LIKELY_REQUIRED,PySide6 wheel tree SHA-256 match,,UNKNOWN
Release/External_Test/2026-07-30_audio-validation-fix/Qonic_Audio_v5.0_internal_test/_internal/PySide6/qml/QtQuick/Controls/Imagine/SearchField.qml,67FAAA17F98842FE36ADC4189E549E731AF6E95705FBBB78038797461D421108,6803,qml:QtQuick.Controls.Imagine,qml,LIKELY_REQUIRED,PySide6 wheel tree SHA-256 match,,UNKNOWN
Release/External_Test/2026-07-30_audio-validation-fix/Qonic_Audio_v5.0_internal_test/_internal/PySide6/qml/QtQuick/Controls/Imagine/SelectionRectangle.qml,5AE14E624CBDCCCF62B6C75CA82F7D902EF560C3C6565E82F35E0C85A25529BD,1265,qml:QtQuick.Controls.Imagine,qml,LIKELY_REQUIRED,PySide6 wheel tree SHA-256 match,,UNKNOWN
Release/External_Test/2026-07-30_audio-validation-fix/Qonic_Audio_v5.0_internal_test/_internal/PySide6/qml/QtQuick/Controls/Imagine/Slider.qml,15FA888940EDF0E7CC2B975464FCA3CEC4D8487AEFAAB44A5497AA7335133B94,3988,qml:QtQuick.Controls.Imagine,qml,LIKELY_REQUIRED,PySide6 wheel tree SHA-256 match,,UNKNOWN
Release/External_Test/2026-07-30_audio-validation-fix/Qonic_Audio_v5.0_internal_test/_internal/PySide6/qml/QtQuick/Controls/Imagine/SpinBox.qml,15C15E393D4EF52D29ED1EED4B5C71E924BF19F6D5728C5590E8E10A70408935,4647,qml:QtQuick.Controls.Imagine,qml,LIKELY_REQUIRED,PySide6 wheel tree SHA-256 match,,UNKNOWN
Release/External_Test/2026-07-30_audio-validation-fix/Qonic_Audio_v5.0_internal_test/_internal/PySide6/qml/QtQuick/Controls/Imagine/SplitView.qml,6D5B99CE2C51DDBE1C90C987C5AA3EF52EEAC65A0F6CC455F4C34A8825EF35D8,1200,qml:QtQuick.Controls.Imagine,qml,LIKELY_REQUIRED,PySide6 wheel tree SHA-256 match,,UNKNOWN
Release/External_Test/2026-07-30_audio-validation-fix/Qonic_Audio_v5.0_internal_test/_internal/PySide6/qml/QtQuick/Controls/Imagine/StackView.qml,5615EF17F1BAB6E932D26069942FD89C488B6011AB1DCE6921F99DAD5134E163,2197,qml:QtQuick.Controls.Imagine,qml,LIKELY_REQUIRED,PySide6 wheel tree SHA-256 match,,UNKNOWN
Release/External_Test/2026-07-30_audio-validation-fix/Qonic_Audio_v5.0_internal_test/_internal/PySide6/qml/QtQuick/Controls/Imagine/SwipeDelegate.qml,37D6B373208BEFFF4F82C9F0078BC487BFCD74F365EF664A5B17B1F8A53B00DB,2408,qml:QtQuick.Controls.Imagine,qml,LIKELY_REQUIRED,PySide6 wheel tree SHA-256 match,,UNKNOWN
Release/External_Test/2026-07-30_audio-validation-fix/Qonic_Audio_v5.0_internal_test/_internal/PySide6/qml/QtQuick/Controls/Imagine/SwipeView.qml,942B08D3B46DC0AB313D7D937C21CFA7BDC86D6E5C3DD96DD34996E707AC2A9F,2191,qml:QtQuick.Controls.Imagine,qml,LIKELY_REQUIRED,PySide6 wheel tree SHA-256 match,,UNKNOWN
Release/External_Test/2026-07-30_audio-validation-fix/Qonic_Audio_v5.0_internal_test/_internal/PySide6/qml/QtQuick/Controls/Imagine/Switch.qml,EB68CB873E1B39426C330A545854174EC6F07EAC3A903673108BD0184D19BA50,4320,qml:QtQuick.Controls.Imagine,qml,LIKELY_REQUIRED,PySide6 wheel tree SHA-256 match,,UNKNOWN
Release/External_Test/2026-07-30_audio-validation-fix/Qonic_Audio_v5.0_internal_test/_internal/PySide6/qml/QtQuick/Controls/Imagine/SwitchDelegate.qml,48D3ABB00420B4B5BAE59CE58EE31CDE9BC8343AA7EE02614A3EB5DE602DBA55,4790,qml:QtQuick.Controls.Imagine,qml,LIKELY_REQUIRED,PySide6 wheel tree SHA-256 match,,UNKNOWN
Release/External_Test/2026-07-30_audio-validation-fix/Qonic_Audio_v5.0_internal_test/_internal/PySide6/qml/QtQuick/Controls/Imagine/TabBar.qml,24B6DADD1E654814303D7C3C8DB07ACE40414BB3C6855387AB9AA7817EE39249,2083,qml:QtQuick.Controls.Imagine,qml,LIKELY_REQUIRED,PySide6 wheel tree SHA-256 match,,UNKNOWN
Release/External_Test/2026-07-30_audio-validation-fix/Qonic_Audio_v5.0_internal_test/_internal/PySide6/qml/QtQuick/Controls/Imagine/TabButton.qml,A6A90727EE5A6F0F6C4E14542D01300CD91171632B56EC7B53105532842F0750,2069,qml:QtQuick.Controls.Imagine,qml,LIKELY_REQUIRED,PySide6 wheel tree SHA-256 match,,UNKNOWN
Release/External_Test/2026-07-30_audio-validation-fix/Qonic_Audio_v5.0_internal_test/_internal/PySide6/qml/QtQuick/Controls/Imagine/TextArea.qml,68A1D494ACBBF48DAAF1511B7A51029E2FB919761AD042312ED88122F42FC5C2,2718,qml:QtQuick.Controls.Imagine,qml,LIKELY_REQUIRED,PySide6 wheel tree SHA-256 match,,UNKNOWN
Release/External_Test/2026-07-30_audio-validation-fix/Qonic_Audio_v5.0_internal_test/_internal/PySide6/qml/QtQuick/Controls/Imagine/TextField.qml,B793596B44140F3D0083C5C55296F4368C02E62F1A307CBE45292266E8614C52,2655,qml:QtQuick.Controls.Imagine,qml,LIKELY_REQUIRED,PySide6 wheel tree SHA-256 match,,UNKNOWN
Release/External_Test/2026-07-30_audio-validation-fix/Qonic_Audio_v5.0_internal_test/_internal/PySide6/qml/QtQuick/Controls/Imagine/ToolBar.qml,A388FF626390C1D619CE26795EE5524A4D386FF52D75A36CE616EF304FD2FCCB,1687,qml:QtQuick.Controls.Imagine,qml,LIKELY_REQUIRED,PySide6 wheel tree SHA-256 match,,UNKNOWN
Release/External_Test/2026-07-30_audio-validation-fix/Qonic_Audio_v5.0_internal_test/_internal/PySide6/qml/QtQuick/Controls/Imagine/ToolButton.qml,E42C2B436C6D3B5A0271A8BF53C6B8E546E13E935FAB3B0E004347924727DBC6,2218,qml:QtQuick.Controls.Imagine,qml,LIKELY_REQUIRED,PySide6 wheel tree SHA-256 match,,UNKNOWN
Release/External_Test/2026-07-30_audio-validation-fix/Qonic_Audio_v5.0_internal_test/_internal/PySide6/qml/QtQuick/Controls/Imagine/ToolSeparator.qml,4D08033F4DA06A4F76801CF56D8A3634C102A7CE43460405C39EE3460BD704C8,1950,qml:QtQuick.Controls.Imagine,qml,LIKELY_REQUIRED,PySide6 wheel tree SHA-256 match,,UNKNOWN
Release/External_Test/2026-07-30_audio-validation-fix/Qonic_Audio_v5.0_internal_test/_internal/PySide6/qml/QtQuick/Controls/Imagine/ToolTip.qml,B2C1F19037E33BE7FA88EB2C282CD3345BB94D0C9DFFFD51DE3A9C3111B70810,2040,qml:QtQuick.Controls.Imagine,qml,LIKELY_REQUIRED,PySide6 wheel tree SHA-256 match,,UNKNOWN
Release/External_Test/2026-07-30_audio-validation-fix/Qonic_Audio_v5.0_internal_test/_internal/PySide6/qml/QtQuick/Controls/Imagine/Tumbler.qml,326C3BBD608B42C12C0982A3F44AF4C6F2D41B0D17C131CBFEE860DCEE05C61B,2438,qml:QtQuick.Controls.Imagine,qml,LIKELY_REQUIRED,PySide6 wheel tree SHA-256 match,,UNKNOWN
Release/External_Test/2026-07-30_audio-validation-fix/Qonic_Audio_v5.0_internal_test/_internal/PySide6/qml/QtQuick/Controls/Imagine/VerticalHeaderView.qml,BFB44B28BE8636CF5FEDD504B41DED92DDE35350A9E437F61F327E413CB18F07,841,qml:QtQuick.Controls.Imagine,qml,LIKELY_REQUIRED,PySide6 wheel tree SHA-256 match,,UNKNOWN
Release/External_Test/2026-07-30_audio-validation-fix/Qonic_Audio_v5.0_internal_test/_internal/PySide6/qml/QtQuick/Controls/Imagine/VerticalHeaderViewDelegate.qml,E70429DFEA431C39CDE001E05FAD76EECDF8979C9085B03C1E31AB567CAF3D81,1008,qml:QtQuick.Controls.Imagine,qml,LIKELY_REQUIRED,PySide6 wheel tree SHA-256 match,,UNKNOWN
Release/External_Test/2026-07-30_audio-validation-fix/Qonic_Audio_v5.0_internal_test/_internal/PySide6/qml/QtQuick/Controls/impl/CopyAction.qml,1C568ADFC62FF4BB2B41107F0975245B585483E58F45854003A46B7A38A67765,533,qml:QtQuick.Controls.impl,qml,LIKELY_REQUIRED,PySide6 wheel tree SHA-256 match,,UNKNOWN
Release/External_Test/2026-07-30_audio-validation-fix/Qonic_Audio_v5.0_internal_test/_internal/PySide6/qml/QtQuick/Controls/impl/CutAction.qml,4C9D7B346B6B917EAF1A4BC1CD2F17E50545D3589D5B0176575B6E369DC2DA28,1088,qml:QtQuick.Controls.impl,qml,LIKELY_REQUIRED,PySide6 wheel tree SHA-256 match,,UNKNOWN
Release/External_Test/2026-07-30_audio-validation-fix/Qonic_Audio_v5.0_internal_test/_internal/PySide6/qml/QtQuick/Controls/impl/DeleteAction.qml,F48AB60EB0EAC508DB0D343B21EB588CEFC94972037F731B3CEB115E50A66AC1,570,qml:QtQuick.Controls.impl,qml,LIKELY_REQUIRED,PySide6 wheel tree SHA-256 match,,UNKNOWN
Release/External_Test/2026-07-30_audio-validation-fix/Qonic_Audio_v5.0_internal_test/_internal/PySide6/qml/QtQuick/Controls/impl/PasteAction.qml,CED9D6B9497B8E1C0423F648581F16E4FAAB58791DE5A97B42B7B8315D5A59FD,524,qml:QtQuick.Controls.impl,qml,LIKELY_REQUIRED,PySide6 wheel tree SHA-256 match,,UNKNOWN
Release/External_Test/2026-07-30_audio-validation-fix/Qonic_Audio_v5.0_internal_test/_internal/PySide6/qml/QtQuick/Controls/impl/plugins.qmltypes,724A02C7D88A89FFBCBF9F489E288132A5608A4A5BCBBDC6A42FA1632AA2449F,51090,qml:QtQuick.Controls.impl,qml,LIKELY_REQUIRED,PySide6 wheel tree SHA-256 match,,UNKNOWN
Release/External_Test/2026-07-30_audio-validation-fix/Qonic_Audio_v5.0_internal_test/_internal/PySide6/qml/QtQuick/Controls/impl/qmldir,218FBF40BC80D5577807DCD865520248D49B64C81E4EA87D2DCE8C93FD043B24,533,qml:QtQuick.Controls.impl,qml,LIKELY_REQUIRED,PySide6 wheel tree SHA-256 match,,UNKNOWN
Release/External_Test/2026-07-30_audio-validation-fix/Qonic_Audio_v5.0_internal_test/_internal/PySide6/qml/QtQuick/Controls/impl/qtquickcontrols2implplugin.dll,7D3083C3B7A02B3766F9C1D73F8E985668BF477B05B913F4B403C448BC811529,30520,qml:QtQuick.Controls.impl,qml,LIKELY_REQUIRED,PySide6 wheel tree SHA-256 match,,UNKNOWN
Release/External_Test/2026-07-30_audio-validation-fix/Qonic_Audio_v5.0_internal_test/_internal/PySide6/qml/QtQuick/Controls/impl/RedoAction.qml,46E67F8681D82D18695DE58FF0E287799A5613FC6B1BDE7B46AEA1870A1CA5BE,435,qml:QtQuick.Controls.impl,qml,LIKELY_REQUIRED,PySide6 wheel tree SHA-256 match,,UNKNOWN
Release/External_Test/2026-07-30_audio-validation-fix/Qonic_Audio_v5.0_internal_test/_internal/PySide6/qml/QtQuick/Controls/impl/SelectAllAction.qml,BE8CFBCD5815FA21E5B7C359C6547A2DDD7F367B76D26E33790FEAC672FEF25E,477,qml:QtQuick.Controls.impl,qml,LIKELY_REQUIRED,PySide6 wheel tree SHA-256 match,,UNKNOWN
Release/External_Test/2026-07-30_audio-validation-fix/Qonic_Audio_v5.0_internal_test/_internal/PySide6/qml/QtQuick/Controls/impl/UndoAction.qml,77E368EEB3FEE65ACCA0BA8205A7974950BF09CBE331B76A470AF54C7BEB546B,435,qml:QtQuick.Controls.impl,qml,LIKELY_REQUIRED,PySide6 wheel tree SHA-256 match,,UNKNOWN
Release/External_Test/2026-07-30_audio-validation-fix/Qonic_Audio_v5.0_internal_test/_internal/PySide6/qml/QtQuick/Controls/Material/ApplicationWindow.qml,9E855156A70CE5A4DF931CDEA9F3B42C83429B845743F5F164373AFC53CF8802,384,qml:QtQuick.Controls.Material,qml,LIKELY_REQUIRED,PySide6 wheel tree SHA-256 match,,UNKNOWN
Release/External_Test/2026-07-30_audio-validation-fix/Qonic_Audio_v5.0_internal_test/_internal/PySide6/qml/QtQuick/Controls/Material/BusyIndicator.qml,C34183235722B709B2FB6B9083D646C6A6EF4181C46F148B3F885B90CB006011,1044,qml:QtQuick.Controls.Material,qml,LIKELY_REQUIRED,PySide6 wheel tree SHA-256 match,,UNKNOWN
Release/External_Test/2026-07-30_audio-validation-fix/Qonic_Audio_v5.0_internal_test/_internal/PySide6/qml/QtQuick/Controls/Material/Button.qml,92064A2A62058A81F62C5B85D819A3C10BA82D4F84CB220E2A9BF8B915189B47,3297,qml:QtQuick.Controls.Material,qml,LIKELY_REQUIRED,PySide6 wheel tree SHA-256 match,,UNKNOWN
Release/External_Test/2026-07-30_audio-validation-fix/Qonic_Audio_v5.0_internal_test/_internal/PySide6/qml/QtQuick/Controls/Material/CheckBox.qml,977722929DD84FF6FE8290C57EF2CD11E739E11F4B8B4FC926E8C998AD176558,2068,qml:QtQuick.Controls.Material,qml,LIKELY_REQUIRED,PySide6 wheel tree SHA-256 match,,UNKNOWN
Release/External_Test/2026-07-30_audio-validation-fix/Qonic_Audio_v5.0_internal_test/_internal/PySide6/qml/QtQuick/Controls/Material/CheckDelegate.qml,CB65E04FC58CB5F933481F51D11CBE5A3275A2C26FABF5D8295148A137F70A5E,2419,qml:QtQuick.Controls.Material,qml,LIKELY_REQUIRED,PySide6 wheel tree SHA-256 match,,UNKNOWN
Release/External_Test/2026-07-30_audio-validation-fix/Qonic_Audio_v5.0_internal_test/_internal/PySide6/qml/QtQuick/Controls/Material/ComboBox.qml,C1B333D350FAEB4B65BAD56C53E2E51FFA4119B9D99715058F3C75A34F6EBF60,5232,qml:QtQuick.Controls.Material,qml,LIKELY_REQUIRED,PySide6 wheel tree SHA-256 match,,UNKNOWN
Release/External_Test/2026-07-30_audio-validation-fix/Qonic_Audio_v5.0_internal_test/_internal/PySide6/qml/QtQuick/Controls/Material/DelayButton.qml,0014EF9CD097AC3DD3F331413D57053ED7B0DE4D4C59A06029C2E6333F38032A,2955,qml:QtQuick.Controls.Material,qml,LIKELY_REQUIRED,PySide6 wheel tree SHA-256 match,,UNKNOWN
Release/External_Test/2026-07-30_audio-validation-fix/Qonic_Audio_v5.0_internal_test/_internal/PySide6/qml/QtQuick/Controls/Material/Dial.qml,AE6948667BC8A45EF4911A51FC2C742EAA38A8A9A624AE0BF5751F6FDC88A985,1936,qml:QtQuick.Controls.Material,qml,LIKELY_REQUIRED,PySide6 wheel tree SHA-256 match,,UNKNOWN
Release/External_Test/2026-07-30_audio-validation-fix/Qonic_Audio_v5.0_internal_test/_internal/PySide6/qml/QtQuick/Controls/Material/Dialog.qml,A22F55CD16E6AD3406B73DBFDC22CC25EF06DFFCBD396196711844C1AB1868AA,3571,qml:QtQuick.Controls.Material,qml,LIKELY_REQUIRED,PySide6 wheel tree SHA-256 match,,UNKNOWN
Release/External_Test/2026-07-30_audio-validation-fix/Qonic_Audio_v5.0_internal_test/_internal/PySide6/qml/QtQuick/Controls/Material/DialogButtonBox.qml,5202816473B0473539F29B18933368AE73647EDF1CDB028ACDCD7C1ABF91AC0C,1720,qml:QtQuick.Controls.Material,qml,LIKELY_REQUIRED,PySide6 wheel tree SHA-256 match,,UNKNOWN
Release/External_Test/2026-07-30_audio-validation-fix/Qonic_Audio_v5.0_internal_test/_internal/PySide6/qml/QtQuick/Controls/Material/DoubleSpinBox.qml,91D3303AC4BB21214C9FE802E2D92BDCB1FC123A67B055D7DEF9E2DF25B28EB3,4853,qml:QtQuick.Controls.Material,qml,LIKELY_REQUIRED,PySide6 wheel tree SHA-256 match,,UNKNOWN
Release/External_Test/2026-07-30_audio-validation-fix/Qonic_Audio_v5.0_internal_test/_internal/PySide6/qml/QtQuick/Controls/Material/Drawer.qml,01CC3FC004A582383BFF27939EED74A04E1973559CC82998EF5DA7C5191EBC94,2555,qml:QtQuick.Controls.Material,qml,LIKELY_REQUIRED,PySide6 wheel tree SHA-256 match,,UNKNOWN
Release/External_Test/2026-07-30_audio-validation-fix/Qonic_Audio_v5.0_internal_test/_internal/PySide6/qml/QtQuick/Controls/Material/Frame.qml,A9DFCD9F778E4DAA9DB282602B62255087FD321910EB52C375856E58A950F1B2,1273,qml:QtQuick.Controls.Material,qml,LIKELY_REQUIRED,PySide6 wheel tree SHA-256 match,,UNKNOWN
Release/External_Test/2026-07-30_audio-validation-fix/Qonic_Audio_v5.0_internal_test/_internal/PySide6/qml/QtQuick/Controls/Material/GroupBox.qml,68DBC7B6F98EB19D1A704F8BE27654E5CA35BCF058AADE4DBF84A07F59FC6A3F,2012,qml:QtQuick.Controls.Material,qml,LIKELY_REQUIRED,PySide6 wheel tree SHA-256 match,,UNKNOWN
Release/External_Test/2026-07-30_audio-validation-fix/Qonic_Audio_v5.0_internal_test/_internal/PySide6/qml/QtQuick/Controls/Material/HorizontalHeaderView.qml,C794F5B77241D0D02EC04E3C6B65133479AA9BBB0478F0F0EDBBD3392238885C,885,qml:QtQuick.Controls.Material,qml,LIKELY_REQUIRED,PySide6 wheel tree SHA-256 match,,UNKNOWN
Release/External_Test/2026-07-30_audio-validation-fix/Qonic_Audio_v5.0_internal_test/_internal/PySide6/qml/QtQuick/Controls/Material/HorizontalHeaderViewDelegate.qml,E0E4088A60473491F649372A1852AFC80334163E04426A2644E0ACDDE09B374C,1115,qml:QtQuick.Controls.Material,qml,LIKELY_REQUIRED,PySide6 wheel tree SHA-256 match,,UNKNOWN
Release/External_Test/2026-07-30_audio-validation-fix/Qonic_Audio_v5.0_internal_test/_internal/PySide6/qml/QtQuick/Controls/Material/impl/BoxShadow.qml,EA85C17ABF066263AB45AB4921F3656FDD2FCE4D62875B7EDB74AF3333A806B8,1771,qml:QtQuick.Controls.Material,qml,LIKELY_REQUIRED,PySide6 wheel tree SHA-256 match,,UNKNOWN
Release/External_Test/2026-07-30_audio-validation-fix/Qonic_Audio_v5.0_internal_test/_internal/PySide6/qml/QtQuick/Controls/Material/impl/CheckIndicator.qml,5A007636E49C95CFD03DA92EA46B5FBA5A1479A1C4D70E9BD4CFB829AEFE7FB9,2561,qml:QtQuick.Controls.Material,qml,LIKELY_REQUIRED,PySide6 wheel tree SHA-256 match,,UNKNOWN
Release/External_Test/2026-07-30_audio-validation-fix/Qonic_Audio_v5.0_internal_test/_internal/PySide6/qml/QtQuick/Controls/Material/impl/CursorDelegate.qml,2EE81C1DE76232E4A8BC19739907F60DFC3E4B4BF59BC1443D5ECA167779998E,1039,qml:QtQuick.Controls.Material,qml,LIKELY_REQUIRED,PySide6 wheel tree SHA-256 match,,UNKNOWN
Release/External_Test/2026-07-30_audio-validation-fix/Qonic_Audio_v5.0_internal_test/_internal/PySide6/qml/QtQuick/Controls/Material/impl/ElevationEffect.qml,71383F8B8216FA8DC51336C0EBB98BDF92782D1A85D8267748265801E1FD42A7,8693,qml:QtQuick.Controls.Material,qml,LIKELY_REQUIRED,PySide6 wheel tree SHA-256 match,,UNKNOWN
Release/External_Test/2026-07-30_audio-validation-fix/Qonic_Audio_v5.0_internal_test/_internal/PySide6/qml/QtQuick/Controls/Material/impl/plugins.qmltypes,9FF8139460CB2FED119C9BF014511C88A85EF343FBBA91C1C006971559F27980,12683,qml:QtQuick.Controls.Material,qml,LIKELY_REQUIRED,PySide6 wheel tree SHA-256 match,,UNKNOWN
Release/External_Test/2026-07-30_audio-validation-fix/Qonic_Audio_v5.0_internal_test/_internal/PySide6/qml/QtQuick/Controls/Material/impl/qmldir,E79DB41994851C10755C47910924A896B10E45D7D792942544F89A2322351E6B,1130,qml:QtQuick.Controls.Material,qml,LIKELY_REQUIRED,PySide6 wheel tree SHA-256 match,,UNKNOWN
Release/External_Test/2026-07-30_audio-validation-fix/Qonic_Audio_v5.0_internal_test/_internal/PySide6/qml/QtQuick/Controls/Material/impl/qtquickcontrols2materialstyleimplplugin.dll,B953CBBFD3F4A5A23272730424F789A6475F6E7C704561851559985FC2981FD4,30520,qml:QtQuick.Controls.Material,qml,LIKELY_REQUIRED,PySide6 wheel tree SHA-256 match,,UNKNOWN
Release/External_Test/2026-07-30_audio-validation-fix/Qonic_Audio_v5.0_internal_test/_internal/PySide6/qml/QtQuick/Controls/Material/impl/RadioIndicator.qml,1902BF2242EB4E8B35A1288232C178A47976764F123B0AD8C01F23EDD0B08575,1572,qml:QtQuick.Controls.Material,qml,LIKELY_REQUIRED,PySide6 wheel tree SHA-256 match,,UNKNOWN
Release/External_Test/2026-07-30_audio-validation-fix/Qonic_Audio_v5.0_internal_test/_internal/PySide6/qml/QtQuick/Controls/Material/impl/RectangularGlow.qml,96645EB91F5475886AD5C36F5EFFC6155586FA8F0862A4C0D201426BDE1AE7A5,6730,qml:QtQuick.Controls.Material,qml,LIKELY_REQUIRED,PySide6 wheel tree SHA-256 match,,UNKNOWN
Release/External_Test/2026-07-30_audio-validation-fix/Qonic_Audio_v5.0_internal_test/_internal/PySide6/qml/QtQuick/Controls/Material/impl/RoundedElevationEffect.qml,4A45D8893774B5557777BA76D0418D9836975EA963159021223615173832D622,1812,qml:QtQuick.Controls.Material,qml,LIKELY_REQUIRED,PySide6 wheel tree SHA-256 match,,UNKNOWN
Release/External_Test/2026-07-30_audio-validation-fix/Qonic_Audio_v5.0_internal_test/_internal/PySide6/qml/QtQuick/Controls/Material/impl/SliderHandle.qml,BA46A393C4477F75AC5A773F52113BB7034A307EE1745F71D1EB7C47179AD210,1283,qml:QtQuick.Controls.Material,qml,LIKELY_REQUIRED,PySide6 wheel tree SHA-256 match,,UNKNOWN
Release/External_Test/2026-07-30_audio-validation-fix/Qonic_Audio_v5.0_internal_test/_internal/PySide6/qml/QtQuick/Controls/Material/impl/SwitchIndicator.qml,F8A15F38F9CEF487EDF7913CE3F8F4C213F46590E6D9EF83650C67435ADF8BAB,4272,qml:QtQuick.Controls.Material,qml,LIKELY_REQUIRED,PySide6 wheel tree SHA-256 match,,UNKNOWN
Release/External_Test/2026-07-30_audio-validation-fix/Qonic_Audio_v5.0_internal_test/_internal/PySide6/qml/QtQuick/Controls/Material/impl/TextEditingContextMenu.qml,10C7812096D8692BB8DD36C29923C679D90235BED3872682330F4A38CF3222E2,861,qml:QtQuick.Controls.Material,qml,LIKELY_REQUIRED,PySide6 wheel tree SHA-256 match,,UNKNOWN
Release/External_Test/2026-07-30_audio-validation-fix/Qonic_Audio_v5.0_internal_test/_internal/PySide6/qml/QtQuick/Controls/Material/ItemDelegate.qml,A5EA449C6CCDC72830CD4192DB8BEACAD078E88FC1051AE213CFE991E275056B,1924,qml:QtQuick.Controls.Material,qml,LIKELY_REQUIRED,PySide6 wheel tree SHA-256 match,,UNKNOWN
Release/External_Test/2026-07-30_audio-validation-fix/Qonic_Audio_v5.0_internal_test/_internal/PySide6/qml/QtQuick/Controls/Material/Label.qml,338F4290F35A5F9FE058EAFF34F36FAE195AC12B7EA01AF65E62B82757AFD7ED,417,qml:QtQuick.Controls.Material,qml,LIKELY_REQUIRED,PySide6 wheel tree SHA-256 match,,UNKNOWN
Release/External_Test/2026-07-30_audio-validation-fix/Qonic_Audio_v5.0_internal_test/_internal/PySide6/qml/QtQuick/Controls/Material/Menu.qml,D81DA0673522F25011B5316AC77C47EDFA8ADC81AAC81EA292F9D2A5ACBB1598,2725,qml:QtQuick.Controls.Material,qml,LIKELY_REQUIRED,PySide6 wheel tree SHA-256 match,,UNKNOWN
Release/External_Test/2026-07-30_audio-validation-fix/Qonic_Audio_v5.0_internal_test/_internal/PySide6/qml/QtQuick/Controls/Material/MenuBar.qml,DB659E12158285860FCA18FFF71BD3A76D9D53CB7F1E5B3A7765549CEFDADB83,1155,qml:QtQuick.Controls.Material,qml,LIKELY_REQUIRED,PySide6 wheel tree SHA-256 match,,UNKNOWN
Release/External_Test/2026-07-30_audio-validation-fix/Qonic_Audio_v5.0_internal_test/_internal/PySide6/qml/QtQuick/Controls/Material/MenuBarItem.qml,6B00F257E1A71D6B16BEE08B14C7006FFBB7F3DD614CF7A1DD837955637D3752,1811,qml:QtQuick.Controls.Material,qml,LIKELY_REQUIRED,PySide6 wheel tree SHA-256 match,,UNKNOWN
Release/External_Test/2026-07-30_audio-validation-fix/Qonic_Audio_v5.0_internal_test/_internal/PySide6/qml/QtQuick/Controls/Material/MenuItem.qml,56CFEF4CB0EDA6066A1B1419C9918D7D134F17EAAE75F1B861C6C22ECF5A7C1F,3127,qml:QtQuick.Controls.Material,qml,LIKELY_REQUIRED,PySide6 wheel tree SHA-256 match,,UNKNOWN
Release/External_Test/2026-07-30_audio-validation-fix/Qonic_Audio_v5.0_internal_test/_internal/PySide6/qml/QtQuick/Controls/Material/MenuSeparator.qml,FA4B748429C2E1F5D0BC901F3397410D81BC3E0F2F2B1295343DB8DD359DF95A,809,qml:QtQuick.Controls.Material,qml,LIKELY_REQUIRED,PySide6 wheel tree SHA-256 match,,UNKNOWN
Release/External_Test/2026-07-30_audio-validation-fix/Qonic_Audio_v5.0_internal_test/_internal/PySide6/qml/QtQuick/Controls/Material/Page.qml,31F5D32881A3BFBB31FB371FA7483B81618629101DCCFD54CBF727FDC534DF38,1231,qml:QtQuick.Controls.Material,qml,LIKELY_REQUIRED,PySide6 wheel tree SHA-256 match,,UNKNOWN
Release/External_Test/2026-07-30_audio-validation-fix/Qonic_Audio_v5.0_internal_test/_internal/PySide6/qml/QtQuick/Controls/Material/PageIndicator.qml,E0A1BB056751BC6EB24E57856031D766DCDD3921EF186C98E6384953A616CCBB,1462,qml:QtQuick.Controls.Material,qml,LIKELY_REQUIRED,PySide6 wheel tree SHA-256 match,,UNKNOWN
Release/External_Test/2026-07-30_audio-validation-fix/Qonic_Audio_v5.0_internal_test/_internal/PySide6/qml/QtQuick/Controls/Material/Pane.qml,8B1D0BBDAC5EC68E887D31250B6D7BC5C0ECA623CD8AF4B4396A9B35E00A7A97,1173,qml:QtQuick.Controls.Material,qml,LIKELY_REQUIRED,PySide6 wheel tree SHA-256 match,,UNKNOWN
Release/External_Test/2026-07-30_audio-validation-fix/Qonic_Audio_v5.0_internal_test/_internal/PySide6/qml/QtQuick/Controls/Material/plugins.qmltypes,3CA03495F895A706EB6F5663B545DD05A4DC334B5DC06FEE71314056DBCDC406,24505,qml:QtQuick.Controls.Material,qml,LIKELY_REQUIRED,PySide6 wheel tree SHA-256 match,,UNKNOWN
Release/External_Test/2026-07-30_audio-validation-fix/Qonic_Audio_v5.0_internal_test/_internal/PySide6/qml/QtQuick/Controls/Material/Popup.qml,0337C1760DEFAE14059C324D98C241A41B18202275B75ED2CD31C0E6A241D25A,2080,qml:QtQuick.Controls.Material,qml,LIKELY_REQUIRED,PySide6 wheel tree SHA-256 match,,UNKNOWN
Release/External_Test/2026-07-30_audio-validation-fix/Qonic_Audio_v5.0_internal_test/_internal/PySide6/qml/QtQuick/Controls/Material/ProgressBar.qml,BC084EFA4134D5EF622ED1D856807B3D2CE054C765D5352CB6FA6AA5E01E9DD7,1224,qml:QtQuick.Controls.Material,qml,LIKELY_REQUIRED,PySide6 wheel tree SHA-256 match,,UNKNOWN
Release/External_Test/2026-07-30_audio-validation-fix/Qonic_Audio_v5.0_internal_test/_internal/PySide6/qml/QtQuick/Controls/Material/qmldir,FF546BFBD47C2C4EEBC5D02C6E4AFE56C0E22D620428064DA6AE0C95A0B113DA,3770,qml:QtQuick.Controls.Material,qml,LIKELY_REQUIRED,PySide6 wheel tree SHA-256 match,,UNKNOWN
Release/External_Test/2026-07-30_audio-validation-fix/Qonic_Audio_v5.0_internal_test/_internal/PySide6/qml/QtQuick/Controls/Material/qtquickcontrols2materialstyleplugin.dll,2681291D8E4402790897786893F1E3B4CFF7720EEE0625F29254F646DA06E9F2,31544,qml:QtQuick.Controls.Material,qml,LIKELY_REQUIRED,PySide6 wheel tree SHA-256 match,,UNKNOWN
Release/External_Test/2026-07-30_audio-validation-fix/Qonic_Audio_v5.0_internal_test/_internal/PySide6/qml/QtQuick/Controls/Material/RadioButton.qml,2837D4B6BDD380EE055A773ADCA82CA70EC0900A8858A217480C6D328ADBCFDA,2058,qml:QtQuick.Controls.Material,qml,LIKELY_REQUIRED,PySide6 wheel tree SHA-256 match,,UNKNOWN
Release/External_Test/2026-07-30_audio-validation-fix/Qonic_Audio_v5.0_internal_test/_internal/PySide6/qml/QtQuick/Controls/Material/RadioDelegate.qml,CB64A68E2417C47A62339C79ADEF36694C1C3306791468C588B2DCE5F204E7F6,2406,qml:QtQuick.Controls.Material,qml,LIKELY_REQUIRED,PySide6 wheel tree SHA-256 match,,UNKNOWN
Release/External_Test/2026-07-30_audio-validation-fix/Qonic_Audio_v5.0_internal_test/_internal/PySide6/qml/QtQuick/Controls/Material/RangeSlider.qml,8555302AA8E4A06ACE3E92F67DE714141F5F3F3B0A9B0E7B59381F92BD841AB0,5954,qml:QtQuick.Controls.Material,qml,LIKELY_REQUIRED,PySide6 wheel tree SHA-256 match,,UNKNOWN
Release/External_Test/2026-07-30_audio-validation-fix/Qonic_Audio_v5.0_internal_test/_internal/PySide6/qml/QtQuick/Controls/Material/RoundButton.qml,ADD324BE8C9BA9725E652B1C270AB945A78405284DE4D1ED2EB314EC302E82FB,2874,qml:QtQuick.Controls.Material,qml,LIKELY_REQUIRED,PySide6 wheel tree SHA-256 match,,UNKNOWN
Release/External_Test/2026-07-30_audio-validation-fix/Qonic_Audio_v5.0_internal_test/_internal/PySide6/qml/QtQuick/Controls/Material/ScrollBar.qml,4F10E4630AFF346E77D730EAB055FFF521312B68AD05CBD07BF00AA22AF28B44,2181,qml:QtQuick.Controls.Material,qml,LIKELY_REQUIRED,PySide6 wheel tree SHA-256 match,,UNKNOWN
Release/External_Test/2026-07-30_audio-validation-fix/Qonic_Audio_v5.0_internal_test/_internal/PySide6/qml/QtQuick/Controls/Material/ScrollIndicator.qml,24E6E05DD28C1044AB833B54DE969E4CFD15921EEA59FF796969A2792BA378F8,1367,qml:QtQuick.Controls.Material,qml,LIKELY_REQUIRED,PySide6 wheel tree SHA-256 match,,UNKNOWN
Release/External_Test/2026-07-30_audio-validation-fix/Qonic_Audio_v5.0_internal_test/_internal/PySide6/qml/QtQuick/Controls/Material/ScrollView.qml,981AB6DB297E985D37B6D83F26801075EC35ABEAFF38C28ADB2E7255CEAE1A31,1120,qml:QtQuick.Controls.Material,qml,LIKELY_REQUIRED,PySide6 wheel tree SHA-256 match,,UNKNOWN
Release/External_Test/2026-07-30_audio-validation-fix/Qonic_Audio_v5.0_internal_test/_internal/PySide6/qml/QtQuick/Controls/Material/SearchField.qml,A3D7A823A4525763C2030E5DA1072ACB3EAE2BBE6AD40FE1FEC13E374C95EE8C,5438,qml:QtQuick.Controls.Material,qml,LIKELY_REQUIRED,PySide6 wheel tree SHA-256 match,,UNKNOWN
Release/External_Test/2026-07-30_audio-validation-fix/Qonic_Audio_v5.0_internal_test/_internal/PySide6/qml/QtQuick/Controls/Material/SelectionRectangle.qml,66253E63E9F6C73BEE32B3A6D3220A98FEBE84E28555A13A0AC342889333C751,930,qml:QtQuick.Controls.Material,qml,LIKELY_REQUIRED,PySide6 wheel tree SHA-256 match,,UNKNOWN
Release/External_Test/2026-07-30_audio-validation-fix/Qonic_Audio_v5.0_internal_test/_internal/PySide6/qml/QtQuick/Controls/Material/Slider.qml,7540A70C0EA28DCB62F22F7B31431BD8AD742B745FD2D4976A349599B2E3B3DC,4970,qml:QtQuick.Controls.Material,qml,LIKELY_REQUIRED,PySide6 wheel tree SHA-256 match,,UNKNOWN
Release/External_Test/2026-07-30_audio-validation-fix/Qonic_Audio_v5.0_internal_test/_internal/PySide6/qml/QtQuick/Controls/Material/SpinBox.qml,2FFD976EB2551CAD85CC525E44FF841CB629E8B3AB2D828D9C720BFA9E704ABE,4808,qml:QtQuick.Controls.Material,qml,LIKELY_REQUIRED,PySide6 wheel tree SHA-256 match,,UNKNOWN
Release/External_Test/2026-07-30_audio-validation-fix/Qonic_Audio_v5.0_internal_test/_internal/PySide6/qml/QtQuick/Controls/Material/SplitView.qml,860CF87493E0AF4C476A619BBFE38BF8AB4C9BD21FE1C361345EA7799062CF80,1689,qml:QtQuick.Controls.Material,qml,LIKELY_REQUIRED,PySide6 wheel tree SHA-256 match,,UNKNOWN
Release/External_Test/2026-07-30_audio-validation-fix/Qonic_Audio_v5.0_internal_test/_internal/PySide6/qml/QtQuick/Controls/Material/StackView.qml,1C8450F97734021C92A97CD2C3CB7309558B337B9F050B673D14647112BCE646,1790,qml:QtQuick.Controls.Material,qml,LIKELY_REQUIRED,PySide6 wheel tree SHA-256 match,,UNKNOWN
Release/External_Test/2026-07-30_audio-validation-fix/Qonic_Audio_v5.0_internal_test/_internal/PySide6/qml/QtQuick/Controls/Material/SwipeDelegate.qml,0CDC025C5D00CD1B9699356CE95C80F757CFC804637769AD7D144B8DA42F0F18,2241,qml:QtQuick.Controls.Material,qml,LIKELY_REQUIRED,PySide6 wheel tree SHA-256 match,,UNKNOWN
Release/External_Test/2026-07-30_audio-validation-fix/Qonic_Audio_v5.0_internal_test/_internal/PySide6/qml/QtQuick/Controls/Material/SwipeView.qml,259DE0888166E423015D201137114C0638511213D837EF7E355F4105E0FD0A67,1255,qml:QtQuick.Controls.Material,qml,LIKELY_REQUIRED,PySide6 wheel tree SHA-256 match,,UNKNOWN
Release/External_Test/2026-07-30_audio-validation-fix/Qonic_Audio_v5.0_internal_test/_internal/PySide6/qml/QtQuick/Controls/Material/Switch.qml,2BB9B1D6317FE83283FF0C9F5632E7F73F475BBEEB64681739C92C07E46F0974,2471,qml:QtQuick.Controls.Material,qml,LIKELY_REQUIRED,PySide6 wheel tree SHA-256 match,,UNKNOWN
Release/External_Test/2026-07-30_audio-validation-fix/Qonic_Audio_v5.0_internal_test/_internal/PySide6/qml/QtQuick/Controls/Material/SwitchDelegate.qml,3031CDECBEFA769A25D58A0B10246A3322F0C887B2E755E3D6CC2F17B0874AD2,2458,qml:QtQuick.Controls.Material,qml,LIKELY_REQUIRED,PySide6 wheel tree SHA-256 match,,UNKNOWN
Release/External_Test/2026-07-30_audio-validation-fix/Qonic_Audio_v5.0_internal_test/_internal/PySide6/qml/QtQuick/Controls/Material/TabBar.qml,E8B5E4499E263E4F36619F122BEBC99762A17EB283C30D5DC8C4B2C74759598C,1857,qml:QtQuick.Controls.Material,qml,LIKELY_REQUIRED,PySide6 wheel tree SHA-256 match,,UNKNOWN
Release/External_Test/2026-07-30_audio-validation-fix/Qonic_Audio_v5.0_internal_test/_internal/PySide6/qml/QtQuick/Controls/Material/TabButton.qml,D8F0DF3140E18B224D2F9F327F0785A7071120479E20978D7C94EE102DAE1792,1533,qml:QtQuick.Controls.Material,qml,LIKELY_REQUIRED,PySide6 wheel tree SHA-256 match,,UNKNOWN
Release/External_Test/2026-07-30_audio-validation-fix/Qonic_Audio_v5.0_internal_test/_internal/PySide6/qml/QtQuick/Controls/Material/TextArea.qml,47A8FB6CD47D45FF2B91BE7BB60EA171D606F16BA54EDEA5757C27C7A44D4017,4411,qml:QtQuick.Controls.Material,qml,LIKELY_REQUIRED,PySide6 wheel tree SHA-256 match,,UNKNOWN
Release/External_Test/2026-07-30_audio-validation-fix/Qonic_Audio_v5.0_internal_test/_internal/PySide6/qml/QtQuick/Controls/Material/TextField.qml,1DAAE4AA7D850F30756AD72D6476B7A215775AAC659D55149714B2A5553955D3,3875,qml:QtQuick.Controls.Material,qml,LIKELY_REQUIRED,PySide6 wheel tree SHA-256 match,,UNKNOWN
Release/External_Test/2026-07-30_audio-validation-fix/Qonic_Audio_v5.0_internal_test/_internal/PySide6/qml/QtQuick/Controls/Material/ToolBar.qml,C7765D33986B4E78A1194F33A9FE401CA1CF3E7FB3DCA2B4C14633AD7067CB1F,1234,qml:QtQuick.Controls.Material,qml,LIKELY_REQUIRED,PySide6 wheel tree SHA-256 match,,UNKNOWN
Release/External_Test/2026-07-30_audio-validation-fix/Qonic_Audio_v5.0_internal_test/_internal/PySide6/qml/QtQuick/Controls/Material/ToolButton.qml,960BA0E20B8A1CDCFAEC9AB65F42EB1930D401882A349C948A9AD3A1D45E0EEB,1895,qml:QtQuick.Controls.Material,qml,LIKELY_REQUIRED,PySide6 wheel tree SHA-256 match,,UNKNOWN
Release/External_Test/2026-07-30_audio-validation-fix/Qonic_Audio_v5.0_internal_test/_internal/PySide6/qml/QtQuick/Controls/Material/ToolSeparator.qml,0A13CB3B1C6E96638A8B03D2FCF3929B855DEE22E53DB5A5BBA95ED70C91B8A3,914,qml:QtQuick.Controls.Material,qml,LIKELY_REQUIRED,PySide6 wheel tree SHA-256 match,,UNKNOWN
Release/External_Test/2026-07-30_audio-validation-fix/Qonic_Audio_v5.0_internal_test/_internal/PySide6/qml/QtQuick/Controls/Material/ToolTip.qml,629A26443DB5E940C510DFC0DEA5B6B99D55EC5D596EF735AB349385B26887AE,1631,qml:QtQuick.Controls.Material,qml,LIKELY_REQUIRED,PySide6 wheel tree SHA-256 match,,UNKNOWN
Release/External_Test/2026-07-30_audio-validation-fix/Qonic_Audio_v5.0_internal_test/_internal/PySide6/qml/QtQuick/Controls/Material/TreeViewDelegate.qml,33FAF0DC9214CEF8F04CBEAF7F8B1D38EC490BAF3F0EFBF628453404FF102DD0,4653,qml:QtQuick.Controls.Material,qml,LIKELY_REQUIRED,PySide6 wheel tree SHA-256 match,,UNKNOWN
Release/External_Test/2026-07-30_audio-validation-fix/Qonic_Audio_v5.0_internal_test/_internal/PySide6/qml/QtQuick/Controls/Material/Tumbler.qml,E7A69E79568F1F4ABC8880C6CFAD816CC2AB2DEDB9332C1C69D9C1C78335C2B4,1668,qml:QtQuick.Controls.Material,qml,LIKELY_REQUIRED,PySide6 wheel tree SHA-256 match,,UNKNOWN
Release/External_Test/2026-07-30_audio-validation-fix/Qonic_Audio_v5.0_internal_test/_internal/PySide6/qml/QtQuick/Controls/Material/VerticalHeaderView.qml,2C62607662EAA79A85DE814C10DFFAB912837BF0C20E5AE4D4993C5BF4A4D044,875,qml:QtQuick.Controls.Material,qml,LIKELY_REQUIRED,PySide6 wheel tree SHA-256 match,,UNKNOWN
Release/External_Test/2026-07-30_audio-validation-fix/Qonic_Audio_v5.0_internal_test/_internal/PySide6/qml/QtQuick/Controls/Material/VerticalHeaderViewDelegate.qml,E0E4088A60473491F649372A1852AFC80334163E04426A2644E0ACDDE09B374C,1115,qml:QtQuick.Controls.Material,qml,LIKELY_REQUIRED,PySide6 wheel tree SHA-256 match,,UNKNOWN
Release/External_Test/2026-07-30_audio-validation-fix/Qonic_Audio_v5.0_internal_test/_internal/PySide6/qml/QtQuick/Controls/plugins.qmltypes,A96C7BF5832767BDC9D91E2290A3920AEC3ABFBF2E3814BCE38B49483F16F84A,215,qml:QtQuick.Controls,qml,LIKELY_REQUIRED,PySide6 wheel tree SHA-256 match,,UNKNOWN
Release/External_Test/2026-07-30_audio-validation-fix/Qonic_Audio_v5.0_internal_test/_internal/PySide6/qml/QtQuick/Controls/qmldir,D95DC8CF5069D8385507B4C1E4C460D895B4249C24F35A20FD843825C77C6162,579,qml:QtQuick.Controls,qml,LIKELY_REQUIRED,PySide6 wheel tree SHA-256 match,,UNKNOWN
Release/External_Test/2026-07-30_audio-validation-fix/Qonic_Audio_v5.0_internal_test/_internal/PySide6/qml/QtQuick/Controls/qtquickcontrols2plugin.dll,CC7B84F8395CC0D4243C3BA44FCA252FC9A6AB0D89D3F7BA6FC1CD8264389DD4,41272,qml:QtQuick.Controls,qml,LIKELY_REQUIRED,PySide6 wheel tree SHA-256 match,,UNKNOWN
Release/External_Test/2026-07-30_audio-validation-fix/Qonic_Audio_v5.0_internal_test/_internal/PySide6/qml/QtQuick/Controls/Universal/ApplicationWindow.qml,60DFDC0A152FF2A387744407B2A1C4D982E0FC1045587E6409ABC5BD4165CBE0,664,qml:QtQuick.Controls.Universal,qml,LIKELY_REQUIRED,PySide6 wheel tree SHA-256 match,,UNKNOWN
Release/External_Test/2026-07-30_audio-validation-fix/Qonic_Audio_v5.0_internal_test/_internal/PySide6/qml/QtQuick/Controls/Universal/BusyIndicator.qml,0A4D2E8E6C94899744A1A3BDDF9E41B983FF890C1492EBA0FCDDD514C984340D,1018,qml:QtQuick.Controls.Universal,qml,LIKELY_REQUIRED,PySide6 wheel tree SHA-256 match,,UNKNOWN
Release/External_Test/2026-07-30_audio-validation-fix/Qonic_Audio_v5.0_internal_test/_internal/PySide6/qml/QtQuick/Controls/Universal/Button.qml,E1178D525FB1A693EA1C401B80DA6C5F5F953C140F7F95A9FDBC8C945FE20D85,1962,qml:QtQuick.Controls.Universal,qml,LIKELY_REQUIRED,PySide6 wheel tree SHA-256 match,,UNKNOWN
Release/External_Test/2026-07-30_audio-validation-fix/Qonic_Audio_v5.0_internal_test/_internal/PySide6/qml/QtQuick/Controls/Universal/CheckBox.qml,CF5A712650238BA3621D7DB8B1D4CFBB1CEDB8BBF54F96DFD9E28CD978F32945,1635,qml:QtQuick.Controls.Universal,qml,LIKELY_REQUIRED,PySide6 wheel tree SHA-256 match,,UNKNOWN
Release/External_Test/2026-07-30_audio-validation-fix/Qonic_Audio_v5.0_internal_test/_internal/PySide6/qml/QtQuick/Controls/Universal/CheckDelegate.qml,A6E5B726799E5AD226E8467011689B758D9F6B35C5BB7DB6980D3C27107EB211,2537,qml:QtQuick.Controls.Universal,qml,LIKELY_REQUIRED,PySide6 wheel tree SHA-256 match,,UNKNOWN
Release/External_Test/2026-07-30_audio-validation-fix/Qonic_Audio_v5.0_internal_test/_internal/PySide6/qml/QtQuick/Controls/Universal/ComboBox.qml,39E3E358810027293499C6E84A54251911BC91EA8E821D6CAA25586306CE975C,5714,qml:QtQuick.Controls.Universal,qml,LIKELY_REQUIRED,PySide6 wheel tree SHA-256 match,,UNKNOWN
Release/External_Test/2026-07-30_audio-validation-fix/Qonic_Audio_v5.0_internal_test/_internal/PySide6/qml/QtQuick/Controls/Universal/DelayButton.qml,3556F55B62DF70A97FF0A6C925107383B07313A122D8B74270F2849D3A88309A,2017,qml:QtQuick.Controls.Universal,qml,LIKELY_REQUIRED,PySide6 wheel tree SHA-256 match,,UNKNOWN
Release/External_Test/2026-07-30_audio-validation-fix/Qonic_Audio_v5.0_internal_test/_internal/PySide6/qml/QtQuick/Controls/Universal/Dial.qml,5FA159EE61306D704ADAD5A14254CB78FD1F27CBF8879F8A809E3E8426DFFB48,2046,qml:QtQuick.Controls.Universal,qml,LIKELY_REQUIRED,PySide6 wheel tree SHA-256 match,,UNKNOWN
Release/External_Test/2026-07-30_audio-validation-fix/Qonic_Audio_v5.0_internal_test/_internal/PySide6/qml/QtQuick/Controls/Universal/Dialog.qml,753C07D117D5FF249FA0A5F441FEAAB898E82CE12E110C7D964003981193F61E,1977,qml:QtQuick.Controls.Universal,qml,LIKELY_REQUIRED,PySide6 wheel tree SHA-256 match,,UNKNOWN
Release/External_Test/2026-07-30_audio-validation-fix/Qonic_Audio_v5.0_internal_test/_internal/PySide6/qml/QtQuick/Controls/Universal/DialogButtonBox.qml,C84A26F95649DA6D527EB3652A4849B6304BAF1F9B4BBA2C7A88E232494F1B03,1572,qml:QtQuick.Controls.Universal,qml,LIKELY_REQUIRED,PySide6 wheel tree SHA-256 match,,UNKNOWN
Release/External_Test/2026-07-30_audio-validation-fix/Qonic_Audio_v5.0_internal_test/_internal/PySide6/qml/QtQuick/Controls/Universal/DoubleSpinBox.qml,31AE2E3805D90244EDE0CE1EAF0AC76AC37A89D0211296D11F36CEEF44FE54BD,5212,qml:QtQuick.Controls.Universal,qml,LIKELY_REQUIRED,PySide6 wheel tree SHA-256 match,,UNKNOWN
Release/External_Test/2026-07-30_audio-validation-fix/Qonic_Audio_v5.0_internal_test/_internal/PySide6/qml/QtQuick/Controls/Universal/Drawer.qml,676F6251892AEF3524FEA01ADDD00B6B6B68AD6527469311F9538B72F66568DE,1803,qml:QtQuick.Controls.Universal,qml,LIKELY_REQUIRED,PySide6 wheel tree SHA-256 match,,UNKNOWN
Release/External_Test/2026-07-30_audio-validation-fix/Qonic_Audio_v5.0_internal_test/_internal/PySide6/qml/QtQuick/Controls/Universal/Frame.qml,4575C1AB6192C11B89ACD67C1277D50BB9BF4AC12E614A064FC194299E583119,787,qml:QtQuick.Controls.Universal,qml,LIKELY_REQUIRED,PySide6 wheel tree SHA-256 match,,UNKNOWN
Release/External_Test/2026-07-30_audio-validation-fix/Qonic_Audio_v5.0_internal_test/_internal/PySide6/qml/QtQuick/Controls/Universal/GroupBox.qml,4037974C04CA3B79B47D8B86C741DC0D02D10828EC30A2D3779D3C08FC32B1AD,1456,qml:QtQuick.Controls.Universal,qml,LIKELY_REQUIRED,PySide6 wheel tree SHA-256 match,,UNKNOWN
Release/External_Test/2026-07-30_audio-validation-fix/Qonic_Audio_v5.0_internal_test/_internal/PySide6/qml/QtQuick/Controls/Universal/HorizontalHeaderView.qml,7F3F5DC5C3C6703AC402004BA64B5B1F29FD23F7841C1E762C99514016AD8D23,886,qml:QtQuick.Controls.Universal,qml,LIKELY_REQUIRED,PySide6 wheel tree SHA-256 match,,UNKNOWN
Release/External_Test/2026-07-30_audio-validation-fix/Qonic_Audio_v5.0_internal_test/_internal/PySide6/qml/QtQuick/Controls/Universal/HorizontalHeaderViewDelegate.qml,43B29D71C9DC8AAAE997DCAE32BD201C91C2A72169B28F1104CAFB8C381C17B7,1179,qml:QtQuick.Controls.Universal,qml,LIKELY_REQUIRED,PySide6 wheel tree SHA-256 match,,UNKNOWN
Release/External_Test/2026-07-30_audio-validation-fix/Qonic_Audio_v5.0_internal_test/_internal/PySide6/qml/QtQuick/Controls/Universal/impl/CheckIndicator.qml,07C2E9B52284377577DBE4DFD412E8133485D10C281C3592141BCA437B601CFE,2347,qml:QtQuick.Controls.Universal,qml,LIKELY_REQUIRED,PySide6 wheel tree SHA-256 match,,UNKNOWN
Release/External_Test/2026-07-30_audio-validation-fix/Qonic_Audio_v5.0_internal_test/_internal/PySide6/qml/QtQuick/Controls/Universal/impl/CopyAction.qml,78410E751919FC2FA724D4E9310F63E0753A525CD0E5071370CC1DC8131444F9,287,qml:QtQuick.Controls.Universal,qml,LIKELY_REQUIRED,PySide6 wheel tree SHA-256 match,,UNKNOWN
Release/External_Test/2026-07-30_audio-validation-fix/Qonic_Audio_v5.0_internal_test/_internal/PySide6/qml/QtQuick/Controls/Universal/impl/CutAction.qml,8555D51AC6E40E1F37321DA0E3CA2F3064C85A8BB7FC08BE02CA282DC88D1667,286,qml:QtQuick.Controls.Universal,qml,LIKELY_REQUIRED,PySide6 wheel tree SHA-256 match,,UNKNOWN
Release/External_Test/2026-07-30_audio-validation-fix/Qonic_Audio_v5.0_internal_test/_internal/PySide6/qml/QtQuick/Controls/Universal/impl/DeleteAction.qml,4F71CBEF2E09EA8E669BCAC99EE0E7C08B1442D68D327D43B9E87335DE40426F,289,qml:QtQuick.Controls.Universal,qml,LIKELY_REQUIRED,PySide6 wheel tree SHA-256 match,,UNKNOWN
Release/External_Test/2026-07-30_audio-validation-fix/Qonic_Audio_v5.0_internal_test/_internal/PySide6/qml/QtQuick/Controls/Universal/impl/PasteAction.qml,EBD1AFB1BEB8BF1FD21BB5E6484CA9DD54731316B3CFD2F2197BF444035B3F5F,288,qml:QtQuick.Controls.Universal,qml,LIKELY_REQUIRED,PySide6 wheel tree SHA-256 match,,UNKNOWN
Release/External_Test/2026-07-30_audio-validation-fix/Qonic_Audio_v5.0_internal_test/_internal/PySide6/qml/QtQuick/Controls/Universal/impl/plugins.qmltypes,10DC37660CD0D903A8AA10501D87C3DA8D0D4F66747B27E5603FDE453FA81B0E,4029,qml:QtQuick.Controls.Universal,qml,LIKELY_REQUIRED,PySide6 wheel tree SHA-256 match,,UNKNOWN
Release/External_Test/2026-07-30_audio-validation-fix/Qonic_Audio_v5.0_internal_test/_internal/PySide6/qml/QtQuick/Controls/Universal/impl/qmldir,621A60EEF141F4481BDA345ED5DAA7D7CBE91EFFF59C0C43A392EF6FEF9C0767,857,qml:QtQuick.Controls.Universal,qml,LIKELY_REQUIRED,PySide6 wheel tree SHA-256 match,,UNKNOWN
Release/External_Test/2026-07-30_audio-validation-fix/Qonic_Audio_v5.0_internal_test/_internal/PySide6/qml/QtQuick/Controls/Universal/impl/qtquickcontrols2universalstyleimplplugin.dll,06FDFBAD4ABA7B88ED1682A542ED6B40A1B9BD6C7523FDD6694EC865FAC4543B,30520,qml:QtQuick.Controls.Universal,qml,LIKELY_REQUIRED,PySide6 wheel tree SHA-256 match,,UNKNOWN
Release/External_Test/2026-07-30_audio-validation-fix/Qonic_Audio_v5.0_internal_test/_internal/PySide6/qml/QtQuick/Controls/Universal/impl/RadioIndicator.qml,C817B928FC346A0E6CB51C9C96C2E1A21D001687ABA560B9B515D744A4D2D044,1876,qml:QtQuick.Controls.Universal,qml,LIKELY_REQUIRED,PySide6 wheel tree SHA-256 match,,UNKNOWN
Release/External_Test/2026-07-30_audio-validation-fix/Qonic_Audio_v5.0_internal_test/_internal/PySide6/qml/QtQuick/Controls/Universal/impl/RedoAction.qml,5BEFD760F8108D265613A67945207BD242AA8B7EE52AE9977FE527CFD12ACE98,238,qml:QtQuick.Controls.Universal,qml,LIKELY_REQUIRED,PySide6 wheel tree SHA-256 match,,UNKNOWN
Release/External_Test/2026-07-30_audio-validation-fix/Qonic_Audio_v5.0_internal_test/_internal/PySide6/qml/QtQuick/Controls/Universal/impl/SelectAllAction.qml,C3D576C43AFAEB16BBB87B9C811BBFBF3BF9EE8A3AF79B88B5E0BEA0DD7E0FA9,292,qml:QtQuick.Controls.Universal,qml,LIKELY_REQUIRED,PySide6 wheel tree SHA-256 match,,UNKNOWN
Release/External_Test/2026-07-30_audio-validation-fix/Qonic_Audio_v5.0_internal_test/_internal/PySide6/qml/QtQuick/Controls/Universal/impl/SwitchIndicator.qml,C3927C9B5A4D853458FE0487F8992F92BC071FFE819BFB03A91E9FD50768C2A9,2181,qml:QtQuick.Controls.Universal,qml,LIKELY_REQUIRED,PySide6 wheel tree SHA-256 match,,UNKNOWN
Release/External_Test/2026-07-30_audio-validation-fix/Qonic_Audio_v5.0_internal_test/_internal/PySide6/qml/QtQuick/Controls/Universal/impl/TextEditingContextMenu.qml,548413FDF9BA7B4F6AD49507C5F4C764BC26C9046FADE38987B67D8B07A3EFEE,987,qml:QtQuick.Controls.Universal,qml,LIKELY_REQUIRED,PySide6 wheel tree SHA-256 match,,UNKNOWN
Release/External_Test/2026-07-30_audio-validation-fix/Qonic_Audio_v5.0_internal_test/_internal/PySide6/qml/QtQuick/Controls/Universal/impl/UndoAction.qml,9537D5CDE8ED954937CDC525524A00CC9BE8BA3BBBCF857D25847D5AA71A9601,238,qml:QtQuick.Controls.Universal,qml,LIKELY_REQUIRED,PySide6 wheel tree SHA-256 match,,UNKNOWN
Release/External_Test/2026-07-30_audio-validation-fix/Qonic_Audio_v5.0_internal_test/_internal/PySide6/qml/QtQuick/Controls/Universal/ItemDelegate.qml,9F4379494BA0D124F68079A5D5A40D5B2B960149A50AD3281328D138C9E2E225,2002,qml:QtQuick.Controls.Universal,qml,LIKELY_REQUIRED,PySide6 wheel tree SHA-256 match,,UNKNOWN
Release/External_Test/2026-07-30_audio-validation-fix/Qonic_Audio_v5.0_internal_test/_internal/PySide6/qml/QtQuick/Controls/Universal/Label.qml,ABC38A854BD5C7026F31B59A01457D2F9A48DB77F9F4751A1DF2E515FBA938D8,422,qml:QtQuick.Controls.Universal,qml,LIKELY_REQUIRED,PySide6 wheel tree SHA-256 match,,UNKNOWN
Release/External_Test/2026-07-30_audio-validation-fix/Qonic_Audio_v5.0_internal_test/_internal/PySide6/qml/QtQuick/Controls/Universal/Menu.qml,D88DB773EEDA25DCED2306E86A959E9C28BCFC9E4B14F5B8E6ED1435D900E181,1566,qml:QtQuick.Controls.Universal,qml,LIKELY_REQUIRED,PySide6 wheel tree SHA-256 match,,UNKNOWN
Release/External_Test/2026-07-30_audio-validation-fix/Qonic_Audio_v5.0_internal_test/_internal/PySide6/qml/QtQuick/Controls/Universal/MenuBar.qml,7704B4C3A7A3BC55A1DC71B152AA180DBF04ADAA0D758132B8D3061F8DFA86F3,1124,qml:QtQuick.Controls.Universal,qml,LIKELY_REQUIRED,PySide6 wheel tree SHA-256 match,,UNKNOWN
Release/External_Test/2026-07-30_audio-validation-fix/Qonic_Audio_v5.0_internal_test/_internal/PySide6/qml/QtQuick/Controls/Universal/MenuBarItem.qml,CE41AD8D8671136D9FD02B49D2C4839FD96D5589A18E0D5004D34AF34B9DA700,1953,qml:QtQuick.Controls.Universal,qml,LIKELY_REQUIRED,PySide6 wheel tree SHA-256 match,,UNKNOWN
Release/External_Test/2026-07-30_audio-validation-fix/Qonic_Audio_v5.0_internal_test/_internal/PySide6/qml/QtQuick/Controls/Universal/MenuItem.qml,95554279573D70E7A9D8CAFA7AD3F963E1EC96B6ED2AEC9EBCC40A245F9DE8D0,3410,qml:QtQuick.Controls.Universal,qml,LIKELY_REQUIRED,PySide6 wheel tree SHA-256 match,,UNKNOWN
Release/External_Test/2026-07-30_audio-validation-fix/Qonic_Audio_v5.0_internal_test/_internal/PySide6/qml/QtQuick/Controls/Universal/MenuSeparator.qml,1AAB9906509F8075554AA511F8246B0437C451879FA7A895C3FC3688AFBA3898,942,qml:QtQuick.Controls.Universal,qml,LIKELY_REQUIRED,PySide6 wheel tree SHA-256 match,,UNKNOWN
Release/External_Test/2026-07-30_audio-validation-fix/Qonic_Audio_v5.0_internal_test/_internal/PySide6/qml/QtQuick/Controls/Universal/Page.qml,68EE2993A1E7F853C9B7E1E01FAB50F4DE81A1661B8F032B1D1289893556D11E,1010,qml:QtQuick.Controls.Universal,qml,LIKELY_REQUIRED,PySide6 wheel tree SHA-256 match,,UNKNOWN
Release/External_Test/2026-07-30_audio-validation-fix/Qonic_Audio_v5.0_internal_test/_internal/PySide6/qml/QtQuick/Controls/Universal/PageIndicator.qml,C6AB2B445569A14B62F73E9B0ADB80ADC729E1514286854626BF056C2255A47D,1217,qml:QtQuick.Controls.Universal,qml,LIKELY_REQUIRED,PySide6 wheel tree SHA-256 match,,UNKNOWN
Release/External_Test/2026-07-30_audio-validation-fix/Qonic_Audio_v5.0_internal_test/_internal/PySide6/qml/QtQuick/Controls/Universal/Pane.qml,D2531B33A1F4D86DDCA9D085FB0BBAF080EEE20D3C6712084751C72CB86AA885,737,qml:QtQuick.Controls.Universal,qml,LIKELY_REQUIRED,PySide6 wheel tree SHA-256 match,,UNKNOWN
Release/External_Test/2026-07-30_audio-validation-fix/Qonic_Audio_v5.0_internal_test/_internal/PySide6/qml/QtQuick/Controls/Universal/plugins.qmltypes,E9AC09181067829B02897E20BE3DB59300AF3173653A6F74AEF82A067904EFC1,9866,qml:QtQuick.Controls.Universal,qml,LIKELY_REQUIRED,PySide6 wheel tree SHA-256 match,,UNKNOWN
Release/External_Test/2026-07-30_audio-validation-fix/Qonic_Audio_v5.0_internal_test/_internal/PySide6/qml/QtQuick/Controls/Universal/Popup.qml,CEDB7E118F3CEFF24A3543A82CAC52395185768630D8796D49EE1683EE86FDF2,1043,qml:QtQuick.Controls.Universal,qml,LIKELY_REQUIRED,PySide6 wheel tree SHA-256 match,,UNKNOWN
Release/External_Test/2026-07-30_audio-validation-fix/Qonic_Audio_v5.0_internal_test/_internal/PySide6/qml/QtQuick/Controls/Universal/ProgressBar.qml,4F3A2A85F8FFE9F90D32FF07DE27C3EF9542C7AF1A818D79F7266E318CBE7561,1187,qml:QtQuick.Controls.Universal,qml,LIKELY_REQUIRED,PySide6 wheel tree SHA-256 match,,UNKNOWN
Release/External_Test/2026-07-30_audio-validation-fix/Qonic_Audio_v5.0_internal_test/_internal/PySide6/qml/QtQuick/Controls/Universal/qmldir,F67D6DFBA762D35DC62338B1F7C254B300C36F03AB2402407F8D5FAF48C9AC78,3631,qml:QtQuick.Controls.Universal,qml,LIKELY_REQUIRED,PySide6 wheel tree SHA-256 match,,UNKNOWN
Release/External_Test/2026-07-30_audio-validation-fix/Qonic_Audio_v5.0_internal_test/_internal/PySide6/qml/QtQuick/Controls/Universal/qtquickcontrols2universalstyleplugin.dll,399B98536D2DDDDE92474E3B19FAE06039DA56721173DD811358FC4A623A71A7,31544,qml:QtQuick.Controls.Universal,qml,LIKELY_REQUIRED,PySide6 wheel tree SHA-256 match,,UNKNOWN
Release/External_Test/2026-07-30_audio-validation-fix/Qonic_Audio_v5.0_internal_test/_internal/PySide6/qml/QtQuick/Controls/Universal/RadioButton.qml,167AB2933FE9F86A79AB1BA3806E2F82178B6CC8D89D559CBBAD00D202DEED47,1638,qml:QtQuick.Controls.Universal,qml,LIKELY_REQUIRED,PySide6 wheel tree SHA-256 match,,UNKNOWN
Release/External_Test/2026-07-30_audio-validation-fix/Qonic_Audio_v5.0_internal_test/_internal/PySide6/qml/QtQuick/Controls/Universal/RadioDelegate.qml,64E4685F4F1B40E61708E540BD8796304104836AF61497CEC6D2E361ECB4B715,2537,qml:QtQuick.Controls.Universal,qml,LIKELY_REQUIRED,PySide6 wheel tree SHA-256 match,,UNKNOWN
Release/External_Test/2026-07-30_audio-validation-fix/Qonic_Audio_v5.0_internal_test/_internal/PySide6/qml/QtQuick/Controls/Universal/RangeSlider.qml,6E5BAB38C29FACE2BA91EBBC97B534639380F18A83D2C63E08190303B556FD7E,4155,qml:QtQuick.Controls.Universal,qml,LIKELY_REQUIRED,PySide6 wheel tree SHA-256 match,,UNKNOWN
Release/External_Test/2026-07-30_audio-validation-fix/Qonic_Audio_v5.0_internal_test/_internal/PySide6/qml/QtQuick/Controls/Universal/RoundButton.qml,D02C82FD73BF1D8AEFEA0E5DB833EEB9B066BDA8959C3A1E8B940177FC201BAB,2001,qml:QtQuick.Controls.Universal,qml,LIKELY_REQUIRED,PySide6 wheel tree SHA-256 match,,UNKNOWN
Release/External_Test/2026-07-30_audio-validation-fix/Qonic_Audio_v5.0_internal_test/_internal/PySide6/qml/QtQuick/Controls/Universal/ScrollBar.qml,55DC7D4C741B7B561A86CB91007786B890C1C9288B5F6B3F220E581A1EB5983D,2235,qml:QtQuick.Controls.Universal,qml,LIKELY_REQUIRED,PySide6 wheel tree SHA-256 match,,UNKNOWN
Release/External_Test/2026-07-30_audio-validation-fix/Qonic_Audio_v5.0_internal_test/_internal/PySide6/qml/QtQuick/Controls/Universal/ScrollIndicator.qml,DBE287168DC43731A70693EB5AC7425065081FDCAB6DFFB20AC067545F45F370,1479,qml:QtQuick.Controls.Universal,qml,LIKELY_REQUIRED,PySide6 wheel tree SHA-256 match,,UNKNOWN
Release/External_Test/2026-07-30_audio-validation-fix/Qonic_Audio_v5.0_internal_test/_internal/PySide6/qml/QtQuick/Controls/Universal/ScrollView.qml,981AB6DB297E985D37B6D83F26801075EC35ABEAFF38C28ADB2E7255CEAE1A31,1120,qml:QtQuick.Controls.Universal,qml,LIKELY_REQUIRED,PySide6 wheel tree SHA-256 match,,UNKNOWN
Release/External_Test/2026-07-30_audio-validation-fix/Qonic_Audio_v5.0_internal_test/_internal/PySide6/qml/QtQuick/Controls/Universal/SearchField.qml,F57073B319394A006BD4A2B26AD68286177F20326413D03948C1603F001768FD,6764,qml:QtQuick.Controls.Universal,qml,LIKELY_REQUIRED,PySide6 wheel tree SHA-256 match,,UNKNOWN
Release/External_Test/2026-07-30_audio-validation-fix/Qonic_Audio_v5.0_internal_test/_internal/PySide6/qml/QtQuick/Controls/Universal/SelectionRectangle.qml,3B85EA0C9B18CB7F9E5F12FE3B87D6A92B6F46A04F1CCDE6957AA1BBAC12EF70,1069,qml:QtQuick.Controls.Universal,qml,LIKELY_REQUIRED,PySide6 wheel tree SHA-256 match,,UNKNOWN
Release/External_Test/2026-07-30_audio-validation-fix/Qonic_Audio_v5.0_internal_test/_internal/PySide6/qml/QtQuick/Controls/Universal/Slider.qml,1A5495FB2BE8EE07C9D7E9F505D921E553ECE6225465F2025A3A7A280329C650,3078,qml:QtQuick.Controls.Universal,qml,LIKELY_REQUIRED,PySide6 wheel tree SHA-256 match,,UNKNOWN
Release/External_Test/2026-07-30_audio-validation-fix/Qonic_Audio_v5.0_internal_test/_internal/PySide6/qml/QtQuick/Controls/Universal/SpinBox.qml,E21A807343271F3336C4EDA1D2E77B39363A2E1B556CCA7F63AC94CF1C808A22,5167,qml:QtQuick.Controls.Universal,qml,LIKELY_REQUIRED,PySide6 wheel tree SHA-256 match,,UNKNOWN
Release/External_Test/2026-07-30_audio-validation-fix/Qonic_Audio_v5.0_internal_test/_internal/PySide6/qml/QtQuick/Controls/Universal/SplitView.qml,E73F56BDE96DE1648AA0C30205C39B241ACB9A3BDA7973E084788E0F0BAA4CDB,1067,qml:QtQuick.Controls.Universal,qml,LIKELY_REQUIRED,PySide6 wheel tree SHA-256 match,,UNKNOWN
Release/External_Test/2026-07-30_audio-validation-fix/Qonic_Audio_v5.0_internal_test/_internal/PySide6/qml/QtQuick/Controls/Universal/StackView.qml,7C34E7F4ADEB3E5B5AC3FF366E77A0AF142CC5A9588A812904E96FFFD60B6621,1797,qml:QtQuick.Controls.Universal,qml,LIKELY_REQUIRED,PySide6 wheel tree SHA-256 match,,UNKNOWN
Release/External_Test/2026-07-30_audio-validation-fix/Qonic_Audio_v5.0_internal_test/_internal/PySide6/qml/QtQuick/Controls/Universal/SwipeDelegate.qml,E71380C4BE8D3B7B2D6CA4997B58553A73D5D7AB016B4C9AF2650CFE2F7E8346,2192,qml:QtQuick.Controls.Universal,qml,LIKELY_REQUIRED,PySide6 wheel tree SHA-256 match,,UNKNOWN
Release/External_Test/2026-07-30_audio-validation-fix/Qonic_Audio_v5.0_internal_test/_internal/PySide6/qml/QtQuick/Controls/Universal/Switch.qml,C8C8D93D118A5E4840D603276DBB7E2A5D3AB6FDCC12F81CD5689FF45872586A,1634,qml:QtQuick.Controls.Universal,qml,LIKELY_REQUIRED,PySide6 wheel tree SHA-256 match,,UNKNOWN
Release/External_Test/2026-07-30_audio-validation-fix/Qonic_Audio_v5.0_internal_test/_internal/PySide6/qml/QtQuick/Controls/Universal/SwitchDelegate.qml,83A286CDFE865A250D77F4CFD6025946D9BCC430AAF7CCCBB743DE8FB6CDB71A,2539,qml:QtQuick.Controls.Universal,qml,LIKELY_REQUIRED,PySide6 wheel tree SHA-256 match,,UNKNOWN
Release/External_Test/2026-07-30_audio-validation-fix/Qonic_Audio_v5.0_internal_test/_internal/PySide6/qml/QtQuick/Controls/Universal/TabBar.qml,68251C272EADE379A06729822D22DC171C89C81C32133F969692D63015266BD6,1284,qml:QtQuick.Controls.Universal,qml,LIKELY_REQUIRED,PySide6 wheel tree SHA-256 match,,UNKNOWN
Release/External_Test/2026-07-30_audio-validation-fix/Qonic_Audio_v5.0_internal_test/_internal/PySide6/qml/QtQuick/Controls/Universal/TabButton.qml,EE6EEB61E17E2D78D422490FA266141C21380ABBE7B9F2D3B02CC5FF49758F3B,1276,qml:QtQuick.Controls.Universal,qml,LIKELY_REQUIRED,PySide6 wheel tree SHA-256 match,,UNKNOWN
Release/External_Test/2026-07-30_audio-validation-fix/Qonic_Audio_v5.0_internal_test/_internal/PySide6/qml/QtQuick/Controls/Universal/TextArea.qml,A85C264D9E5E7452202CBB13854F7807AAE867B3CA19EF46D249FE90557ED1AE,2832,qml:QtQuick.Controls.Universal,qml,LIKELY_REQUIRED,PySide6 wheel tree SHA-256 match,,UNKNOWN
Release/External_Test/2026-07-30_audio-validation-fix/Qonic_Audio_v5.0_internal_test/_internal/PySide6/qml/QtQuick/Controls/Universal/TextField.qml,202071C4B714EED57BF2EA6F9FD2F54C54F013D631EE51F692A24C263280DD8E,2815,qml:QtQuick.Controls.Universal,qml,LIKELY_REQUIRED,PySide6 wheel tree SHA-256 match,,UNKNOWN
Release/External_Test/2026-07-30_audio-validation-fix/Qonic_Audio_v5.0_internal_test/_internal/PySide6/qml/QtQuick/Controls/Universal/ToolBar.qml,4983D913BC8779C1466E8D6E6CA56FC0924850563F32AE22C0F2060D6E6E5A73,950,qml:QtQuick.Controls.Universal,qml,LIKELY_REQUIRED,PySide6 wheel tree SHA-256 match,,UNKNOWN
Release/External_Test/2026-07-30_audio-validation-fix/Qonic_Audio_v5.0_internal_test/_internal/PySide6/qml/QtQuick/Controls/Universal/ToolButton.qml,CCA8F8386DB6A5FA0FB2D6D14C0377E1D57EC414AFFD5F6765915203E172A6ED,1668,qml:QtQuick.Controls.Universal,qml,LIKELY_REQUIRED,PySide6 wheel tree SHA-256 match,,UNKNOWN
Release/External_Test/2026-07-30_audio-validation-fix/Qonic_Audio_v5.0_internal_test/_internal/PySide6/qml/QtQuick/Controls/Universal/ToolSeparator.qml,8E77D1DA6AE5538DB495823DF091D7B1D6A0AFEBDD08E61FAD33BF3EEA19CCCE,989,qml:QtQuick.Controls.Universal,qml,LIKELY_REQUIRED,PySide6 wheel tree SHA-256 match,,UNKNOWN
Release/External_Test/2026-07-30_audio-validation-fix/Qonic_Audio_v5.0_internal_test/_internal/PySide6/qml/QtQuick/Controls/Universal/ToolTip.qml,7E90569B22AB6F882C65ADFE73073CF77E73EF9C2521CDCF5B6E0E250E555C4E,1344,qml:QtQuick.Controls.Universal,qml,LIKELY_REQUIRED,PySide6 wheel tree SHA-256 match,,UNKNOWN
Release/External_Test/2026-07-30_audio-validation-fix/Qonic_Audio_v5.0_internal_test/_internal/PySide6/qml/QtQuick/Controls/Universal/Tumbler.qml,ED0EFD80B32D33690827DD4F55A3296282B0F163458F26CE1530A14D945BFCF2,1762,qml:QtQuick.Controls.Universal,qml,LIKELY_REQUIRED,PySide6 wheel tree SHA-256 match,,UNKNOWN
Release/External_Test/2026-07-30_audio-validation-fix/Qonic_Audio_v5.0_internal_test/_internal/PySide6/qml/QtQuick/Controls/Universal/VerticalHeaderView.qml,3015C82FAA4F79731B9C08F4D4C8D80BAE2A66890630964E8F4D4A08C81EE91A,876,qml:QtQuick.Controls.Universal,qml,LIKELY_REQUIRED,PySide6 wheel tree SHA-256 match,,UNKNOWN
Release/External_Test/2026-07-30_audio-validation-fix/Qonic_Audio_v5.0_internal_test/_internal/PySide6/qml/QtQuick/Controls/Universal/VerticalHeaderViewDelegate.qml,9C3480E37465DA72FBD880D28B071A155011240700A07EB2A4B56377E9E91BFB,1522,qml:QtQuick.Controls.Universal,qml,LIKELY_REQUIRED,PySide6 wheel tree SHA-256 match,,UNKNOWN
Release/External_Test/2026-07-30_audio-validation-fix/Qonic_Audio_v5.0_internal_test/_internal/PySide6/qml/QtQuick/Controls/Windows/ApplicationWindow.qml,518AC350DD2FD228575955C62E562AFE63CEEAB91DDAF81EE80A0BEFB5C1ED2E,311,qml:QtQuick.Controls.Windows,qml,LIKELY_REQUIRED,PySide6 wheel tree SHA-256 match,,UNKNOWN
Release/External_Test/2026-07-30_audio-validation-fix/Qonic_Audio_v5.0_internal_test/_internal/PySide6/qml/QtQuick/Controls/Windows/Button.qml,5CFC8E89231384D7239FD756552DC97FA68D2B0C03C43EB0823DBF014F259093,1582,qml:QtQuick.Controls.Windows,qml,LIKELY_REQUIRED,PySide6 wheel tree SHA-256 match,,UNKNOWN
Release/External_Test/2026-07-30_audio-validation-fix/Qonic_Audio_v5.0_internal_test/_internal/PySide6/qml/QtQuick/Controls/Windows/CheckBox.qml,3DF990758AC7F588F04AA2FD62837727F2887503FD607EB42906DE5FE48071ED,3149,qml:QtQuick.Controls.Windows,qml,LIKELY_REQUIRED,PySide6 wheel tree SHA-256 match,,UNKNOWN
Release/External_Test/2026-07-30_audio-validation-fix/Qonic_Audio_v5.0_internal_test/_internal/PySide6/qml/QtQuick/Controls/Windows/CheckDelegate.qml,FE03FA4859F7E0FDCE6CE2EBFA6E5748D2CFDA10D6B23AF772E42AC4D9F2067E,2960,qml:QtQuick.Controls.Windows,qml,LIKELY_REQUIRED,PySide6 wheel tree SHA-256 match,,UNKNOWN
Release/External_Test/2026-07-30_audio-validation-fix/Qonic_Audio_v5.0_internal_test/_internal/PySide6/qml/QtQuick/Controls/Windows/ComboBox.qml,7360A62C0C12368BFA4C8F2513F93236C309BB76D02D6DA8B41A93E06C7A31A7,4115,qml:QtQuick.Controls.Windows,qml,LIKELY_REQUIRED,PySide6 wheel tree SHA-256 match,,UNKNOWN
Release/External_Test/2026-07-30_audio-validation-fix/Qonic_Audio_v5.0_internal_test/_internal/PySide6/qml/QtQuick/Controls/Windows/DelayButton.qml,B9DB91B607183AD56AAC41EDC3878B37D5EAB51950733140BAFC93B11BC2BBD4,2927,qml:QtQuick.Controls.Windows,qml,LIKELY_REQUIRED,PySide6 wheel tree SHA-256 match,,UNKNOWN
Release/External_Test/2026-07-30_audio-validation-fix/Qonic_Audio_v5.0_internal_test/_internal/PySide6/qml/QtQuick/Controls/Windows/DoubleSpinBox.qml,BCE605318EB92F19EA254762D0AF67CE442711B631E474123ED27BDB89643591,3757,qml:QtQuick.Controls.Windows,qml,LIKELY_REQUIRED,PySide6 wheel tree SHA-256 match,,UNKNOWN
Release/External_Test/2026-07-30_audio-validation-fix/Qonic_Audio_v5.0_internal_test/_internal/PySide6/qml/QtQuick/Controls/Windows/Frame.qml,19FAE217A824D7BBAB594B8018B9C0FB608A8737BD3D7086E07078C49A6BBE6A,289,qml:QtQuick.Controls.Windows,qml,LIKELY_REQUIRED,PySide6 wheel tree SHA-256 match,,UNKNOWN
Release/External_Test/2026-07-30_audio-validation-fix/Qonic_Audio_v5.0_internal_test/_internal/PySide6/qml/QtQuick/Controls/Windows/GroupBox.qml,1FC87B1CA88788784A74E2A37F071289FB47D0146637F4F3436E8F793F10187F,292,qml:QtQuick.Controls.Windows,qml,LIKELY_REQUIRED,PySide6 wheel tree SHA-256 match,,UNKNOWN
Release/External_Test/2026-07-30_audio-validation-fix/Qonic_Audio_v5.0_internal_test/_internal/PySide6/qml/QtQuick/Controls/Windows/images/checkmark.png,E5E41AC0591E82110A68F162118267E9A2CA218C1ECFE5C86E8A1EE3BDF4D98B,200,qml:QtQuick.Controls.Windows,qml,LIKELY_REQUIRED,PySide6 wheel tree SHA-256 match,,UNKNOWN
Release/External_Test/2026-07-30_audio-validation-fix/Qonic_Audio_v5.0_internal_test/_internal/PySide6/qml/QtQuick/Controls/Windows/images/checkmark@2x.png,31D03A9AB468D6EDE3C730BEE83099C207202D3E5715735FEC452FC5A4BF336A,252,qml:QtQuick.Controls.Windows,qml,LIKELY_REQUIRED,PySide6 wheel tree SHA-256 match,,UNKNOWN
Release/External_Test/2026-07-30_audio-validation-fix/Qonic_Audio_v5.0_internal_test/_internal/PySide6/qml/QtQuick/Controls/Windows/images/checkmark@3x.png,D8D024453EC3BA9A000ACD9BD1158CBF11CFA3F44F5B836C4D625EDD014039B5,321,qml:QtQuick.Controls.Windows,qml,LIKELY_REQUIRED,PySide6 wheel tree SHA-256 match,,UNKNOWN
Release/External_Test/2026-07-30_audio-validation-fix/Qonic_Audio_v5.0_internal_test/_internal/PySide6/qml/QtQuick/Controls/Windows/images/close_big.png,9D85351D6F69888EEAE37AE7BC889FDD8A4B05DAF1BEF465B1DAF3D47592C74C,205,qml:QtQuick.Controls.Windows,qml,LIKELY_REQUIRED,PySide6 wheel tree SHA-256 match,,UNKNOWN
Release/External_Test/2026-07-30_audio-validation-fix/Qonic_Audio_v5.0_internal_test/_internal/PySide6/qml/QtQuick/Controls/Windows/images/close_big@2x.png,D09345C4791D7F98A5981760C7965F36047C46457AFF49DF75E1E27D5B56950C,342,qml:QtQuick.Controls.Windows,qml,LIKELY_REQUIRED,PySide6 wheel tree SHA-256 match,,UNKNOWN
Release/External_Test/2026-07-30_audio-validation-fix/Qonic_Audio_v5.0_internal_test/_internal/PySide6/qml/QtQuick/Controls/Windows/images/close_big@3x.png,60622DEF016AACC10551EE41FC073D1706AAC5E4C6B20B76C0D42FFE4AFE57B5,452,qml:QtQuick.Controls.Windows,qml,LIKELY_REQUIRED,PySide6 wheel tree SHA-256 match,,UNKNOWN
Release/External_Test/2026-07-30_audio-validation-fix/Qonic_Audio_v5.0_internal_test/_internal/PySide6/qml/QtQuick/Controls/Windows/images/menuarrow.png,68C6EE2C698CAAA9EF1E35CEFC862148FC3FE69938B5A04917FD91AE6DFF1B09,165,qml:QtQuick.Controls.Windows,qml,LIKELY_REQUIRED,PySide6 wheel tree SHA-256 match,,UNKNOWN
Release/External_Test/2026-07-30_audio-validation-fix/Qonic_Audio_v5.0_internal_test/_internal/PySide6/qml/QtQuick/Controls/Windows/images/menuarrow@2x.png,35AA2B3E9967C09AA9B94992CF90D0D3FE0A4523845FEDE44A74095256D3004C,185,qml:QtQuick.Controls.Windows,qml,LIKELY_REQUIRED,PySide6 wheel tree SHA-256 match,,UNKNOWN
Release/External_Test/2026-07-30_audio-validation-fix/Qonic_Audio_v5.0_internal_test/_internal/PySide6/qml/QtQuick/Controls/Windows/images/menuarrow@3x.png,25EBF2BE72C30407F571C0F261114B63427F9573750453D8BDC9427538FD46F3,205,qml:QtQuick.Controls.Windows,qml,LIKELY_REQUIRED,PySide6 wheel tree SHA-256 match,,UNKNOWN
Release/External_Test/2026-07-30_audio-validation-fix/Qonic_Audio_v5.0_internal_test/_internal/PySide6/qml/QtQuick/Controls/Windows/images/search-magnifier.png,97A9E225D1FD5864FF233E8A5FA2714EF27EED5D32F07E171B75E38F86B6616D,332,qml:QtQuick.Controls.Windows,qml,LIKELY_REQUIRED,PySide6 wheel tree SHA-256 match,,UNKNOWN
Release/External_Test/2026-07-30_audio-validation-fix/Qonic_Audio_v5.0_internal_test/_internal/PySide6/qml/QtQuick/Controls/Windows/images/search-magnifier@2x.png,21EBE2A94515DC62542499980943A2B4D805843CDB4A48FA63A88FEB177DA85A,588,qml:QtQuick.Controls.Windows,qml,LIKELY_REQUIRED,PySide6 wheel tree SHA-256 match,,UNKNOWN
Release/External_Test/2026-07-30_audio-validation-fix/Qonic_Audio_v5.0_internal_test/_internal/PySide6/qml/QtQuick/Controls/Windows/images/search-magnifier@3x.png,3FD2153801A1E1774CCD7DB7A7943BF5017A4FE695F08A6B4AAC55F0A948B2CB,829,qml:QtQuick.Controls.Windows,qml,LIKELY_REQUIRED,PySide6 wheel tree SHA-256 match,,UNKNOWN
Release/External_Test/2026-07-30_audio-validation-fix/Qonic_Audio_v5.0_internal_test/_internal/PySide6/qml/QtQuick/Controls/Windows/impl/CheckIndicator.qml,30A0FA38E9C997E666F58263178420CC4E3F93B3C1FDCEC84BDF464941D2DB95,706,qml:QtQuick.Controls.Windows,qml,LIKELY_REQUIRED,PySide6 wheel tree SHA-256 match,,UNKNOWN
Release/External_Test/2026-07-30_audio-validation-fix/Qonic_Audio_v5.0_internal_test/_internal/PySide6/qml/QtQuick/Controls/Windows/impl/CopyAction.qml,4B699DF0DDC30F40EEE5E8B7524B9BDDD5AB6FCB564C89EF1640BFBAEA3BCF20,287,qml:QtQuick.Controls.Windows,qml,LIKELY_REQUIRED,PySide6 wheel tree SHA-256 match,,UNKNOWN
Release/External_Test/2026-07-30_audio-validation-fix/Qonic_Audio_v5.0_internal_test/_internal/PySide6/qml/QtQuick/Controls/Windows/impl/CutAction.qml,D3ADF1064F3DE6EEA1B87932A87127C65AEA8361AF560E114E84FEE16C8742A1,286,qml:QtQuick.Controls.Windows,qml,LIKELY_REQUIRED,PySide6 wheel tree SHA-256 match,,UNKNOWN
Release/External_Test/2026-07-30_audio-validation-fix/Qonic_Audio_v5.0_internal_test/_internal/PySide6/qml/QtQuick/Controls/Windows/impl/DeleteAction.qml,2D891E192CE77BEAF98E65EAC56567F9CABBE169391B896921B64896F5056293,289,qml:QtQuick.Controls.Windows,qml,LIKELY_REQUIRED,PySide6 wheel tree SHA-256 match,,UNKNOWN
Release/External_Test/2026-07-30_audio-validation-fix/Qonic_Audio_v5.0_internal_test/_internal/PySide6/qml/QtQuick/Controls/Windows/impl/PasteAction.qml,5C02A16C043E94495E7C120B67C0864C90B7258BFCBCDD1621A20A1BD8A187E0,288,qml:QtQuick.Controls.Windows,qml,LIKELY_REQUIRED,PySide6 wheel tree SHA-256 match,,UNKNOWN
Release/External_Test/2026-07-30_audio-validation-fix/Qonic_Audio_v5.0_internal_test/_internal/PySide6/qml/QtQuick/Controls/Windows/impl/qmldir,87D935EDA03F289B9BCEED4309725A029EA903BC0E416C3F5CA16655BCCA0C04,792,qml:QtQuick.Controls.Windows,qml,LIKELY_REQUIRED,PySide6 wheel tree SHA-256 match,,UNKNOWN
Release/External_Test/2026-07-30_audio-validation-fix/Qonic_Audio_v5.0_internal_test/_internal/PySide6/qml/QtQuick/Controls/Windows/impl/qtquickcontrols2windowsstyleimplplugin.dll,A85CA8F2D8010EC6B967CF4A62CA8F2B71671B132B7CFC806838EDA3003BC468,30520,qml:QtQuick.Controls.Windows,qml,LIKELY_REQUIRED,PySide6 wheel tree SHA-256 match,,UNKNOWN
Release/External_Test/2026-07-30_audio-validation-fix/Qonic_Audio_v5.0_internal_test/_internal/PySide6/qml/QtQuick/Controls/Windows/impl/QuickControls2WindowsStyleImpl.qmltypes,A96C7BF5832767BDC9D91E2290A3920AEC3ABFBF2E3814BCE38B49483F16F84A,215,qml:QtQuick.Controls.Windows,qml,LIKELY_REQUIRED,PySide6 wheel tree SHA-256 match,,UNKNOWN
Release/External_Test/2026-07-30_audio-validation-fix/Qonic_Audio_v5.0_internal_test/_internal/PySide6/qml/QtQuick/Controls/Windows/impl/RedoAction.qml,D75DF93AD2045D962F424F8FD34D1F6B78867BB3EBA785DBFDDE3AE44EF23966,238,qml:QtQuick.Controls.Windows,qml,LIKELY_REQUIRED,PySide6 wheel tree SHA-256 match,,UNKNOWN
Release/External_Test/2026-07-30_audio-validation-fix/Qonic_Audio_v5.0_internal_test/_internal/PySide6/qml/QtQuick/Controls/Windows/impl/SelectAllAction.qml,0011724117B9D18FB43CF7B2531B4C42F211162ED949C4EDA3131B2B6D926449,292,qml:QtQuick.Controls.Windows,qml,LIKELY_REQUIRED,PySide6 wheel tree SHA-256 match,,UNKNOWN
Release/External_Test/2026-07-30_audio-validation-fix/Qonic_Audio_v5.0_internal_test/_internal/PySide6/qml/QtQuick/Controls/Windows/impl/SwitchIndicator.qml,CE086DBBD7B5A102BB6335FFF90459B77FA4B38BB5AFF09B0A45CF55F9357FAE,2250,qml:QtQuick.Controls.Windows,qml,LIKELY_REQUIRED,PySide6 wheel tree SHA-256 match,,UNKNOWN
Release/External_Test/2026-07-30_audio-validation-fix/Qonic_Audio_v5.0_internal_test/_internal/PySide6/qml/QtQuick/Controls/Windows/impl/TextEditingContextMenu.qml,74D149BF83060790E29DA13E0070F23FFA0AE732810BB6BD47D84664EFCF30CE,898,qml:QtQuick.Controls.Windows,qml,LIKELY_REQUIRED,PySide6 wheel tree SHA-256 match,,UNKNOWN
Release/External_Test/2026-07-30_audio-validation-fix/Qonic_Audio_v5.0_internal_test/_internal/PySide6/qml/QtQuick/Controls/Windows/impl/UndoAction.qml,4CFE6D916150980AA6EF7AD78B80584D8FEEF6680750449BF285F262059575B6,238,qml:QtQuick.Controls.Windows,qml,LIKELY_REQUIRED,PySide6 wheel tree SHA-256 match,,UNKNOWN
Release/External_Test/2026-07-30_audio-validation-fix/Qonic_Audio_v5.0_internal_test/_internal/PySide6/qml/QtQuick/Controls/Windows/ItemDelegate.qml,07DFA473D7803B22ECBC403A34AC4E550026055B2BD257E77E99951249B26A43,438,qml:QtQuick.Controls.Windows,qml,LIKELY_REQUIRED,PySide6 wheel tree SHA-256 match,,UNKNOWN
Release/External_Test/2026-07-30_audio-validation-fix/Qonic_Audio_v5.0_internal_test/_internal/PySide6/qml/QtQuick/Controls/Windows/Menu.qml,A5B72773912940F9AF9C9755A55C832F13CFFAB97E84DFF7689B7C369DDA4662,2625,qml:QtQuick.Controls.Windows,qml,LIKELY_REQUIRED,PySide6 wheel tree SHA-256 match,,UNKNOWN
Release/External_Test/2026-07-30_audio-validation-fix/Qonic_Audio_v5.0_internal_test/_internal/PySide6/qml/QtQuick/Controls/Windows/MenuBar.qml,5541C0E2E797520B9743E7C5D40309CAB1815E689B2C78BB5576DC4D862ED4D6,1177,qml:QtQuick.Controls.Windows,qml,LIKELY_REQUIRED,PySide6 wheel tree SHA-256 match,,UNKNOWN
Release/External_Test/2026-07-30_audio-validation-fix/Qonic_Audio_v5.0_internal_test/_internal/PySide6/qml/QtQuick/Controls/Windows/MenuBarItem.qml,5530FD9C85D30E1E0E6DC42BE4D98B21DCE4A89F956CE958B8949A212734C1C0,1380,qml:QtQuick.Controls.Windows,qml,LIKELY_REQUIRED,PySide6 wheel tree SHA-256 match,,UNKNOWN
Release/External_Test/2026-07-30_audio-validation-fix/Qonic_Audio_v5.0_internal_test/_internal/PySide6/qml/QtQuick/Controls/Windows/MenuItem.qml,EA7396632E8C7C62F340EF7226066B6134F9F04FA1479908E81F81FB7768E5AD,2629,qml:QtQuick.Controls.Windows,qml,LIKELY_REQUIRED,PySide6 wheel tree SHA-256 match,,UNKNOWN
Release/External_Test/2026-07-30_audio-validation-fix/Qonic_Audio_v5.0_internal_test/_internal/PySide6/qml/QtQuick/Controls/Windows/MenuSeparator.qml,A0F2CF382D9B169A1C8D3ECB1AB65B6DE743410E464FF24947D1A363275A91C6,796,qml:QtQuick.Controls.Windows,qml,LIKELY_REQUIRED,PySide6 wheel tree SHA-256 match,,UNKNOWN
Release/External_Test/2026-07-30_audio-validation-fix/Qonic_Audio_v5.0_internal_test/_internal/PySide6/qml/QtQuick/Controls/Windows/plugins.qmltypes,A96C7BF5832767BDC9D91E2290A3920AEC3ABFBF2E3814BCE38B49483F16F84A,215,qml:QtQuick.Controls.Windows,qml,LIKELY_REQUIRED,PySide6 wheel tree SHA-256 match,,UNKNOWN
Release/External_Test/2026-07-30_audio-validation-fix/Qonic_Audio_v5.0_internal_test/_internal/PySide6/qml/QtQuick/Controls/Windows/ProgressBar.qml,7DB1EA25622A6461BE35B557BF6687CBE79AC14EF5435A1F83930B0FF928614E,295,qml:QtQuick.Controls.Windows,qml,LIKELY_REQUIRED,PySide6 wheel tree SHA-256 match,,UNKNOWN
Release/External_Test/2026-07-30_audio-validation-fix/Qonic_Audio_v5.0_internal_test/_internal/PySide6/qml/QtQuick/Controls/Windows/qmldir,31610A55BFA12E65487FC3FDD43063982A9D6A230508D3D3B4EDCA20D9F0249C,2156,qml:QtQuick.Controls.Windows,qml,LIKELY_REQUIRED,PySide6 wheel tree SHA-256 match,,UNKNOWN
Release/External_Test/2026-07-30_audio-validation-fix/Qonic_Audio_v5.0_internal_test/_internal/PySide6/qml/QtQuick/Controls/Windows/qtquickcontrols2windowsstyleplugin.dll,1B27D7867153C19CCB924A89324C8167852B3CBD62A2CE7C3B846A8031319C46,705336,qml:QtQuick.Controls.Windows,qml,LIKELY_REQUIRED,PySide6 wheel tree SHA-256 match,,UNKNOWN
Release/External_Test/2026-07-30_audio-validation-fix/Qonic_Audio_v5.0_internal_test/_internal/PySide6/qml/QtQuick/Controls/Windows/RadioButton.qml,B6D47E69D6B4E1178AE411E7383C300E4F80FAEAFD163317D824BFAB63A29137,295,qml:QtQuick.Controls.Windows,qml,LIKELY_REQUIRED,PySide6 wheel tree SHA-256 match,,UNKNOWN
Release/External_Test/2026-07-30_audio-validation-fix/Qonic_Audio_v5.0_internal_test/_internal/PySide6/qml/QtQuick/Controls/Windows/RadioDelegate.qml,D6CA784C4FF24361C1F944C67CF772405585080DDCDCDE4E8F7AC58499F0BA17,503,qml:QtQuick.Controls.Windows,qml,LIKELY_REQUIRED,PySide6 wheel tree SHA-256 match,,UNKNOWN
Release/External_Test/2026-07-30_audio-validation-fix/Qonic_Audio_v5.0_internal_test/_internal/PySide6/qml/QtQuick/Controls/Windows/RangeSlider.qml,CCBDB5334DD857416F533CF5444277D98E464C64359BF725EEE77752D4CA94C6,4725,qml:QtQuick.Controls.Windows,qml,LIKELY_REQUIRED,PySide6 wheel tree SHA-256 match,,UNKNOWN
Release/External_Test/2026-07-30_audio-validation-fix/Qonic_Audio_v5.0_internal_test/_internal/PySide6/qml/QtQuick/Controls/Windows/ScrollBar.qml,BBD5BF5C03DE673DEAA4246EE86A651856DC809BD304D8EE1F209349E2B1BEAD,3801,qml:QtQuick.Controls.Windows,qml,LIKELY_REQUIRED,PySide6 wheel tree SHA-256 match,,UNKNOWN
Release/External_Test/2026-07-30_audio-validation-fix/Qonic_Audio_v5.0_internal_test/_internal/PySide6/qml/QtQuick/Controls/Windows/ScrollIndicator.qml,C24B8437097601E8B9C6649FFACCC956B8D8BB5678884E214328372D00EEC519,1351,qml:QtQuick.Controls.Windows,qml,LIKELY_REQUIRED,PySide6 wheel tree SHA-256 match,,UNKNOWN
Release/External_Test/2026-07-30_audio-validation-fix/Qonic_Audio_v5.0_internal_test/_internal/PySide6/qml/QtQuick/Controls/Windows/ScrollView.qml,3C17D85A0EC65359D95811CECE881A770E9964F314119FE496FB64798DB1F3A2,1754,qml:QtQuick.Controls.Windows,qml,LIKELY_REQUIRED,PySide6 wheel tree SHA-256 match,,UNKNOWN
Release/External_Test/2026-07-30_audio-validation-fix/Qonic_Audio_v5.0_internal_test/_internal/PySide6/qml/QtQuick/Controls/Windows/SearchField.qml,AA23284DE5DD029E72584EC7EEDD336202ECABD78756B8A72D7606E7E90B2285,3945,qml:QtQuick.Controls.Windows,qml,LIKELY_REQUIRED,PySide6 wheel tree SHA-256 match,,UNKNOWN
Release/External_Test/2026-07-30_audio-validation-fix/Qonic_Audio_v5.0_internal_test/_internal/PySide6/qml/QtQuick/Controls/Windows/SelectionRectangle.qml,BBF37103BC1D9829711D72F577756BEC2C9A638A8CB6365911B6148E74A43C13,995,qml:QtQuick.Controls.Windows,qml,LIKELY_REQUIRED,PySide6 wheel tree SHA-256 match,,UNKNOWN
Release/External_Test/2026-07-30_audio-validation-fix/Qonic_Audio_v5.0_internal_test/_internal/PySide6/qml/QtQuick/Controls/Windows/Slider.qml,AC0B4282541F08B1BA945308309311606A01E5AA0D92CCD4FAF1B63424D29E2A,290,qml:QtQuick.Controls.Windows,qml,LIKELY_REQUIRED,PySide6 wheel tree SHA-256 match,,UNKNOWN
Release/External_Test/2026-07-30_audio-validation-fix/Qonic_Audio_v5.0_internal_test/_internal/PySide6/qml/QtQuick/Controls/Windows/SpinBox.qml,0E89D04DEC5803AF8A7DB69357293628D9E698DD21F8C2080689D6D74B007509,3700,qml:QtQuick.Controls.Windows,qml,LIKELY_REQUIRED,PySide6 wheel tree SHA-256 match,,UNKNOWN
Release/External_Test/2026-07-30_audio-validation-fix/Qonic_Audio_v5.0_internal_test/_internal/PySide6/qml/QtQuick/Controls/Windows/Switch.qml,F6931F7BF8E19E78855290F0B3928CBEDE816D2C454BCCE6FBD74CDD05953D6C,1461,qml:QtQuick.Controls.Windows,qml,LIKELY_REQUIRED,PySide6 wheel tree SHA-256 match,,UNKNOWN
Release/External_Test/2026-07-30_audio-validation-fix/Qonic_Audio_v5.0_internal_test/_internal/PySide6/qml/QtQuick/Controls/Windows/SwitchDelegate.qml,5360047AF1953B1AAA869F874F1B1DA4BA851543FECFC63D63B54F2908B8C346,1788,qml:QtQuick.Controls.Windows,qml,LIKELY_REQUIRED,PySide6 wheel tree SHA-256 match,,UNKNOWN
Release/External_Test/2026-07-30_audio-validation-fix/Qonic_Audio_v5.0_internal_test/_internal/PySide6/qml/QtQuick/Controls/Windows/TextArea.qml,8CEB15D41B8D11FD7BD4D4843EA9266803A882A8B22D0831FB90A9C91DDE25E9,456,qml:QtQuick.Controls.Windows,qml,LIKELY_REQUIRED,PySide6 wheel tree SHA-256 match,,UNKNOWN
Release/External_Test/2026-07-30_audio-validation-fix/Qonic_Audio_v5.0_internal_test/_internal/PySide6/qml/QtQuick/Controls/Windows/TextField.qml,E6882FE0ED3703D7CADECF1123ADF8B794825FBA83E5098C2AF74C76A2C42A1C,430,qml:QtQuick.Controls.Windows,qml,LIKELY_REQUIRED,PySide6 wheel tree SHA-256 match,,UNKNOWN
Release/External_Test/2026-07-30_audio-validation-fix/Qonic_Audio_v5.0_internal_test/_internal/PySide6/qml/QtQuick/Dialogs/plugins.qmltypes,C904C93299974CE8B81C7B406A167E188043B3886E0CE35932B437EA781FED19,17585,qml:QtQuick.Dialogs,qml,LIKELY_REQUIRED,PySide6 wheel tree SHA-256 match,,UNKNOWN
Release/External_Test/2026-07-30_audio-validation-fix/Qonic_Audio_v5.0_internal_test/_internal/PySide6/qml/QtQuick/Dialogs/qmldir,6B547B8E506FD70E034967FA4678368A515DC8E7CDBBDD0FD2B1F263B28FE46C,273,qml:QtQuick.Dialogs,qml,LIKELY_REQUIRED,PySide6 wheel tree SHA-256 match,,UNKNOWN
Release/External_Test/2026-07-30_audio-validation-fix/Qonic_Audio_v5.0_internal_test/_internal/PySide6/qml/QtQuick/Dialogs/qtquickdialogsplugin.dll,AB94E4E50CEED0A9D4BE3DED16178843D49627FA759FEF6850EE47E80C2933BD,30520,qml:QtQuick.Dialogs,qml,LIKELY_REQUIRED,PySide6 wheel tree SHA-256 match,,UNKNOWN
Release/External_Test/2026-07-30_audio-validation-fix/Qonic_Audio_v5.0_internal_test/_internal/PySide6/qml/QtQuick/Dialogs/quickimpl/plugins.qmltypes,B3085BA6CA37914A55D360F59F2EB0C5C74DE9796CBB66855CCB7D1CA3309850,87396,qml:QtQuick.Dialogs.quickimpl,qml,LIKELY_REQUIRED,PySide6 wheel tree SHA-256 match,,UNKNOWN
Release/External_Test/2026-07-30_audio-validation-fix/Qonic_Audio_v5.0_internal_test/_internal/PySide6/qml/QtQuick/Dialogs/quickimpl/qml/+Fusion/ColorDialog.qml,628E52A5E7A94A8099F983040959F52B4D281FAAEA37BB5A61C1D539D466435D,8628,qml:QtQuick.Dialogs.quickimpl,qml,LIKELY_REQUIRED,PySide6 wheel tree SHA-256 match,,UNKNOWN
Release/External_Test/2026-07-30_audio-validation-fix/Qonic_Audio_v5.0_internal_test/_internal/PySide6/qml/QtQuick/Dialogs/quickimpl/qml/+Fusion/ColorInputs.qml,13148EC506592489192E8637B66CB99EDD2FD0FDA3F92B25AD23E0EE7C1C7A24,1230,qml:QtQuick.Dialogs.quickimpl,qml,LIKELY_REQUIRED,PySide6 wheel tree SHA-256 match,,UNKNOWN
Release/External_Test/2026-07-30_audio-validation-fix/Qonic_Audio_v5.0_internal_test/_internal/PySide6/qml/QtQuick/Dialogs/quickimpl/qml/+Fusion/FileDialog.qml,6F5C5CC793EFC44614909F750079FF295D8A34D0D7AD373011ADFD0DFFBF01EF,7855,qml:QtQuick.Dialogs.quickimpl,qml,LIKELY_REQUIRED,PySide6 wheel tree SHA-256 match,,UNKNOWN
Release/External_Test/2026-07-30_audio-validation-fix/Qonic_Audio_v5.0_internal_test/_internal/PySide6/qml/QtQuick/Dialogs/quickimpl/qml/+Fusion/FileDialogDelegate.qml,486F321BF1F6B0A9D028175D99A03F89B3FF888B8216A67C6493A6D28BEB870F,2220,qml:QtQuick.Dialogs.quickimpl,qml,LIKELY_REQUIRED,PySide6 wheel tree SHA-256 match,,UNKNOWN
Release/External_Test/2026-07-30_audio-validation-fix/Qonic_Audio_v5.0_internal_test/_internal/PySide6/qml/QtQuick/Dialogs/quickimpl/qml/+Fusion/FolderBreadcrumbBar.qml,430D9A45089C03AC4669301476F77AD25AE37C52A46A00D142634C1FB1846B58,2652,qml:QtQuick.Dialogs.quickimpl,qml,LIKELY_REQUIRED,PySide6 wheel tree SHA-256 match,,UNKNOWN
Release/External_Test/2026-07-30_audio-validation-fix/Qonic_Audio_v5.0_internal_test/_internal/PySide6/qml/QtQuick/Dialogs/quickimpl/qml/+Fusion/FolderDialog.qml,843D92FAC060FE1928A171021EE3173AD31588E984BFADDF64BB4A533E7375BC,4224,qml:QtQuick.Dialogs.quickimpl,qml,LIKELY_REQUIRED,PySide6 wheel tree SHA-256 match,,UNKNOWN
Release/External_Test/2026-07-30_audio-validation-fix/Qonic_Audio_v5.0_internal_test/_internal/PySide6/qml/QtQuick/Dialogs/quickimpl/qml/+Fusion/FolderDialogDelegate.qml,90A44C93216FEBBC537DE543D602533BBE8A13B28C5ECD1153C6A6A261D220EF,2010,qml:QtQuick.Dialogs.quickimpl,qml,LIKELY_REQUIRED,PySide6 wheel tree SHA-256 match,,UNKNOWN
Release/External_Test/2026-07-30_audio-validation-fix/Qonic_Audio_v5.0_internal_test/_internal/PySide6/qml/QtQuick/Dialogs/quickimpl/qml/+Fusion/FontDialog.qml,34148089B4B9707A665C4B5B6D279B035849935C0BF1FE2B1B9557814C31407A,3804,qml:QtQuick.Dialogs.quickimpl,qml,LIKELY_REQUIRED,PySide6 wheel tree SHA-256 match,,UNKNOWN
Release/External_Test/2026-07-30_audio-validation-fix/Qonic_Audio_v5.0_internal_test/_internal/PySide6/qml/QtQuick/Dialogs/quickimpl/qml/+Fusion/MessageDialog.qml,DCEDED5ABA95415F94697C2402FF1E1F86FF19D89DE58AD98A8285E3745CD1BB,4219,qml:QtQuick.Dialogs.quickimpl,qml,LIKELY_REQUIRED,PySide6 wheel tree SHA-256 match,,UNKNOWN
Release/External_Test/2026-07-30_audio-validation-fix/Qonic_Audio_v5.0_internal_test/_internal/PySide6/qml/QtQuick/Dialogs/quickimpl/qml/+Fusion/SideBar.qml,85F71E0365173534A16130BBE1A0B59C4F7C3CADA64F618D2C8A341CC569D6CD,2992,qml:QtQuick.Dialogs.quickimpl,qml,LIKELY_REQUIRED,PySide6 wheel tree SHA-256 match,,UNKNOWN
Release/External_Test/2026-07-30_audio-validation-fix/Qonic_Audio_v5.0_internal_test/_internal/PySide6/qml/QtQuick/Dialogs/quickimpl/qml/+Imagine/ColorDialog.qml,00672F9BB7395D7B5BBE12C1A7B54696EBBF8379E2C74CD8D5AD4C1891F32198,9550,qml:QtQuick.Dialogs.quickimpl,qml,LIKELY_REQUIRED,PySide6 wheel tree SHA-256 match,,UNKNOWN
Release/External_Test/2026-07-30_audio-validation-fix/Qonic_Audio_v5.0_internal_test/_internal/PySide6/qml/QtQuick/Dialogs/quickimpl/qml/+Imagine/ColorInputs.qml,5017EA3EA5C3DD002C71DD32F60075381621AF595EDC7DF9515F1DFB83AA74EF,1338,qml:QtQuick.Dialogs.quickimpl,qml,LIKELY_REQUIRED,PySide6 wheel tree SHA-256 match,,UNKNOWN
Release/External_Test/2026-07-30_audio-validation-fix/Qonic_Audio_v5.0_internal_test/_internal/PySide6/qml/QtQuick/Dialogs/quickimpl/qml/+Imagine/FileDialog.qml,80232044AF62CFD6726872C875759F12A1BBDA11D89176A6323F0EBC951D7B09,7538,qml:QtQuick.Dialogs.quickimpl,qml,LIKELY_REQUIRED,PySide6 wheel tree SHA-256 match,,UNKNOWN
Release/External_Test/2026-07-30_audio-validation-fix/Qonic_Audio_v5.0_internal_test/_internal/PySide6/qml/QtQuick/Dialogs/quickimpl/qml/+Imagine/FileDialogDelegate.qml,80E2A914BA55C80154DA0D0C31821C30A55E824F243138A068D0D74EBF03AC07,2719,qml:QtQuick.Dialogs.quickimpl,qml,LIKELY_REQUIRED,PySide6 wheel tree SHA-256 match,,UNKNOWN
Release/External_Test/2026-07-30_audio-validation-fix/Qonic_Audio_v5.0_internal_test/_internal/PySide6/qml/QtQuick/Dialogs/quickimpl/qml/+Imagine/FolderBreadcrumbBar.qml,A1BB441910C713D803283A9113A0B9715B01E0BAEF7C166F655F3978D43A5244,2156,qml:QtQuick.Dialogs.quickimpl,qml,LIKELY_REQUIRED,PySide6 wheel tree SHA-256 match,,UNKNOWN
Release/External_Test/2026-07-30_audio-validation-fix/Qonic_Audio_v5.0_internal_test/_internal/PySide6/qml/QtQuick/Dialogs/quickimpl/qml/+Imagine/FolderDialog.qml,8BBCF59A78B1DA79970D187428443E044D67C1B2AEC1594767EEA61B2D2F95D9,4735,qml:QtQuick.Dialogs.quickimpl,qml,LIKELY_REQUIRED,PySide6 wheel tree SHA-256 match,,UNKNOWN
Release/External_Test/2026-07-30_audio-validation-fix/Qonic_Audio_v5.0_internal_test/_internal/PySide6/qml/QtQuick/Dialogs/quickimpl/qml/+Imagine/FolderDialogDelegate.qml,A5F0E29AFF7A4AB8ECFA03050FCFF0C240B20B4452CB788BAD8C1B5B3135EC03,2494,qml:QtQuick.Dialogs.quickimpl,qml,LIKELY_REQUIRED,PySide6 wheel tree SHA-256 match,,UNKNOWN
Release/External_Test/2026-07-30_audio-validation-fix/Qonic_Audio_v5.0_internal_test/_internal/PySide6/qml/QtQuick/Dialogs/quickimpl/qml/+Imagine/FontDialog.qml,5A15282E820A0BFF85461715797F5F1D9BE8746D47A6EE35D74D275D4E6DF562,4424,qml:QtQuick.Dialogs.quickimpl,qml,LIKELY_REQUIRED,PySide6 wheel tree SHA-256 match,,UNKNOWN
Release/External_Test/2026-07-30_audio-validation-fix/Qonic_Audio_v5.0_internal_test/_internal/PySide6/qml/QtQuick/Dialogs/quickimpl/qml/+Imagine/MessageDialog.qml,2B63D7B0FA0734CE2093B6DC125CC9F6A43F7E3E9D89977C31E409C21B0A214D,5066,qml:QtQuick.Dialogs.quickimpl,qml,LIKELY_REQUIRED,PySide6 wheel tree SHA-256 match,,UNKNOWN
Release/External_Test/2026-07-30_audio-validation-fix/Qonic_Audio_v5.0_internal_test/_internal/PySide6/qml/QtQuick/Dialogs/quickimpl/qml/+Imagine/SideBar.qml,6B818FBF86B9EEF2DD32BF167C6D80B7655F912815340BB557796F3D886B1C50,2503,qml:QtQuick.Dialogs.quickimpl,qml,LIKELY_REQUIRED,PySide6 wheel tree SHA-256 match,,UNKNOWN
Release/External_Test/2026-07-30_audio-validation-fix/Qonic_Audio_v5.0_internal_test/_internal/PySide6/qml/QtQuick/Dialogs/quickimpl/qml/+Material/ColorDialog.qml,B7E3976290D79B99D08AD8D9AB0028BD62A0493D65C0873ADF8F02DD64607B1A,8680,qml:QtQuick.Dialogs.quickimpl,qml,LIKELY_REQUIRED,PySide6 wheel tree SHA-256 match,,UNKNOWN
Release/External_Test/2026-07-30_audio-validation-fix/Qonic_Audio_v5.0_internal_test/_internal/PySide6/qml/QtQuick/Dialogs/quickimpl/qml/+Material/ColorInputs.qml,EF4D51E2522D72538392BCC6956283215DCA7D2F1D2E0FE50069B653FCC9FAB0,1497,qml:QtQuick.Dialogs.quickimpl,qml,LIKELY_REQUIRED,PySide6 wheel tree SHA-256 match,,UNKNOWN
Release/External_Test/2026-07-30_audio-validation-fix/Qonic_Audio_v5.0_internal_test/_internal/PySide6/qml/QtQuick/Dialogs/quickimpl/qml/+Material/FileDialog.qml,6788E143027D0B6A8DB4A7C2927D64BB144579F265B827CFB3AD5F8F8654D86F,6671,qml:QtQuick.Dialogs.quickimpl,qml,LIKELY_REQUIRED,PySide6 wheel tree SHA-256 match,,UNKNOWN
Release/External_Test/2026-07-30_audio-validation-fix/Qonic_Audio_v5.0_internal_test/_internal/PySide6/qml/QtQuick/Dialogs/quickimpl/qml/+Material/FileDialogDelegate.qml,E6CAEBCDAB2268A025EFD737F56E28047CC0F67A3413DABBCCC114D1E34739C8,2262,qml:QtQuick.Dialogs.quickimpl,qml,LIKELY_REQUIRED,PySide6 wheel tree SHA-256 match,,UNKNOWN
Release/External_Test/2026-07-30_audio-validation-fix/Qonic_Audio_v5.0_internal_test/_internal/PySide6/qml/QtQuick/Dialogs/quickimpl/qml/+Material/FolderBreadcrumbBar.qml,6FD9CA6A632C55DC92D04199521AADC96F7C3CE0E479415EDAD8149130A272FC,2678,qml:QtQuick.Dialogs.quickimpl,qml,LIKELY_REQUIRED,PySide6 wheel tree SHA-256 match,,UNKNOWN
Release/External_Test/2026-07-30_audio-validation-fix/Qonic_Audio_v5.0_internal_test/_internal/PySide6/qml/QtQuick/Dialogs/quickimpl/qml/+Material/FolderDialog.qml,DE9C366DCD9175B68EA84DF9139EB8F5301CC1E3B10DEB753E8B4709C5AF26FB,3482,qml:QtQuick.Dialogs.quickimpl,qml,LIKELY_REQUIRED,PySide6 wheel tree SHA-256 match,,UNKNOWN
Release/External_Test/2026-07-30_audio-validation-fix/Qonic_Audio_v5.0_internal_test/_internal/PySide6/qml/QtQuick/Dialogs/quickimpl/qml/+Material/FolderDialogDelegate.qml,27616ED7CA356D8EE14D786F45AEE4466766BA745897392902A181841F8064BB,2041,qml:QtQuick.Dialogs.quickimpl,qml,LIKELY_REQUIRED,PySide6 wheel tree SHA-256 match,,UNKNOWN
Release/External_Test/2026-07-30_audio-validation-fix/Qonic_Audio_v5.0_internal_test/_internal/PySide6/qml/QtQuick/Dialogs/quickimpl/qml/+Material/FontDialog.qml,62505501116E3A7BCD5F3DCC0B655DB93C140D78F1433CD54CC758858F6F59FB,3393,qml:QtQuick.Dialogs.quickimpl,qml,LIKELY_REQUIRED,PySide6 wheel tree SHA-256 match,,UNKNOWN
Release/External_Test/2026-07-30_audio-validation-fix/Qonic_Audio_v5.0_internal_test/_internal/PySide6/qml/QtQuick/Dialogs/quickimpl/qml/+Material/MessageDialog.qml,66B6E5CC4517C08AD736DAE9076696A8C134E07B084A13D7690A15D0A302D428,4284,qml:QtQuick.Dialogs.quickimpl,qml,LIKELY_REQUIRED,PySide6 wheel tree SHA-256 match,,UNKNOWN
Release/External_Test/2026-07-30_audio-validation-fix/Qonic_Audio_v5.0_internal_test/_internal/PySide6/qml/QtQuick/Dialogs/quickimpl/qml/+Material/SideBar.qml,363125F4BE2E2CABD5A57A3405AC7986FDE11213254A05EF1602BCD309D3F422,2669,qml:QtQuick.Dialogs.quickimpl,qml,LIKELY_REQUIRED,PySide6 wheel tree SHA-256 match,,UNKNOWN
Release/External_Test/2026-07-30_audio-validation-fix/Qonic_Audio_v5.0_internal_test/_internal/PySide6/qml/QtQuick/Dialogs/quickimpl/qml/+Universal/ColorDialog.qml,45BFB3055D86F02BB2C44ECA4B40662ED9B47F3EEE9D1F88EDEC296AA7E81AD3,9056,qml:QtQuick.Dialogs.quickimpl,qml,LIKELY_REQUIRED,PySide6 wheel tree SHA-256 match,,UNKNOWN
Release/External_Test/2026-07-30_audio-validation-fix/Qonic_Audio_v5.0_internal_test/_internal/PySide6/qml/QtQuick/Dialogs/quickimpl/qml/+Universal/ColorInputs.qml,13959B7D2A3E1E93B782360293B0E47BFA0E78F6949CAD98B7DCBFCE8722F5C1,1233,qml:QtQuick.Dialogs.quickimpl,qml,LIKELY_REQUIRED,PySide6 wheel tree SHA-256 match,,UNKNOWN
Release/External_Test/2026-07-30_audio-validation-fix/Qonic_Audio_v5.0_internal_test/_internal/PySide6/qml/QtQuick/Dialogs/quickimpl/qml/+Universal/FileDialog.qml,3DF327E4730BE44AFBF3A28A68D79AC82C9E4A15F257000E922AA141F919AD7C,6635,qml:QtQuick.Dialogs.quickimpl,qml,LIKELY_REQUIRED,PySide6 wheel tree SHA-256 match,,UNKNOWN
Release/External_Test/2026-07-30_audio-validation-fix/Qonic_Audio_v5.0_internal_test/_internal/PySide6/qml/QtQuick/Dialogs/quickimpl/qml/+Universal/FileDialogDelegate.qml,D9B9769F078202B98EE17C116FD509D41E81C956BBD062E9EFD8A7A93C2EBDEA,2262,qml:QtQuick.Dialogs.quickimpl,qml,LIKELY_REQUIRED,PySide6 wheel tree SHA-256 match,,UNKNOWN
Release/External_Test/2026-07-30_audio-validation-fix/Qonic_Audio_v5.0_internal_test/_internal/PySide6/qml/QtQuick/Dialogs/quickimpl/qml/+Universal/FolderBreadcrumbBar.qml,7598316CDED6DF01E06BB3AA4FEFFC180C0BF7CCA6BC3015B9219F080CBB41B7,2612,qml:QtQuick.Dialogs.quickimpl,qml,LIKELY_REQUIRED,PySide6 wheel tree SHA-256 match,,UNKNOWN
Release/External_Test/2026-07-30_audio-validation-fix/Qonic_Audio_v5.0_internal_test/_internal/PySide6/qml/QtQuick/Dialogs/quickimpl/qml/+Universal/FolderDialog.qml,4E4C3898DF64A3273F9282300F0CA97C2F10545E8CD2C813117A9DCB37C19A0D,3877,qml:QtQuick.Dialogs.quickimpl,qml,LIKELY_REQUIRED,PySide6 wheel tree SHA-256 match,,UNKNOWN
Release/External_Test/2026-07-30_audio-validation-fix/Qonic_Audio_v5.0_internal_test/_internal/PySide6/qml/QtQuick/Dialogs/quickimpl/qml/+Universal/FolderDialogDelegate.qml,0445EF4356C8082897A1F9E5D0090DA9EB098E07AA9D182176328736EFE18550,2056,qml:QtQuick.Dialogs.quickimpl,qml,LIKELY_REQUIRED,PySide6 wheel tree SHA-256 match,,UNKNOWN
Release/External_Test/2026-07-30_audio-validation-fix/Qonic_Audio_v5.0_internal_test/_internal/PySide6/qml/QtQuick/Dialogs/quickimpl/qml/+Universal/FontDialog.qml,14BE58D55F57BD3D5C337F233CA5FB90D42733ADB973EAE0281B2FFE1C6F250E,3587,qml:QtQuick.Dialogs.quickimpl,qml,LIKELY_REQUIRED,PySide6 wheel tree SHA-256 match,,UNKNOWN
Release/External_Test/2026-07-30_audio-validation-fix/Qonic_Audio_v5.0_internal_test/_internal/PySide6/qml/QtQuick/Dialogs/quickimpl/qml/+Universal/MessageDialog.qml,E80EB20955AE0CB7EC26A55892E864B60358906B49F13EB0C2186CE1ED7D2B15,4107,qml:QtQuick.Dialogs.quickimpl,qml,LIKELY_REQUIRED,PySide6 wheel tree SHA-256 match,,UNKNOWN
Release/External_Test/2026-07-30_audio-validation-fix/Qonic_Audio_v5.0_internal_test/_internal/PySide6/qml/QtQuick/Dialogs/quickimpl/qml/+Universal/SideBar.qml,999859B631E3814BE467BE6CB837F0CAA21B73B7D7E7D1BF768FA171654EDE17,2669,qml:QtQuick.Dialogs.quickimpl,qml,LIKELY_REQUIRED,PySide6 wheel tree SHA-256 match,,UNKNOWN
Release/External_Test/2026-07-30_audio-validation-fix/Qonic_Audio_v5.0_internal_test/_internal/PySide6/qml/QtQuick/Dialogs/quickimpl/qml/ColorDialog.qml,57A361A31EB8202ACC37BEEE16639BB5FEC052DEF3367D2272DC56F7EA6E4B90,9301,qml:QtQuick.Dialogs.quickimpl,qml,LIKELY_REQUIRED,PySide6 wheel tree SHA-256 match,,UNKNOWN
Release/External_Test/2026-07-30_audio-validation-fix/Qonic_Audio_v5.0_internal_test/_internal/PySide6/qml/QtQuick/Dialogs/quickimpl/qml/ColorInputs.qml,2C3A9142D19AD11CA62FD38DDA4F40D3E23A37B931E5707D4E4B77E3E615DA36,1247,qml:QtQuick.Dialogs.quickimpl,qml,LIKELY_REQUIRED,PySide6 wheel tree SHA-256 match,,UNKNOWN
Release/External_Test/2026-07-30_audio-validation-fix/Qonic_Audio_v5.0_internal_test/_internal/PySide6/qml/QtQuick/Dialogs/quickimpl/qml/DelegateBackground.qml,2C8FFFD722E293FB682BF48A6656D61283422A383B52F7841185FC58A79BB591,645,qml:QtQuick.Dialogs.quickimpl,qml,LIKELY_REQUIRED,PySide6 wheel tree SHA-256 match,,UNKNOWN
Release/External_Test/2026-07-30_audio-validation-fix/Qonic_Audio_v5.0_internal_test/_internal/PySide6/qml/QtQuick/Dialogs/quickimpl/qml/FileDialog.qml,5370FB37ADC2647993A0A06F4130AF6FD7F0307E719EA395DDC9C93EE04D9058,7513,qml:QtQuick.Dialogs.quickimpl,qml,LIKELY_REQUIRED,PySide6 wheel tree SHA-256 match,,UNKNOWN
Release/External_Test/2026-07-30_audio-validation-fix/Qonic_Audio_v5.0_internal_test/_internal/PySide6/qml/QtQuick/Dialogs/quickimpl/qml/FileDialogDelegate.qml,ECA7EDB1A451165FAB42F55F2C14AC196BE94228CFAA8545A1F87E95806AD2FD,1885,qml:QtQuick.Dialogs.quickimpl,qml,LIKELY_REQUIRED,PySide6 wheel tree SHA-256 match,,UNKNOWN
Release/External_Test/2026-07-30_audio-validation-fix/Qonic_Audio_v5.0_internal_test/_internal/PySide6/qml/QtQuick/Dialogs/quickimpl/qml/FileDialogDelegateLabel.qml,147A0EA50A4B10C5820D1B3F07644C6231BF4BC42FC3291D71D4091B6458760F,2494,qml:QtQuick.Dialogs.quickimpl,qml,LIKELY_REQUIRED,PySide6 wheel tree SHA-256 match,,UNKNOWN
Release/External_Test/2026-07-30_audio-validation-fix/Qonic_Audio_v5.0_internal_test/_internal/PySide6/qml/QtQuick/Dialogs/quickimpl/qml/FolderBreadcrumbBar.qml,C5B2867EB4AC0F4A3BA833CEDA942A5E9FEF1080EA64C07164E9ADBF437140B8,2598,qml:QtQuick.Dialogs.quickimpl,qml,LIKELY_REQUIRED,PySide6 wheel tree SHA-256 match,,UNKNOWN
Release/External_Test/2026-07-30_audio-validation-fix/Qonic_Audio_v5.0_internal_test/_internal/PySide6/qml/QtQuick/Dialogs/quickimpl/qml/FolderDialog.qml,A98A939C4BAE67E2DA113B15B08A79D1B8D47AF5E7BA840D5E1B90A43EB17845,3622,qml:QtQuick.Dialogs.quickimpl,qml,LIKELY_REQUIRED,PySide6 wheel tree SHA-256 match,,UNKNOWN
Release/External_Test/2026-07-30_audio-validation-fix/Qonic_Audio_v5.0_internal_test/_internal/PySide6/qml/QtQuick/Dialogs/quickimpl/qml/FolderDialogDelegate.qml,E6F6FA019358CE48EF34567F1CFAFFF3BC2FEAE8825CDC0A21171A916861D40B,1980,qml:QtQuick.Dialogs.quickimpl,qml,LIKELY_REQUIRED,PySide6 wheel tree SHA-256 match,,UNKNOWN
Release/External_Test/2026-07-30_audio-validation-fix/Qonic_Audio_v5.0_internal_test/_internal/PySide6/qml/QtQuick/Dialogs/quickimpl/qml/FolderDialogDelegateLabel.qml,F108A9ECE81B43747E9F2CB84CC4A83CBD3D49832205045E395D5A2E33C4EA00,1736,qml:QtQuick.Dialogs.quickimpl,qml,LIKELY_REQUIRED,PySide6 wheel tree SHA-256 match,,UNKNOWN
Release/External_Test/2026-07-30_audio-validation-fix/Qonic_Audio_v5.0_internal_test/_internal/PySide6/qml/QtQuick/Dialogs/quickimpl/qml/FontDialog.qml,1331B0D8AE61B28C782C945023965B5D84049D8122912C0B10625E982A3830B1,3935,qml:QtQuick.Dialogs.quickimpl,qml,LIKELY_REQUIRED,PySide6 wheel tree SHA-256 match,,UNKNOWN
Release/External_Test/2026-07-30_audio-validation-fix/Qonic_Audio_v5.0_internal_test/_internal/PySide6/qml/QtQuick/Dialogs/quickimpl/qml/FontDialogContent.qml,922924A18B2AD614DE694969ACEF2D8D40143CBD216D43B33E250CB0F8CC28FE,6997,qml:QtQuick.Dialogs.quickimpl,qml,LIKELY_REQUIRED,PySide6 wheel tree SHA-256 match,,UNKNOWN
Release/External_Test/2026-07-30_audio-validation-fix/Qonic_Audio_v5.0_internal_test/_internal/PySide6/qml/QtQuick/Dialogs/quickimpl/qml/HueGradient.qml,C814ED9C23D4C786F8C91DF02B016796656854246F6A06F3C251C87431946B29,778,qml:QtQuick.Dialogs.quickimpl,qml,LIKELY_REQUIRED,PySide6 wheel tree SHA-256 match,,UNKNOWN
Release/External_Test/2026-07-30_audio-validation-fix/Qonic_Audio_v5.0_internal_test/_internal/PySide6/qml/QtQuick/Dialogs/quickimpl/qml/MessageDialog.qml,408DF26FBF7748F90BAA7F3D0C19F598F01D9F4E9538A11A9BF977B5C77E8007,4246,qml:QtQuick.Dialogs.quickimpl,qml,LIKELY_REQUIRED,PySide6 wheel tree SHA-256 match,,UNKNOWN
Release/External_Test/2026-07-30_audio-validation-fix/Qonic_Audio_v5.0_internal_test/_internal/PySide6/qml/QtQuick/Dialogs/quickimpl/qml/PickerHandle.qml,69EC265FF60732B42923C8F076EB3D2E388BE1E6D940E8ECE7E6953D94F79149,862,qml:QtQuick.Dialogs.quickimpl,qml,LIKELY_REQUIRED,PySide6 wheel tree SHA-256 match,,UNKNOWN
Release/External_Test/2026-07-30_audio-validation-fix/Qonic_Audio_v5.0_internal_test/_internal/PySide6/qml/QtQuick/Dialogs/quickimpl/qml/SaturationLightnessPicker.qml,AD8AD8076E105AB38BD45BB8BA472BD3EF8244AFC6121281D3DA225804E6CA49,1171,qml:QtQuick.Dialogs.quickimpl,qml,LIKELY_REQUIRED,PySide6 wheel tree SHA-256 match,,UNKNOWN
Release/External_Test/2026-07-30_audio-validation-fix/Qonic_Audio_v5.0_internal_test/_internal/PySide6/qml/QtQuick/Dialogs/quickimpl/qml/SideBar.qml,60CFC7F7CAF86D553A2BFC704B40B854FC2D667E3433A0D425E912DC27662E51,3329,qml:QtQuick.Dialogs.quickimpl,qml,LIKELY_REQUIRED,PySide6 wheel tree SHA-256 match,,UNKNOWN
Release/External_Test/2026-07-30_audio-validation-fix/Qonic_Audio_v5.0_internal_test/_internal/PySide6/qml/QtQuick/Dialogs/quickimpl/qmldir,A75375E60F51029915F99B3F6ED97B68B5DD3350056FA1F3EC444A18C4F96CF8,3152,qml:QtQuick.Dialogs.quickimpl,qml,LIKELY_REQUIRED,PySide6 wheel tree SHA-256 match,,UNKNOWN
Release/External_Test/2026-07-30_audio-validation-fix/Qonic_Audio_v5.0_internal_test/_internal/PySide6/qml/QtQuick/Dialogs/quickimpl/qtquickdialogs2quickimplplugin.dll,21BC0B6C01E3D6087D7B07EA68E53B654CAA504241047E7752458FA3296DEB1B,30520,qml:QtQuick.Dialogs.quickimpl,qml,LIKELY_REQUIRED,PySide6 wheel tree SHA-256 match,,UNKNOWN
Release/External_Test/2026-07-30_audio-validation-fix/Qonic_Audio_v5.0_internal_test/_internal/PySide6/qml/QtQuick/Effects/effectsplugin.dll,2E755E5238C66273016A901E581D66DB460667F63B38199DD32864C6CEDCF875,30520,qml:QtQuick.Effects,qml,LIKELY_REQUIRED,PySide6 wheel tree SHA-256 match,,UNKNOWN
Release/External_Test/2026-07-30_audio-validation-fix/Qonic_Audio_v5.0_internal_test/_internal/PySide6/qml/QtQuick/Effects/plugins.qmltypes,2B4A337FD3E5FC9AC40AFB872AE1111087FAEE02C3480B368010048D7E186BF0,14536,qml:QtQuick.Effects,qml,LIKELY_REQUIRED,PySide6 wheel tree SHA-256 match,,UNKNOWN
Release/External_Test/2026-07-30_audio-validation-fix/Qonic_Audio_v5.0_internal_test/_internal/PySide6/qml/QtQuick/Effects/qmldir,AC0C9015D65B328279EB9F39FFD189CE79CF4991B4D3BE44CE4E9DB0A975676C,219,qml:QtQuick.Effects,qml,LIKELY_REQUIRED,PySide6 wheel tree SHA-256 match,,UNKNOWN
Release/External_Test/2026-07-30_audio-validation-fix/Qonic_Audio_v5.0_internal_test/_internal/PySide6/qml/QtQuick/Layouts/plugins.qmltypes,C762C4ABBD33A622E6B3E39A12F0262053673FD3B69EC88F319FF66F5B33E7E5,28254,qml:QtQuick.Layouts,qml,LIKELY_REQUIRED,PySide6 wheel tree SHA-256 match,,UNKNOWN
Release/External_Test/2026-07-30_audio-validation-fix/Qonic_Audio_v5.0_internal_test/_internal/PySide6/qml/QtQuick/Layouts/qmldir,BE7BC0D0DEFD3037FD4493987ADE323210F191BAD527255EB32D1DF15B1B8EDF,250,qml:QtQuick.Layouts,qml,LIKELY_REQUIRED,PySide6 wheel tree SHA-256 match,,UNKNOWN
Release/External_Test/2026-07-30_audio-validation-fix/Qonic_Audio_v5.0_internal_test/_internal/PySide6/qml/QtQuick/Layouts/qquicklayoutsplugin.dll,E769080BC4ED1B529690C8F0DD4EB2511462F56CC29B1A8D861F91153430F067,30520,qml:QtQuick.Layouts,qml,LIKELY_REQUIRED,PySide6 wheel tree SHA-256 match,,UNKNOWN
Release/External_Test/2026-07-30_audio-validation-fix/Qonic_Audio_v5.0_internal_test/_internal/PySide6/qml/QtQuick/LocalStorage/plugins.qmltypes,BEB815F52FA0AD8D93C6807DCB45B59246584D7D9A03AF4F16A8FEEDFDD13027,727,qml:QtQuick.LocalStorage,qml,LIKELY_REQUIRED,PySide6 wheel tree SHA-256 match,,UNKNOWN
Release/External_Test/2026-07-30_audio-validation-fix/Qonic_Audio_v5.0_internal_test/_internal/PySide6/qml/QtQuick/LocalStorage/qmldir,C683A7CD4D8A8B03323A11B934E0034C9C87A35A17CB3C703B7E7C936368F407,225,qml:QtQuick.LocalStorage,qml,LIKELY_REQUIRED,PySide6 wheel tree SHA-256 match,,UNKNOWN
Release/External_Test/2026-07-30_audio-validation-fix/Qonic_Audio_v5.0_internal_test/_internal/PySide6/qml/QtQuick/LocalStorage/qmllocalstorageplugin.dll,878FC2191DF523970C597BEFE24909D3F993203F999E2A1384C352F3F7FF3CD2,30520,qml:QtQuick.LocalStorage,qml,LIKELY_REQUIRED,PySide6 wheel tree SHA-256 match,,UNKNOWN
Release/External_Test/2026-07-30_audio-validation-fix/Qonic_Audio_v5.0_internal_test/_internal/PySide6/qml/QtQuick/NativeStyle/controls/DefaultButton.qml,7B4004BEAF444B4D8DD68B73DD215E66346C06D1B62CEBB75C2D419EB6B827C3,1826,qml:QtQuick.NativeStyle.controls,qml,LIKELY_REQUIRED,PySide6 wheel tree SHA-256 match,,UNKNOWN
Release/External_Test/2026-07-30_audio-validation-fix/Qonic_Audio_v5.0_internal_test/_internal/PySide6/qml/QtQuick/NativeStyle/controls/DefaultCheckBox.qml,12237AB271C70C46069FE49ADB4524C7D807F9D866FC37E4441ADB30F57D9FA7,2558,qml:QtQuick.NativeStyle.controls,qml,LIKELY_REQUIRED,PySide6 wheel tree SHA-256 match,,UNKNOWN
Release/External_Test/2026-07-30_audio-validation-fix/Qonic_Audio_v5.0_internal_test/_internal/PySide6/qml/QtQuick/NativeStyle/controls/DefaultComboBox.qml,BB2575879334259B774C3C3EF950A5226C7CCDFC84B7ACEBDBFD0775D9EF62A0,3978,qml:QtQuick.NativeStyle.controls,qml,LIKELY_REQUIRED,PySide6 wheel tree SHA-256 match,,UNKNOWN
Release/External_Test/2026-07-30_audio-validation-fix/Qonic_Audio_v5.0_internal_test/_internal/PySide6/qml/QtQuick/NativeStyle/controls/DefaultDial.qml,1E42538DBC1E70DDFD44E071E9678FAFE8E823CAA63AF1AF6A1BAC4D6C43F2E4,1079,qml:QtQuick.NativeStyle.controls,qml,LIKELY_REQUIRED,PySide6 wheel tree SHA-256 match,,UNKNOWN
Release/External_Test/2026-07-30_audio-validation-fix/Qonic_Audio_v5.0_internal_test/_internal/PySide6/qml/QtQuick/NativeStyle/controls/DefaultDoubleSpinBox.qml,C9B6B581D4A8A4D05E96268FB11CF17F93F1918CC3269C7C5A3E675A50CD6E59,2731,qml:QtQuick.NativeStyle.controls,qml,LIKELY_REQUIRED,PySide6 wheel tree SHA-256 match,,UNKNOWN
Release/External_Test/2026-07-30_audio-validation-fix/Qonic_Audio_v5.0_internal_test/_internal/PySide6/qml/QtQuick/NativeStyle/controls/DefaultFrame.qml,9DDF2E14ADBE2C2A5B5B5FC92EF14C0D2A2F1BE102B3CA3BB40B14C62BAAF518,1331,qml:QtQuick.NativeStyle.controls,qml,LIKELY_REQUIRED,PySide6 wheel tree SHA-256 match,,UNKNOWN
Release/External_Test/2026-07-30_audio-validation-fix/Qonic_Audio_v5.0_internal_test/_internal/PySide6/qml/QtQuick/NativeStyle/controls/DefaultGroupBox.qml,6D2A06510AF49ED8D961FFCEFCC2E885A9C5CD214B6257C848346CD5BC774433,2386,qml:QtQuick.NativeStyle.controls,qml,LIKELY_REQUIRED,PySide6 wheel tree SHA-256 match,,UNKNOWN
Release/External_Test/2026-07-30_audio-validation-fix/Qonic_Audio_v5.0_internal_test/_internal/PySide6/qml/QtQuick/NativeStyle/controls/DefaultItemDelegate.qml,5F3C8ADB7321E56754DE15A3AC0D96C404C4B76907080DD4DB96465F6B62BB3C,1138,qml:QtQuick.NativeStyle.controls,qml,LIKELY_REQUIRED,PySide6 wheel tree SHA-256 match,,UNKNOWN
Release/External_Test/2026-07-30_audio-validation-fix/Qonic_Audio_v5.0_internal_test/_internal/PySide6/qml/QtQuick/NativeStyle/controls/DefaultItemDelegateIconLabel.qml,3FE41D657E0051842891FA9F36988035ECFC61AF1CDB7139D73A58CF2EC04B0B,906,qml:QtQuick.NativeStyle.controls,qml,LIKELY_REQUIRED,PySide6 wheel tree SHA-256 match,,UNKNOWN
Release/External_Test/2026-07-30_audio-validation-fix/Qonic_Audio_v5.0_internal_test/_internal/PySide6/qml/QtQuick/NativeStyle/controls/DefaultProgressBar.qml,EF49535B9FA7462503D3FB914B88409ED6D7236E6B38050DC74D4AD6BDD5C892,1030,qml:QtQuick.NativeStyle.controls,qml,LIKELY_REQUIRED,PySide6 wheel tree SHA-256 match,,UNKNOWN
Release/External_Test/2026-07-30_audio-validation-fix/Qonic_Audio_v5.0_internal_test/_internal/PySide6/qml/QtQuick/NativeStyle/controls/DefaultRadioButton.qml,5521A6054EBCBA64DFBDE755E25C6CF86BF3586E5E6F4F4FB6B04CC049BB43CA,2419,qml:QtQuick.NativeStyle.controls,qml,LIKELY_REQUIRED,PySide6 wheel tree SHA-256 match,,UNKNOWN
Release/External_Test/2026-07-30_audio-validation-fix/Qonic_Audio_v5.0_internal_test/_internal/PySide6/qml/QtQuick/NativeStyle/controls/DefaultRadioDelegate.qml,185F145B17A6FBA26DE8795B0164E6E7970B8592A95AE7FD5F06303BFC4F55E0,2101,qml:QtQuick.NativeStyle.controls,qml,LIKELY_REQUIRED,PySide6 wheel tree SHA-256 match,,UNKNOWN
Release/External_Test/2026-07-30_audio-validation-fix/Qonic_Audio_v5.0_internal_test/_internal/PySide6/qml/QtQuick/NativeStyle/controls/DefaultScrollBar.qml,05DB4E9BF893442250364F7FCC3860D97FCBDEA45C8CBF8E198EF77459764053,1287,qml:QtQuick.NativeStyle.controls,qml,LIKELY_REQUIRED,PySide6 wheel tree SHA-256 match,,UNKNOWN
Release/External_Test/2026-07-30_audio-validation-fix/Qonic_Audio_v5.0_internal_test/_internal/PySide6/qml/QtQuick/NativeStyle/controls/DefaultSearchField.qml,9E0BF13EAF707D40F9D649A77D165A5E07ED938469E35B1001ACE8426519D2EA,4529,qml:QtQuick.NativeStyle.controls,qml,LIKELY_REQUIRED,PySide6 wheel tree SHA-256 match,,UNKNOWN
Release/External_Test/2026-07-30_audio-validation-fix/Qonic_Audio_v5.0_internal_test/_internal/PySide6/qml/QtQuick/NativeStyle/controls/DefaultSlider.qml,A24696FF297C9D010673D27BA4D76E8811BD0C4C27AFEC379D18813316DB600F,1889,qml:QtQuick.NativeStyle.controls,qml,LIKELY_REQUIRED,PySide6 wheel tree SHA-256 match,,UNKNOWN
Release/External_Test/2026-07-30_audio-validation-fix/Qonic_Audio_v5.0_internal_test/_internal/PySide6/qml/QtQuick/NativeStyle/controls/DefaultSpinBox.qml,AA2334FA8D5F235CF09D9A85097F9343B8A21D14A0B0CC24CB53C321B2D9F926,2650,qml:QtQuick.NativeStyle.controls,qml,LIKELY_REQUIRED,PySide6 wheel tree SHA-256 match,,UNKNOWN
Release/External_Test/2026-07-30_audio-validation-fix/Qonic_Audio_v5.0_internal_test/_internal/PySide6/qml/QtQuick/NativeStyle/controls/DefaultTextArea.qml,499B8C5865C5F9309E440A6B70306F581BFCF532369E8008732695CE93FBA2CE,2025,qml:QtQuick.NativeStyle.controls,qml,LIKELY_REQUIRED,PySide6 wheel tree SHA-256 match,,UNKNOWN
Release/External_Test/2026-07-30_audio-validation-fix/Qonic_Audio_v5.0_internal_test/_internal/PySide6/qml/QtQuick/NativeStyle/controls/DefaultTextField.qml,1080C1BBDA01A8AAAF343B6FD2CF7A94867D6DC782EE65F5F6A153C1FE5B1270,2396,qml:QtQuick.NativeStyle.controls,qml,LIKELY_REQUIRED,PySide6 wheel tree SHA-256 match,,UNKNOWN
Release/External_Test/2026-07-30_audio-validation-fix/Qonic_Audio_v5.0_internal_test/_internal/PySide6/qml/QtQuick/NativeStyle/controls/DefaultTreeViewDelegate.qml,C0965E05A7F5D24C856C05A3A3D8C390131C8ECB85EF86918A1C3D57AABE71E9,4109,qml:QtQuick.NativeStyle.controls,qml,LIKELY_REQUIRED,PySide6 wheel tree SHA-256 match,,UNKNOWN
Release/External_Test/2026-07-30_audio-validation-fix/Qonic_Audio_v5.0_internal_test/_internal/PySide6/qml/QtQuick/NativeStyle/controls/qmldir,76710057651F2315954BC95608018390048ABC1ACABC9E40D9F9384DAC3F3021,54,qml:QtQuick.NativeStyle.controls,qml,LIKELY_REQUIRED,PySide6 wheel tree SHA-256 match,,UNKNOWN
Release/External_Test/2026-07-30_audio-validation-fix/Qonic_Audio_v5.0_internal_test/_internal/PySide6/qml/QtQuick/NativeStyle/plugins.qmltypes,CE5C091FA24931D8F741A4D105958136C059B7A2373DD54BC4E2792C628CF989,13374,qml:QtQuick.NativeStyle,qml,LIKELY_REQUIRED,PySide6 wheel tree SHA-256 match,,UNKNOWN
Release/External_Test/2026-07-30_audio-validation-fix/Qonic_Audio_v5.0_internal_test/_internal/PySide6/qml/QtQuick/NativeStyle/qmldir,86B6AEBE40E19EB1002A658C5C364A2ABB2E8C98B562146B4250BFFE913B88BC,2468,qml:QtQuick.NativeStyle,qml,LIKELY_REQUIRED,PySide6 wheel tree SHA-256 match,,UNKNOWN
Release/External_Test/2026-07-30_audio-validation-fix/Qonic_Audio_v5.0_internal_test/_internal/PySide6/qml/QtQuick/NativeStyle/qtquickcontrols2nativestyleplugin.dll,9D5B05E0CB4066ACB62AE9AE79242F952E94BD054A7B1A86E48285712915C197,973112,qml:QtQuick.NativeStyle,qml,LIKELY_REQUIRED,PySide6 wheel tree SHA-256 match,,UNKNOWN
Release/External_Test/2026-07-30_audio-validation-fix/Qonic_Audio_v5.0_internal_test/_internal/PySide6/qml/QtQuick/NativeStyle/util/qmldir,76710057651F2315954BC95608018390048ABC1ACABC9E40D9F9384DAC3F3021,54,qml:QtQuick.NativeStyle.util,qml,LIKELY_REQUIRED,PySide6 wheel tree SHA-256 match,,UNKNOWN
Release/External_Test/2026-07-30_audio-validation-fix/Qonic_Audio_v5.0_internal_test/_internal/PySide6/qml/QtQuick/NativeStyle/util/WindowsFocusFrame.qml,55F739090DCB477403229CB03BB03960272906CE565329D056837FE3D4962593,1642,qml:QtQuick.NativeStyle.util,qml,LIKELY_REQUIRED,PySide6 wheel tree SHA-256 match,,UNKNOWN
Release/External_Test/2026-07-30_audio-validation-fix/Qonic_Audio_v5.0_internal_test/_internal/PySide6/qml/QtQuick/Particles/particlesplugin.dll,033964BA468EDE5B8DC57A2D2984311CB7888D0625273B0B21F99090C93E4090,30520,qml:QtQuick.Particles,qml,LIKELY_REQUIRED,PySide6 wheel tree SHA-256 match,,UNKNOWN
Release/External_Test/2026-07-30_audio-validation-fix/Qonic_Audio_v5.0_internal_test/_internal/PySide6/qml/QtQuick/Particles/plugins.qmltypes,90C2AC9C288832DD8E239B596A6FB21CCF301FDF4AF8108A3B9EBAD6244962E0,87161,qml:QtQuick.Particles,qml,LIKELY_REQUIRED,PySide6 wheel tree SHA-256 match,,UNKNOWN
Release/External_Test/2026-07-30_audio-validation-fix/Qonic_Audio_v5.0_internal_test/_internal/PySide6/qml/QtQuick/Particles/qmldir,0A72DCE447300737FA8489363F8B6293BD050BD3DAB0188FB6AE3C44AE0C2237,230,qml:QtQuick.Particles,qml,LIKELY_REQUIRED,PySide6 wheel tree SHA-256 match,,UNKNOWN
Release/External_Test/2026-07-30_audio-validation-fix/Qonic_Audio_v5.0_internal_test/_internal/PySide6/qml/QtQuick/Pdf/+Material/PdfStyle.qml,8CA671485000BDB21EC21A0E18325127E72A078F4A3F00BA2F4FDD2626B7DB2E,695,qml:QtQuick.Pdf.+Material,qml,LIKELY_REQUIRED,PySide6 wheel tree SHA-256 match,,UNKNOWN
Release/External_Test/2026-07-30_audio-validation-fix/Qonic_Audio_v5.0_internal_test/_internal/PySide6/qml/QtQuick/Pdf/+Universal/PdfStyle.qml,B9F98C4128139D6FDC8724F23011AB0A54E405C046737ED10CC11EB8ABD07761,688,qml:QtQuick.Pdf.+Universal,qml,LIKELY_REQUIRED,PySide6 wheel tree SHA-256 match,,UNKNOWN
Release/External_Test/2026-07-30_audio-validation-fix/Qonic_Audio_v5.0_internal_test/_internal/PySide6/qml/QtQuick/Pdf/PdfLinkDelegate.qml,CE6B7132F607D6E3F03CAB51DBA1BA17046275150D9D27CB6162783E67CC2AED,2674,qml:QtQuick.Pdf,qml,LIKELY_REQUIRED,PySide6 wheel tree SHA-256 match,,UNKNOWN
Release/External_Test/2026-07-30_audio-validation-fix/Qonic_Audio_v5.0_internal_test/_internal/PySide6/qml/QtQuick/Pdf/PdfMultiPageView.qml,D8708AFDD9E63387093BD3695677C321C84E1784C29F2D52BF14B7625321E8AC,29645,qml:QtQuick.Pdf,qml,LIKELY_REQUIRED,PySide6 wheel tree SHA-256 match,,UNKNOWN
Release/External_Test/2026-07-30_audio-validation-fix/Qonic_Audio_v5.0_internal_test/_internal/PySide6/qml/QtQuick/Pdf/PdfPageView.qml,1ED601528632E447A16373466AC94D3563886DFB46B2C0695DAA3901FC14FEA3,14834,qml:QtQuick.Pdf,qml,LIKELY_REQUIRED,PySide6 wheel tree SHA-256 match,,UNKNOWN
Release/External_Test/2026-07-30_audio-validation-fix/Qonic_Audio_v5.0_internal_test/_internal/PySide6/qml/QtQuick/Pdf/pdfquickplugin.dll,CCC8B6F5CD8307ED9B1FF7D29F061E8DD8FE5E15A280A4EA01EEFDB3880224F2,30520,qml:QtQuick.Pdf,qml,LIKELY_REQUIRED,PySide6 wheel tree SHA-256 match,,UNKNOWN
Release/External_Test/2026-07-30_audio-validation-fix/Qonic_Audio_v5.0_internal_test/_internal/PySide6/qml/QtQuick/Pdf/PdfScrollablePageView.qml,F2E8B9C25C963FE9A295029B419104718CD3C42BFFD720EC462FD99C3088AE96,18831,qml:QtQuick.Pdf,qml,LIKELY_REQUIRED,PySide6 wheel tree SHA-256 match,,UNKNOWN
Release/External_Test/2026-07-30_audio-validation-fix/Qonic_Audio_v5.0_internal_test/_internal/PySide6/qml/QtQuick/Pdf/PdfStyle.qml,F13DE9B452123FB6E20E2499F79D8C57A30E93F5B22B34A9FC8E91720AE091CB,2496,qml:QtQuick.Pdf,qml,LIKELY_REQUIRED,PySide6 wheel tree SHA-256 match,,UNKNOWN
Release/External_Test/2026-07-30_audio-validation-fix/Qonic_Audio_v5.0_internal_test/_internal/PySide6/qml/QtQuick/Pdf/plugins.qmltypes,17656AF3A69886391F485297CFF2B4D76D76DF5C1C753AE5F81190BF6C1BDD1B,26606,qml:QtQuick.Pdf,qml,LIKELY_REQUIRED,PySide6 wheel tree SHA-256 match,,UNKNOWN
Release/External_Test/2026-07-30_audio-validation-fix/Qonic_Audio_v5.0_internal_test/_internal/PySide6/qml/QtQuick/Pdf/qmldir,D5297A49FCE97827B73DD06C501572275F5D4C7A606532270E87328044634699,754,qml:QtQuick.Pdf,qml,LIKELY_REQUIRED,PySide6 wheel tree SHA-256 match,,UNKNOWN
Release/External_Test/2026-07-30_audio-validation-fix/Qonic_Audio_v5.0_internal_test/_internal/PySide6/qml/QtQuick/plugins.qmltypes,CE77D3FB4CCB34EB9BD732C8BE7AECA26415FAFB595B96D10DC804A5E3E59127,663028,qml:QtQuick,qml,LIKELY_REQUIRED,PySide6 wheel tree SHA-256 match,,UNKNOWN
Release/External_Test/2026-07-30_audio-validation-fix/Qonic_Audio_v5.0_internal_test/_internal/PySide6/qml/QtQuick/qmldir,137C386F9B2BA49FB3A3417B55096F6F1BD15A794A98613A862B490A6FE4FA79,215,qml:QtQuick,qml,LIKELY_REQUIRED,PySide6 wheel tree SHA-256 match,,UNKNOWN
Release/External_Test/2026-07-30_audio-validation-fix/Qonic_Audio_v5.0_internal_test/_internal/PySide6/qml/QtQuick/qtquick2plugin.dll,7E25F61D9FB27C17050603BB43EEC8F02D236C0B9D378453500586B5F95012D7,30520,qml:QtQuick,qml,LIKELY_REQUIRED,PySide6 wheel tree SHA-256 match,,UNKNOWN
Release/External_Test/2026-07-30_audio-validation-fix/Qonic_Audio_v5.0_internal_test/_internal/PySide6/qml/QtQuick/Scene2D/plugins.qmltypes,26D4D3C0D49DE3EF1851366C59E35E76606B9BD237E6556C08DC1E88468D7A9D,3598,qml:QtQuick.Scene2D,qml,LIKELY_REQUIRED,PySide6 wheel tree SHA-256 match,,UNKNOWN
Release/External_Test/2026-07-30_audio-validation-fix/Qonic_Audio_v5.0_internal_test/_internal/PySide6/qml/QtQuick/Scene2D/qmldir,C609C50CF3819776BC90317D73141A3356B9568458C8301FC28DE397E779BCDB,261,qml:QtQuick.Scene2D,qml,LIKELY_REQUIRED,PySide6 wheel tree SHA-256 match,,UNKNOWN
Release/External_Test/2026-07-30_audio-validation-fix/Qonic_Audio_v5.0_internal_test/_internal/PySide6/qml/QtQuick/Scene2D/qtquickscene2dplugin.dll,2F19A04D7FC4E254798F3A6963844E4A8C288EAEA91F021723F78DA341A1C941,30520,qml:QtQuick.Scene2D,qml,LIKELY_REQUIRED,PySide6 wheel tree SHA-256 match,,UNKNOWN
Release/External_Test/2026-07-30_audio-validation-fix/Qonic_Audio_v5.0_internal_test/_internal/PySide6/qml/QtQuick/Scene3D/plugins.qmltypes,380DDC20AE3E5222F0CBE9652FAE82C2D489FF9D76EC6D9C94C6654623F73CAF,4584,qml:QtQuick.Scene3D,qml,LIKELY_REQUIRED,PySide6 wheel tree SHA-256 match,,UNKNOWN
Release/External_Test/2026-07-30_audio-validation-fix/Qonic_Audio_v5.0_internal_test/_internal/PySide6/qml/QtQuick/Scene3D/qmldir,3BFA0E784D5204B85FB00AF1AB13B94AD892D5D679FF02F66CD9F1E0FCBA36FD,258,qml:QtQuick.Scene3D,qml,LIKELY_REQUIRED,PySide6 wheel tree SHA-256 match,,UNKNOWN
Release/External_Test/2026-07-30_audio-validation-fix/Qonic_Audio_v5.0_internal_test/_internal/PySide6/qml/QtQuick/Scene3D/qtquickscene3dplugin.dll,4B600E3CC966962D169A6B43851EA7B5CFE4A9F2004511448FA4442F81318A56,30520,qml:QtQuick.Scene3D,qml,LIKELY_REQUIRED,PySide6 wheel tree SHA-256 match,,UNKNOWN
Release/External_Test/2026-07-30_audio-validation-fix/Qonic_Audio_v5.0_internal_test/_internal/PySide6/qml/QtQuick/Shapes/plugins.qmltypes,AC6BB4E6827CFA0E74DE6F12FBE7D1BB254113B047C5E29F066F62A627A7CC1C,21295,qml:QtQuick.Shapes,qml,LIKELY_REQUIRED,PySide6 wheel tree SHA-256 match,,UNKNOWN
Release/External_Test/2026-07-30_audio-validation-fix/Qonic_Audio_v5.0_internal_test/_internal/PySide6/qml/QtQuick/Shapes/qmldir,DE2DAB12C07574207DB93315EBF5BD6EC6656D1AA506DF756328F73342B2A7F9,207,qml:QtQuick.Shapes,qml,LIKELY_REQUIRED,PySide6 wheel tree SHA-256 match,,UNKNOWN
Release/External_Test/2026-07-30_audio-validation-fix/Qonic_Audio_v5.0_internal_test/_internal/PySide6/qml/QtQuick/Shapes/qmlshapesplugin.dll,D72C9FD175E7B5616634BFE4AB00A6093C8F1DA275559D8EDB80A11B15D927E2,30520,qml:QtQuick.Shapes,qml,LIKELY_REQUIRED,PySide6 wheel tree SHA-256 match,,UNKNOWN
Release/External_Test/2026-07-30_audio-validation-fix/Qonic_Audio_v5.0_internal_test/_internal/PySide6/qml/QtQuick/Templates/plugins.qmltypes,BD54D94922A3FDC74A9353D63A86EDA3209315701B66F192C5FAC7975914E0D2,303871,qml:QtQuick.Templates,qml,LIKELY_REQUIRED,PySide6 wheel tree SHA-256 match,,UNKNOWN
Release/External_Test/2026-07-30_audio-validation-fix/Qonic_Audio_v5.0_internal_test/_internal/PySide6/qml/QtQuick/Templates/qmldir,60E185A2A878267D15F2B54F6088E1BCB3C7E66B67AC016B121B9E79B305A9AC,237,qml:QtQuick.Templates,qml,LIKELY_REQUIRED,PySide6 wheel tree SHA-256 match,,UNKNOWN
Release/External_Test/2026-07-30_audio-validation-fix/Qonic_Audio_v5.0_internal_test/_internal/PySide6/qml/QtQuick/Templates/qtquicktemplates2plugin.dll,24F22027E4A5E4E389A3AC160E9ACA873047382F1303498C1FF909D0135BBA8C,31032,qml:QtQuick.Templates,qml,LIKELY_REQUIRED,PySide6 wheel tree SHA-256 match,,UNKNOWN
Release/External_Test/2026-07-30_audio-validation-fix/Qonic_Audio_v5.0_internal_test/_internal/PySide6/qml/QtQuick/Timeline/BlendTrees/plugins.qmltypes,3E7C6A87ADF6DCA860F24A19911F661B518CADBEDDB8CF860E0EB991AF647782,3782,qml:QtQuick.Timeline.BlendTrees,qml,LIKELY_REQUIRED,PySide6 wheel tree SHA-256 match,,UNKNOWN
Release/External_Test/2026-07-30_audio-validation-fix/Qonic_Audio_v5.0_internal_test/_internal/PySide6/qml/QtQuick/Timeline/BlendTrees/qmldir,A84F67CF9A5CEF6FA5D075D00929579E06909A09F1618B55235E7D089D49E9EC,340,qml:QtQuick.Timeline.BlendTrees,qml,LIKELY_REQUIRED,PySide6 wheel tree SHA-256 match,,UNKNOWN
Release/External_Test/2026-07-30_audio-validation-fix/Qonic_Audio_v5.0_internal_test/_internal/PySide6/qml/QtQuick/Timeline/BlendTrees/qtquicktimelineblendtreesplugin.dll,FFD3A601AAC88C9CAEABE3C3A971D449DDC4DC30DDAF7FD4889F335E3B4FDC51,30520,qml:QtQuick.Timeline.BlendTrees,qml,LIKELY_REQUIRED,PySide6 wheel tree SHA-256 match,,UNKNOWN
Release/External_Test/2026-07-30_audio-validation-fix/Qonic_Audio_v5.0_internal_test/_internal/PySide6/qml/QtQuick/Timeline/plugins.qmltypes,29F1A65BBA3BFF9FF64057C634D86AB09682050AF27374A4039170ED34D7FA65,6081,qml:QtQuick.Timeline,qml,LIKELY_REQUIRED,PySide6 wheel tree SHA-256 match,,UNKNOWN
Release/External_Test/2026-07-30_audio-validation-fix/Qonic_Audio_v5.0_internal_test/_internal/PySide6/qml/QtQuick/Timeline/qmldir,909C392F04FF9392BC120E694A62F3E4F5861EFF7BA8C4AF5886AF9A3C642E87,257,qml:QtQuick.Timeline,qml,LIKELY_REQUIRED,PySide6 wheel tree SHA-256 match,,UNKNOWN
Release/External_Test/2026-07-30_audio-validation-fix/Qonic_Audio_v5.0_internal_test/_internal/PySide6/qml/QtQuick/Timeline/qtquicktimelineplugin.dll,D84A12E125E7AFE2C1EDC6312BD9011907E59B8FE34D30BF3668931610CA72C0,30520,qml:QtQuick.Timeline,qml,LIKELY_REQUIRED,PySide6 wheel tree SHA-256 match,,UNKNOWN
Release/External_Test/2026-07-30_audio-validation-fix/Qonic_Audio_v5.0_internal_test/_internal/PySide6/qml/QtQuick/tooling/Component.qml,F2134F2413AF31CBA969DAFE67CF0740B628AAB7BEAC000C1A9153E4B2D69935,1281,qml:QtQuick.tooling,qml,LIKELY_REQUIRED,PySide6 wheel tree SHA-256 match,,UNKNOWN
Release/External_Test/2026-07-30_audio-validation-fix/Qonic_Audio_v5.0_internal_test/_internal/PySide6/qml/QtQuick/tooling/Enum.qml,090D142CF2C899C9629A7DA4A4D7FA39FDC7FEAE9FAC742FDCBEE4F0FCA17F02,368,qml:QtQuick.tooling,qml,LIKELY_REQUIRED,PySide6 wheel tree SHA-256 match,,UNKNOWN
Release/External_Test/2026-07-30_audio-validation-fix/Qonic_Audio_v5.0_internal_test/_internal/PySide6/qml/QtQuick/tooling/Member.qml,2D85774BE6310A49715D77D6EFCB69061F6F06DAA9CCA790744BCD3111F494A7,244,qml:QtQuick.tooling,qml,LIKELY_REQUIRED,PySide6 wheel tree SHA-256 match,,UNKNOWN
Release/External_Test/2026-07-30_audio-validation-fix/Qonic_Audio_v5.0_internal_test/_internal/PySide6/qml/QtQuick/tooling/Method.qml,ED0B588A070E090EA11C476B3343E3896FFB237EEE27C3AE09E84B3340E8C613,606,qml:QtQuick.tooling,qml,LIKELY_REQUIRED,PySide6 wheel tree SHA-256 match,,UNKNOWN
Release/External_Test/2026-07-30_audio-validation-fix/Qonic_Audio_v5.0_internal_test/_internal/PySide6/qml/QtQuick/tooling/Module.qml,28BCDA6D9118EC56C46E95B5385D5D3A0214C5334D2A2C34C74F8E11E6F250E2,313,qml:QtQuick.tooling,qml,LIKELY_REQUIRED,PySide6 wheel tree SHA-256 match,,UNKNOWN
Release/External_Test/2026-07-30_audio-validation-fix/Qonic_Audio_v5.0_internal_test/_internal/PySide6/qml/QtQuick/tooling/Parameter.qml,A05D9D0E7E9B9934A063F4E2EC06A52F0182EB4C7CA1A34688E76E48B03E43DE,339,qml:QtQuick.tooling,qml,LIKELY_REQUIRED,PySide6 wheel tree SHA-256 match,,UNKNOWN
Release/External_Test/2026-07-30_audio-validation-fix/Qonic_Audio_v5.0_internal_test/_internal/PySide6/qml/QtQuick/tooling/Property.qml,7F29C08D6255FBDEFF097BCE7A5DAF98DFB0F13F69775C02666069D347D1AA0F,810,qml:QtQuick.tooling,qml,LIKELY_REQUIRED,PySide6 wheel tree SHA-256 match,,UNKNOWN
Release/External_Test/2026-07-30_audio-validation-fix/Qonic_Audio_v5.0_internal_test/_internal/PySide6/qml/QtQuick/tooling/qmldir,132AA1A840176E57EAC15641C57332881DB2A2CFE170424D04A911A06DE4D928,590,qml:QtQuick.tooling,qml,LIKELY_REQUIRED,PySide6 wheel tree SHA-256 match,,UNKNOWN
Release/External_Test/2026-07-30_audio-validation-fix/Qonic_Audio_v5.0_internal_test/_internal/PySide6/qml/QtQuick/tooling/quicktooling.qmltypes,A96C7BF5832767BDC9D91E2290A3920AEC3ABFBF2E3814BCE38B49483F16F84A,215,qml:QtQuick.tooling,qml,LIKELY_REQUIRED,PySide6 wheel tree SHA-256 match,,UNKNOWN
Release/External_Test/2026-07-30_audio-validation-fix/Qonic_Audio_v5.0_internal_test/_internal/PySide6/qml/QtQuick/tooling/quicktoolingplugin.dll,5072BDA1633CC9A36AAEED026EA378FD7D414392E0B787DFBD4937A0D7E678C3,69432,qml:QtQuick.tooling,qml,LIKELY_REQUIRED,PySide6 wheel tree SHA-256 match,,UNKNOWN
Release/External_Test/2026-07-30_audio-validation-fix/Qonic_Audio_v5.0_internal_test/_internal/PySide6/qml/QtQuick/tooling/Signal.qml,9CFA41D07B4819190E6C233FB2FE06DB8083EC5C64512800924316FE6EC698A3,409,qml:QtQuick.tooling,qml,LIKELY_REQUIRED,PySide6 wheel tree SHA-256 match,,UNKNOWN
Release/External_Test/2026-07-30_audio-validation-fix/Qonic_Audio_v5.0_internal_test/_internal/PySide6/qml/QtQuick/VectorImage/Helpers/plugins.qmltypes,0E5C433000A22F8D8C4EE33CB5E6C1DEF1E0930044249444CEFD4E44CA282706,3804,qml:QtQuick.VectorImage.Helpers,qml,LIKELY_REQUIRED,PySide6 wheel tree SHA-256 match,,UNKNOWN
Release/External_Test/2026-07-30_audio-validation-fix/Qonic_Audio_v5.0_internal_test/_internal/PySide6/qml/QtQuick/VectorImage/Helpers/qmldir,8C194F043937028EFD13DE78EC12B52400D8847EA0E8DAF93094D2DDB3D884EA,274,qml:QtQuick.VectorImage.Helpers,qml,LIKELY_REQUIRED,PySide6 wheel tree SHA-256 match,,UNKNOWN
Release/External_Test/2026-07-30_audio-validation-fix/Qonic_Audio_v5.0_internal_test/_internal/PySide6/qml/QtQuick/VectorImage/Helpers/qquickvectorimagehelpersplugin.dll,D10C7B9246DDD39BAE9EF999B9381F601EEE63ABC94D52461BE4DD4BA164F49E,30520,qml:QtQuick.VectorImage.Helpers,qml,LIKELY_REQUIRED,PySide6 wheel tree SHA-256 match,,UNKNOWN
Release/External_Test/2026-07-30_audio-validation-fix/Qonic_Audio_v5.0_internal_test/_internal/PySide6/qml/QtQuick/VectorImage/plugins.qmltypes,938E4D06A75E30D3C852925753924BEA4CA5B4B7CACA4240493454369641C5E9,4302,qml:QtQuick.VectorImage,qml,LIKELY_REQUIRED,PySide6 wheel tree SHA-256 match,,UNKNOWN
Release/External_Test/2026-07-30_audio-validation-fix/Qonic_Audio_v5.0_internal_test/_internal/PySide6/qml/QtQuick/VectorImage/qmldir,B5D4B705F8E9F133E9192D5C0453C601E3D5A9327EDC89A2A5EDEFE55B552526,345,qml:QtQuick.VectorImage,qml,LIKELY_REQUIRED,PySide6 wheel tree SHA-256 match,,UNKNOWN
Release/External_Test/2026-07-30_audio-validation-fix/Qonic_Audio_v5.0_internal_test/_internal/PySide6/qml/QtQuick/VectorImage/qquickvectorimageplugin.dll,E623FC50BAAD1A64D7F408C360596F9AE64EF37752D53A3DA97FC98FE045C09A,30520,qml:QtQuick.VectorImage,qml,LIKELY_REQUIRED,PySide6 wheel tree SHA-256 match,,UNKNOWN
Release/External_Test/2026-07-30_audio-validation-fix/Qonic_Audio_v5.0_internal_test/_internal/PySide6/qml/QtQuick/VirtualKeyboard/Components/AlternativeKeys.qml,2D1435C45A2C4D9A7D3AAF2807B41CB406972F8446D93EB6454E9D79247E361C,4359,qml:QtQuick.VirtualKeyboard.Components,qml,LIKELY_REQUIRED,PySide6 wheel tree SHA-256 match,,UNKNOWN
Release/External_Test/2026-07-30_audio-validation-fix/Qonic_Audio_v5.0_internal_test/_internal/PySide6/qml/QtQuick/VirtualKeyboard/Components/BackspaceKey.qml,29B65DF3495279B7C1663DC665A83BC23DFE891E141832B9CFE0EA0776477D5F,771,qml:QtQuick.VirtualKeyboard.Components,qml,LIKELY_REQUIRED,PySide6 wheel tree SHA-256 match,,UNKNOWN
Release/External_Test/2026-07-30_audio-validation-fix/Qonic_Audio_v5.0_internal_test/_internal/PySide6/qml/QtQuick/VirtualKeyboard/Components/BaseKey.qml,B53BBF0708624964A19E278B097236714387E31C52C76AC4E25B8B0056BC852F,7855,qml:QtQuick.VirtualKeyboard.Components,qml,LIKELY_REQUIRED,PySide6 wheel tree SHA-256 match,,UNKNOWN
Release/External_Test/2026-07-30_audio-validation-fix/Qonic_Audio_v5.0_internal_test/_internal/PySide6/qml/QtQuick/VirtualKeyboard/Components/ChangeLanguageKey.qml,86D6B5B468013260C7F0106F3EC17E662C246D5C82C1A45BF0ACA532290BE5A4,1973,qml:QtQuick.VirtualKeyboard.Components,qml,LIKELY_REQUIRED,PySide6 wheel tree SHA-256 match,,UNKNOWN
Release/External_Test/2026-07-30_audio-validation-fix/Qonic_Audio_v5.0_internal_test/_internal/PySide6/qml/QtQuick/VirtualKeyboard/Components/CharacterPreviewBubble.qml,DDF256523C4EB095D699B6D39C6A06B5C3D01460A56EF5FB7BE228BD4AF712EC,2185,qml:QtQuick.VirtualKeyboard.Components,qml,LIKELY_REQUIRED,PySide6 wheel tree SHA-256 match,,UNKNOWN
Release/External_Test/2026-07-30_audio-validation-fix/Qonic_Audio_v5.0_internal_test/_internal/PySide6/qml/QtQuick/VirtualKeyboard/Components/EnterKey.qml,9E5297BF27ACABEFA0B722DF5E13BF8AF14B46E2D2398DBB36AEF4ACD9F1ACDD,1249,qml:QtQuick.VirtualKeyboard.Components,qml,LIKELY_REQUIRED,PySide6 wheel tree SHA-256 match,,UNKNOWN
Release/External_Test/2026-07-30_audio-validation-fix/Qonic_Audio_v5.0_internal_test/_internal/PySide6/qml/QtQuick/VirtualKeyboard/Components/FillerKey.qml,348C58BFE1EDC5A93D9DE162BF3A3A38D782CDF7CD1D0D81DBCB592401EB8BB8,587,qml:QtQuick.VirtualKeyboard.Components,qml,LIKELY_REQUIRED,PySide6 wheel tree SHA-256 match,,UNKNOWN
Release/External_Test/2026-07-30_audio-validation-fix/Qonic_Audio_v5.0_internal_test/_internal/PySide6/qml/QtQuick/VirtualKeyboard/Components/FlickKey.qml,B2CA42E52539A6EE7B9771942F23422249B12E63C13A00738250247C4E7CB230,3101,qml:QtQuick.VirtualKeyboard.Components,qml,LIKELY_REQUIRED,PySide6 wheel tree SHA-256 match,,UNKNOWN
Release/External_Test/2026-07-30_audio-validation-fix/Qonic_Audio_v5.0_internal_test/_internal/PySide6/qml/QtQuick/VirtualKeyboard/Components/FunctionPopupList.qml,620D775A0366D7C0DC955FEFA66DC2F2A931F440754BC24FC95594DD495B486A,3604,qml:QtQuick.VirtualKeyboard.Components,qml,LIKELY_REQUIRED,PySide6 wheel tree SHA-256 match,,UNKNOWN
Release/External_Test/2026-07-30_audio-validation-fix/Qonic_Audio_v5.0_internal_test/_internal/PySide6/qml/QtQuick/VirtualKeyboard/Components/HandwritingModeKey.qml,A9279EFECD732CA8E4D9E4D6F3BA2798265F920AACF1AD7BB961EB9D5E755C5D,1168,qml:QtQuick.VirtualKeyboard.Components,qml,LIKELY_REQUIRED,PySide6 wheel tree SHA-256 match,,UNKNOWN
Release/External_Test/2026-07-30_audio-validation-fix/Qonic_Audio_v5.0_internal_test/_internal/PySide6/qml/QtQuick/VirtualKeyboard/Components/HideKeyboardKey.qml,65235E6D3A298270077D6D0B008DC63BABAD017B38631768A79AC0EF461BFD30,947,qml:QtQuick.VirtualKeyboard.Components,qml,LIKELY_REQUIRED,PySide6 wheel tree SHA-256 match,,UNKNOWN
Release/External_Test/2026-07-30_audio-validation-fix/Qonic_Audio_v5.0_internal_test/_internal/PySide6/qml/QtQuick/VirtualKeyboard/Components/InputModeKey.qml,EDC3248AE79D95C1A088628112CB260BA3365B6B25F5E69F5669CD290BD06B72,4128,qml:QtQuick.VirtualKeyboard.Components,qml,LIKELY_REQUIRED,PySide6 wheel tree SHA-256 match,,UNKNOWN
Release/External_Test/2026-07-30_audio-validation-fix/Qonic_Audio_v5.0_internal_test/_internal/PySide6/qml/QtQuick/VirtualKeyboard/Components/Key.qml,C2DF2AF803E2C678DAC4FF146DCC90185DD6BE0E977E8812B2E685D182307315,762,qml:QtQuick.VirtualKeyboard.Components,qml,LIKELY_REQUIRED,PySide6 wheel tree SHA-256 match,,UNKNOWN
Release/External_Test/2026-07-30_audio-validation-fix/Qonic_Audio_v5.0_internal_test/_internal/PySide6/qml/QtQuick/VirtualKeyboard/Components/Keyboard.qml,BBBA5B682D4560C0953A47646663688AE521885DE89E8C39A130B7FBB3DA8203,87072,qml:QtQuick.VirtualKeyboard.Components,qml,LIKELY_REQUIRED,PySide6 wheel tree SHA-256 match,,UNKNOWN
Release/External_Test/2026-07-30_audio-validation-fix/Qonic_Audio_v5.0_internal_test/_internal/PySide6/qml/QtQuick/VirtualKeyboard/Components/KeyboardColumn.qml,B1BE2BAC7872C25C34D03BF43D1F19DE24070FFD8F19CDFB468371C73E7CA9A9,1073,qml:QtQuick.VirtualKeyboard.Components,qml,LIKELY_REQUIRED,PySide6 wheel tree SHA-256 match,,UNKNOWN
Release/External_Test/2026-07-30_audio-validation-fix/Qonic_Audio_v5.0_internal_test/_internal/PySide6/qml/QtQuick/VirtualKeyboard/Components/KeyboardLayout.qml,39ED998F286D3B629642737CFAF0BFABD2BA655198EA85BB7517047B69976CB0,4713,qml:QtQuick.VirtualKeyboard.Components,qml,LIKELY_REQUIRED,PySide6 wheel tree SHA-256 match,,UNKNOWN
Release/External_Test/2026-07-30_audio-validation-fix/Qonic_Audio_v5.0_internal_test/_internal/PySide6/qml/QtQuick/VirtualKeyboard/Components/KeyboardLayoutLoader.qml,CD2CD2EFC5D864F1E51E9143536BC499483C08A11C135E51F61E0B969E9418F0,3650,qml:QtQuick.VirtualKeyboard.Components,qml,LIKELY_REQUIRED,PySide6 wheel tree SHA-256 match,,UNKNOWN
Release/External_Test/2026-07-30_audio-validation-fix/Qonic_Audio_v5.0_internal_test/_internal/PySide6/qml/QtQuick/VirtualKeyboard/Components/KeyboardRow.qml,A632121CD5371E220DC89E2A6F79B773815B0E93FE522F621C57B8C017E1617F,1003,qml:QtQuick.VirtualKeyboard.Components,qml,LIKELY_REQUIRED,PySide6 wheel tree SHA-256 match,,UNKNOWN
Release/External_Test/2026-07-30_audio-validation-fix/Qonic_Audio_v5.0_internal_test/_internal/PySide6/qml/QtQuick/VirtualKeyboard/Components/ModeKey.qml,64EBDD431264BF628B86EF0F5BAC124EF2F0DA964DDB6AE8E4D3277CD8E9D5E5,1346,qml:QtQuick.VirtualKeyboard.Components,qml,LIKELY_REQUIRED,PySide6 wheel tree SHA-256 match,,UNKNOWN
Release/External_Test/2026-07-30_audio-validation-fix/Qonic_Audio_v5.0_internal_test/_internal/PySide6/qml/QtQuick/VirtualKeyboard/Components/MultiSoundEffect.qml,F41421708BF1DB47F8DD65B2658802A94364A4B3C09858BB6B04D2A84D12C913,1513,qml:QtQuick.VirtualKeyboard.Components,qml,LIKELY_REQUIRED,PySide6 wheel tree SHA-256 match,,UNKNOWN
Release/External_Test/2026-07-30_audio-validation-fix/Qonic_Audio_v5.0_internal_test/_internal/PySide6/qml/QtQuick/VirtualKeyboard/Components/MultitapInputMethod.qml,C0CDB6D4714DBEAF188337C30A4C16C661B5A54154A507AC81DA412D0945BB5A,3075,qml:QtQuick.VirtualKeyboard.Components,qml,LIKELY_REQUIRED,PySide6 wheel tree SHA-256 match,,UNKNOWN
Release/External_Test/2026-07-30_audio-validation-fix/Qonic_Audio_v5.0_internal_test/_internal/PySide6/qml/QtQuick/VirtualKeyboard/Components/NumberKey.qml,28F881A02E09FD1645A43174311950556C917F948DD1457F96E99F9C9CA6A743,701,qml:QtQuick.VirtualKeyboard.Components,qml,LIKELY_REQUIRED,PySide6 wheel tree SHA-256 match,,UNKNOWN
Release/External_Test/2026-07-30_audio-validation-fix/Qonic_Audio_v5.0_internal_test/_internal/PySide6/qml/QtQuick/VirtualKeyboard/Components/PopupList.qml,27CA4DDEACB29A1E627ACEEBEC2B507AD3E10A0175AFAE91BAB65B1B532A1EDB,1273,qml:QtQuick.VirtualKeyboard.Components,qml,LIKELY_REQUIRED,PySide6 wheel tree SHA-256 match,,UNKNOWN
Release/External_Test/2026-07-30_audio-validation-fix/Qonic_Audio_v5.0_internal_test/_internal/PySide6/qml/QtQuick/VirtualKeyboard/Components/qmldir,B5C42DBB526E91FD66C0CC5C9C94898EE299D317FDF413295E98692A643033DB,3846,qml:QtQuick.VirtualKeyboard.Components,qml,LIKELY_REQUIRED,PySide6 wheel tree SHA-256 match,,UNKNOWN
Release/External_Test/2026-07-30_audio-validation-fix/Qonic_Audio_v5.0_internal_test/_internal/PySide6/qml/QtQuick/VirtualKeyboard/Components/qtvkbcomponentsplugin.dll,D7D90D7FAD0897BC9C5AA17B831EE07F4D82863DCA38301CC1670C18854B8187,698168,qml:QtQuick.VirtualKeyboard.Components,qml,LIKELY_REQUIRED,PySide6 wheel tree SHA-256 match,,UNKNOWN
Release/External_Test/2026-07-30_audio-validation-fix/Qonic_Audio_v5.0_internal_test/_internal/PySide6/qml/QtQuick/VirtualKeyboard/Components/qtvkbcomponentsplugin.qmltypes,A96C7BF5832767BDC9D91E2290A3920AEC3ABFBF2E3814BCE38B49483F16F84A,215,qml:QtQuick.VirtualKeyboard.Components,qml,LIKELY_REQUIRED,PySide6 wheel tree SHA-256 match,,UNKNOWN
Release/External_Test/2026-07-30_audio-validation-fix/Qonic_Audio_v5.0_internal_test/_internal/PySide6/qml/QtQuick/VirtualKeyboard/Components/SelectionControl.qml,B06918814915C39DF03946F27F2C246BF9D16A2F7BDBD0D8D2E2893878CDF944,3501,qml:QtQuick.VirtualKeyboard.Components,qml,LIKELY_REQUIRED,PySide6 wheel tree SHA-256 match,,UNKNOWN
Release/External_Test/2026-07-30_audio-validation-fix/Qonic_Audio_v5.0_internal_test/_internal/PySide6/qml/QtQuick/VirtualKeyboard/Components/ShadowInputControl.qml,2B0D3F3EA3779FE9A319DEC1D7AE0B9118DF2BC58A8D22F61A24C8AD1BECAC9C,5974,qml:QtQuick.VirtualKeyboard.Components,qml,LIKELY_REQUIRED,PySide6 wheel tree SHA-256 match,,UNKNOWN
Release/External_Test/2026-07-30_audio-validation-fix/Qonic_Audio_v5.0_internal_test/_internal/PySide6/qml/QtQuick/VirtualKeyboard/Components/ShiftKey.qml,3F151456DF675F491ED1C634B63757E747EFD40D44528BBB7D1A0E74A18334DA,846,qml:QtQuick.VirtualKeyboard.Components,qml,LIKELY_REQUIRED,PySide6 wheel tree SHA-256 match,,UNKNOWN
Release/External_Test/2026-07-30_audio-validation-fix/Qonic_Audio_v5.0_internal_test/_internal/PySide6/qml/QtQuick/VirtualKeyboard/Components/SpaceKey.qml,86A33E4722D6335E08E3EEDBD360CC69EB0B4EA5763788219EA6885895571991,752,qml:QtQuick.VirtualKeyboard.Components,qml,LIKELY_REQUIRED,PySide6 wheel tree SHA-256 match,,UNKNOWN
Release/External_Test/2026-07-30_audio-validation-fix/Qonic_Audio_v5.0_internal_test/_internal/PySide6/qml/QtQuick/VirtualKeyboard/Components/SymbolModeKey.qml,92AD7D4B5CBD986381DC3CB24C24723F76A97D52A92361B7E67740492A76CE42,818,qml:QtQuick.VirtualKeyboard.Components,qml,LIKELY_REQUIRED,PySide6 wheel tree SHA-256 match,,UNKNOWN
Release/External_Test/2026-07-30_audio-validation-fix/Qonic_Audio_v5.0_internal_test/_internal/PySide6/qml/QtQuick/VirtualKeyboard/Components/TraceInputArea.qml,455C382B0FBDA525A8D28B88FF42C870E52DE66DC6672ABF66E7BBDDFBAFE697,7484,qml:QtQuick.VirtualKeyboard.Components,qml,LIKELY_REQUIRED,PySide6 wheel tree SHA-256 match,,UNKNOWN
Release/External_Test/2026-07-30_audio-validation-fix/Qonic_Audio_v5.0_internal_test/_internal/PySide6/qml/QtQuick/VirtualKeyboard/Components/TraceInputKey.qml,9DB4AF9C16EA97519A755F2FB0E1E7B8DBE68485C86113E1C41283F821B05A1A,3085,qml:QtQuick.VirtualKeyboard.Components,qml,LIKELY_REQUIRED,PySide6 wheel tree SHA-256 match,,UNKNOWN
Release/External_Test/2026-07-30_audio-validation-fix/Qonic_Audio_v5.0_internal_test/_internal/PySide6/qml/QtQuick/VirtualKeyboard/Components/WordCandidatePopupList.qml,83434BA657C11FB7918B90167BB3CF9E39083302B8E50D1405D2D784C3A10D23,2815,qml:QtQuick.VirtualKeyboard.Components,qml,LIKELY_REQUIRED,PySide6 wheel tree SHA-256 match,,UNKNOWN
Release/External_Test/2026-07-30_audio-validation-fix/Qonic_Audio_v5.0_internal_test/_internal/PySide6/qml/QtQuick/VirtualKeyboard/Core/plugins.qmltypes,80D3FF4B4D91583802FADD271F66B4561AFF12A34122FE90E59A71D7214265AA,62205,qml:QtQuick.VirtualKeyboard.Core,qml,LIKELY_REQUIRED,PySide6 wheel tree SHA-256 match,,UNKNOWN
Release/External_Test/2026-07-30_audio-validation-fix/Qonic_Audio_v5.0_internal_test/_internal/PySide6/qml/QtQuick/VirtualKeyboard/Core/qmldir,E3BE2A64CA3D5595B5AD2782FDE7FB6DF325572A09850A4D9428A2FCDD32B6D7,270,qml:QtQuick.VirtualKeyboard.Core,qml,LIKELY_REQUIRED,PySide6 wheel tree SHA-256 match,,UNKNOWN
Release/External_Test/2026-07-30_audio-validation-fix/Qonic_Audio_v5.0_internal_test/_internal/PySide6/qml/QtQuick/VirtualKeyboard/Core/virtualkeyboardplugin.dll,891434624930651A2D7C36046B9FA0B9005BFB4982F0DA479BA9322C77D15A1A,30520,qml:QtQuick.VirtualKeyboard.Core,qml,LIKELY_REQUIRED,PySide6 wheel tree SHA-256 match,,UNKNOWN
Release/External_Test/2026-07-30_audio-validation-fix/Qonic_Audio_v5.0_internal_test/_internal/PySide6/qml/QtQuick/VirtualKeyboard/EnterKey.qml,3AB944C1C1C92484077AC37111F29DF24104703F9B487E7F3AF2771DC121D09D,216,qml:QtQuick.VirtualKeyboard,qml,LIKELY_REQUIRED,PySide6 wheel tree SHA-256 match,,UNKNOWN
Release/External_Test/2026-07-30_audio-validation-fix/Qonic_Audio_v5.0_internal_test/_internal/PySide6/qml/QtQuick/VirtualKeyboard/HandwritingInputPanel.qml,04FB6C8786CB5ABDE2B7364955CBEA32172922382E71BB37390A1E220A7F73DC,5041,qml:QtQuick.VirtualKeyboard,qml,LIKELY_REQUIRED,PySide6 wheel tree SHA-256 match,,UNKNOWN
Release/External_Test/2026-07-30_audio-validation-fix/Qonic_Audio_v5.0_internal_test/_internal/PySide6/qml/QtQuick/VirtualKeyboard/InputPanel.qml,BC66105684DB3E94132FBCFF7AE9EBC10908184E6AA91295DCD1643E47BAF0BE,5275,qml:QtQuick.VirtualKeyboard,qml,LIKELY_REQUIRED,PySide6 wheel tree SHA-256 match,,UNKNOWN
Release/External_Test/2026-07-30_audio-validation-fix/Qonic_Audio_v5.0_internal_test/_internal/PySide6/qml/QtQuick/VirtualKeyboard/Layouts/qmldir,512383A8D5354007E857C13FA79D3DE440252E6FC91A712A18E66033E70CBF99,258,qml:QtQuick.VirtualKeyboard.Layouts,qml,LIKELY_REQUIRED,PySide6 wheel tree SHA-256 match,,UNKNOWN
Release/External_Test/2026-07-30_audio-validation-fix/Qonic_Audio_v5.0_internal_test/_internal/PySide6/qml/QtQuick/VirtualKeyboard/Layouts/qtvkblayoutsplugin.dll,5006F41BE181A7B8A2227E4709CF0795ABCBB6718E5CBF636ACECC801C859B29,84280,qml:QtQuick.VirtualKeyboard.Layouts,qml,LIKELY_REQUIRED,PySide6 wheel tree SHA-256 match,,UNKNOWN
Release/External_Test/2026-07-30_audio-validation-fix/Qonic_Audio_v5.0_internal_test/_internal/PySide6/qml/QtQuick/VirtualKeyboard/Layouts/qtvkblayoutsplugin.qmltypes,A96C7BF5832767BDC9D91E2290A3920AEC3ABFBF2E3814BCE38B49483F16F84A,215,qml:QtQuick.VirtualKeyboard.Layouts,qml,LIKELY_REQUIRED,PySide6 wheel tree SHA-256 match,,UNKNOWN
Release/External_Test/2026-07-30_audio-validation-fix/Qonic_Audio_v5.0_internal_test/_internal/PySide6/qml/QtQuick/VirtualKeyboard/Plugins/Hangul/plugins.qmltypes,E9F2D44278AA7F42B8A580E2B8A0EA80E22D3DC147ED09A53F8EEE9D9CC7DA18,755,plugin:Hangul,plugin,POSSIBLY_UNUSED,PySide6 wheel tree SHA-256 match,,UNKNOWN
Release/External_Test/2026-07-30_audio-validation-fix/Qonic_Audio_v5.0_internal_test/_internal/PySide6/qml/QtQuick/VirtualKeyboard/Plugins/Hangul/qmldir,47ED523FB3074ABE2914203D559BF9416D1C1F98AF352B0FC0D6E8409489A9A1,309,plugin:Hangul,plugin,POSSIBLY_UNUSED,PySide6 wheel tree SHA-256 match,,UNKNOWN
Release/External_Test/2026-07-30_audio-validation-fix/Qonic_Audio_v5.0_internal_test/_internal/PySide6/qml/QtQuick/VirtualKeyboard/Plugins/Hangul/qtvkbhangulplugin.dll,0EF9C801CFE318D712A7F05006E84DD4E9BB582FB93011A245D418DE636A6DF9,62264,plugin:Hangul,plugin,POSSIBLY_UNUSED,PySide6 wheel tree SHA-256 match,,UNKNOWN
Release/External_Test/2026-07-30_audio-validation-fix/Qonic_Audio_v5.0_internal_test/_internal/PySide6/qml/QtQuick/VirtualKeyboard/Plugins/OpenWNN/plugins.qmltypes,3CDC92089C829BE62C94A1F191C0A11B0B6644278A2617DB1D2A76B9BD3C6F47,766,plugin:OpenWNN,plugin,POSSIBLY_UNUSED,PySide6 wheel tree SHA-256 match,,UNKNOWN
Release/External_Test/2026-07-30_audio-validation-fix/Qonic_Audio_v5.0_internal_test/_internal/PySide6/qml/QtQuick/VirtualKeyboard/Plugins/OpenWNN/qmldir,E0C9633DBFAA1041A639196AD4996D4CE2FB17B5A014B45FA63DC3FC5CD47D1B,314,plugin:OpenWNN,plugin,POSSIBLY_UNUSED,PySide6 wheel tree SHA-256 match,,UNKNOWN
Release/External_Test/2026-07-30_audio-validation-fix/Qonic_Audio_v5.0_internal_test/_internal/PySide6/qml/QtQuick/VirtualKeyboard/Plugins/OpenWNN/qtvkbopenwnnplugin.dll,13EC0AB9960B0411850F0F97CC43B8906D03B487F7827BBEB7A455F78FCE2DFA,1576248,plugin:OpenWNN,plugin,POSSIBLY_UNUSED,PySide6 wheel tree SHA-256 match,,UNKNOWN
Release/External_Test/2026-07-30_audio-validation-fix/Qonic_Audio_v5.0_internal_test/_internal/PySide6/qml/QtQuick/VirtualKeyboard/Plugins/Pinyin/plugins.qmltypes,BECEFE6E1BE6EB4A4BF908EC7B5A98892710007F70F65AF1083238269749042B,755,plugin:Pinyin,plugin,POSSIBLY_UNUSED,PySide6 wheel tree SHA-256 match,,UNKNOWN
Release/External_Test/2026-07-30_audio-validation-fix/Qonic_Audio_v5.0_internal_test/_internal/PySide6/qml/QtQuick/VirtualKeyboard/Plugins/Pinyin/qmldir,1CAAFC85D4D1EE9383DCE2ECCAD198028EF9359F180A18122647DBDF7E4F2F8F,309,plugin:Pinyin,plugin,POSSIBLY_UNUSED,PySide6 wheel tree SHA-256 match,,UNKNOWN
Release/External_Test/2026-07-30_audio-validation-fix/Qonic_Audio_v5.0_internal_test/_internal/PySide6/qml/QtQuick/VirtualKeyboard/Plugins/Pinyin/qtvkbpinyinplugin.dll,0C34F5E8CB0C4B95C637A88A431D085AB58316854654DB3E9ADB1971C9FFE99D,1193272,plugin:Pinyin,plugin,POSSIBLY_UNUSED,PySide6 wheel tree SHA-256 match,,UNKNOWN
Release/External_Test/2026-07-30_audio-validation-fix/Qonic_Audio_v5.0_internal_test/_internal/PySide6/qml/QtQuick/VirtualKeyboard/Plugins/qmldir,C48081AA2DA3CDB6593F81B5CB704170803AFDED728165EDA2860A00294F72B9,525,plugin:qmldir,plugin,POSSIBLY_UNUSED,PySide6 wheel tree SHA-256 match,,UNKNOWN
Release/External_Test/2026-07-30_audio-validation-fix/Qonic_Audio_v5.0_internal_test/_internal/PySide6/qml/QtQuick/VirtualKeyboard/Plugins/qtvkbpluginsplugin.dll,5912136002FDAE3332E17C361CBC5DD594CA176909A8A559A66DFCB555228AC8,32056,plugin:qtvkbpluginsplugin.dll,plugin,POSSIBLY_UNUSED,PySide6 wheel tree SHA-256 match,,UNKNOWN
Release/External_Test/2026-07-30_audio-validation-fix/Qonic_Audio_v5.0_internal_test/_internal/PySide6/qml/QtQuick/VirtualKeyboard/Plugins/qtvkbpluginsplugin.qmltypes,A96C7BF5832767BDC9D91E2290A3920AEC3ABFBF2E3814BCE38B49483F16F84A,215,plugin:qtvkbpluginsplugin.qmltypes,plugin,POSSIBLY_UNUSED,PySide6 wheel tree SHA-256 match,,UNKNOWN
Release/External_Test/2026-07-30_audio-validation-fix/Qonic_Audio_v5.0_internal_test/_internal/PySide6/qml/QtQuick/VirtualKeyboard/Plugins/TCIme/plugins.qmltypes,B5344D987F7FC340FFF9FFBAC4854C8B340E665DB34D00CF37300633D196C8CB,1032,plugin:TCIme,plugin,POSSIBLY_UNUSED,PySide6 wheel tree SHA-256 match,,UNKNOWN
Release/External_Test/2026-07-30_audio-validation-fix/Qonic_Audio_v5.0_internal_test/_internal/PySide6/qml/QtQuick/VirtualKeyboard/Plugins/TCIme/qmldir,B6C077BB8A2222ECC926B29BA5BA4E0F482480216B26D93B10C5ABB6D8AE6B1B,304,plugin:TCIme,plugin,POSSIBLY_UNUSED,PySide6 wheel tree SHA-256 match,,UNKNOWN
Release/External_Test/2026-07-30_audio-validation-fix/Qonic_Audio_v5.0_internal_test/_internal/PySide6/qml/QtQuick/VirtualKeyboard/Plugins/TCIme/qtvkbtcimeplugin.dll,25609E43787D1B8A14E18BA0492F82C556F5A0B80CA10348BF663F58CBCDDDD7,312632,plugin:TCIme,plugin,POSSIBLY_UNUSED,PySide6 wheel tree SHA-256 match,,UNKNOWN
Release/External_Test/2026-07-30_audio-validation-fix/Qonic_Audio_v5.0_internal_test/_internal/PySide6/qml/QtQuick/VirtualKeyboard/Plugins/Thai/plugins.qmltypes,5BD25AE5DA3B479E921AB985A464BD54EE96AA821C6076F1B3B92DA9D397B8E6,739,plugin:Thai,plugin,POSSIBLY_UNUSED,PySide6 wheel tree SHA-256 match,,UNKNOWN
Release/External_Test/2026-07-30_audio-validation-fix/Qonic_Audio_v5.0_internal_test/_internal/PySide6/qml/QtQuick/VirtualKeyboard/Plugins/Thai/qmldir,7984D9516DDB1BD637AD9F3D027AB43A381EA6D382BCD486AB5942E0D404E2FC,299,plugin:Thai,plugin,POSSIBLY_UNUSED,PySide6 wheel tree SHA-256 match,,UNKNOWN
Release/External_Test/2026-07-30_audio-validation-fix/Qonic_Audio_v5.0_internal_test/_internal/PySide6/qml/QtQuick/VirtualKeyboard/Plugins/Thai/qtvkbthaiplugin.dll,788EF7BBBD3E29EF5122F8358DA2CD919682741E06CFDF9C1CCFBF3A9194E1C9,44344,plugin:Thai,plugin,POSSIBLY_UNUSED,PySide6 wheel tree SHA-256 match,,UNKNOWN
Release/External_Test/2026-07-30_audio-validation-fix/Qonic_Audio_v5.0_internal_test/_internal/PySide6/qml/QtQuick/VirtualKeyboard/qmldir,CFBBD404CCAFA30D24129294C3B5EEABACEF98BAB9ECCCCF41252439371362F0,907,qml:QtQuick.VirtualKeyboard,qml,LIKELY_REQUIRED,PySide6 wheel tree SHA-256 match,,UNKNOWN
Release/External_Test/2026-07-30_audio-validation-fix/Qonic_Audio_v5.0_internal_test/_internal/PySide6/qml/QtQuick/VirtualKeyboard/qtvkbplugin.dll,6D83406EBA0F98F8B4BBD6770365DFD37FF1FAF9AD03916E9E6B009B159D4A8D,30520,qml:QtQuick.VirtualKeyboard,qml,LIKELY_REQUIRED,PySide6 wheel tree SHA-256 match,,UNKNOWN
Release/External_Test/2026-07-30_audio-validation-fix/Qonic_Audio_v5.0_internal_test/_internal/PySide6/qml/QtQuick/VirtualKeyboard/Settings/plugins.qmltypes,4976D80CA75091383E3946E7B6F798B1D2C4B722B8FDBF0B6B6896CB65FEE328,10320,qml:QtQuick.VirtualKeyboard.Settings,qml,LIKELY_REQUIRED,PySide6 wheel tree SHA-256 match,,UNKNOWN
Release/External_Test/2026-07-30_audio-validation-fix/Qonic_Audio_v5.0_internal_test/_internal/PySide6/qml/QtQuick/VirtualKeyboard/Settings/qmldir,631F0BDC55A31DBE5531F0B2901035C9FE50CF27EC313BB54FE07376A10A9A26,307,qml:QtQuick.VirtualKeyboard.Settings,qml,LIKELY_REQUIRED,PySide6 wheel tree SHA-256 match,,UNKNOWN
Release/External_Test/2026-07-30_audio-validation-fix/Qonic_Audio_v5.0_internal_test/_internal/PySide6/qml/QtQuick/VirtualKeyboard/Settings/qtvkbsettingsplugin.dll,08CF64DEA863DFAA1AA09249C8768F47AAE4401CBDB8D958391BBB319D6A0618,30520,qml:QtQuick.VirtualKeyboard.Settings,qml,LIKELY_REQUIRED,PySide6 wheel tree SHA-256 match,,UNKNOWN
Release/External_Test/2026-07-30_audio-validation-fix/Qonic_Audio_v5.0_internal_test/_internal/PySide6/qml/QtQuick/VirtualKeyboard/Styles/Builtin/plugins.qmltypes,A96C7BF5832767BDC9D91E2290A3920AEC3ABFBF2E3814BCE38B49483F16F84A,215,qml:QtQuick.VirtualKeyboard.Styles,qml,LIKELY_REQUIRED,PySide6 wheel tree SHA-256 match,,UNKNOWN
Release/External_Test/2026-07-30_audio-validation-fix/Qonic_Audio_v5.0_internal_test/_internal/PySide6/qml/QtQuick/VirtualKeyboard/Styles/Builtin/qmldir,16D480F97E886213AF67DB1DB712061E86EA9ECF179373157415237495A36556,277,qml:QtQuick.VirtualKeyboard.Styles,qml,LIKELY_REQUIRED,PySide6 wheel tree SHA-256 match,,UNKNOWN
Release/External_Test/2026-07-30_audio-validation-fix/Qonic_Audio_v5.0_internal_test/_internal/PySide6/qml/QtQuick/VirtualKeyboard/Styles/Builtin/qtvkbbuiltinstylesplugin.dll,5EA6D09DB446F8325D726BF45C25E5D6726C6759B9D0DC570B4098C4CFAB0B4E,369976,qml:QtQuick.VirtualKeyboard.Styles,qml,LIKELY_REQUIRED,PySide6 wheel tree SHA-256 match,,UNKNOWN
Release/External_Test/2026-07-30_audio-validation-fix/Qonic_Audio_v5.0_internal_test/_internal/PySide6/qml/QtQuick/VirtualKeyboard/Styles/KeyboardStyle.qml,684927A623FDB63A1899CEC25B6F16AA4AE9136FC1FE25573AB98E1F1CDA31F9,16898,qml:QtQuick.VirtualKeyboard.Styles,qml,LIKELY_REQUIRED,PySide6 wheel tree SHA-256 match,,UNKNOWN
Release/External_Test/2026-07-30_audio-validation-fix/Qonic_Audio_v5.0_internal_test/_internal/PySide6/qml/QtQuick/VirtualKeyboard/Styles/KeyIcon.qml,C2ACC6ED54FB44D9FA6481687161AA256A140B6CD32049FC0F0F44DB5506AFE0,1476,qml:QtQuick.VirtualKeyboard.Styles,qml,LIKELY_REQUIRED,PySide6 wheel tree SHA-256 match,,UNKNOWN
Release/External_Test/2026-07-30_audio-validation-fix/Qonic_Audio_v5.0_internal_test/_internal/PySide6/qml/QtQuick/VirtualKeyboard/Styles/KeyPanel.qml,4983143B61AC07831ED4CE7BFFBF631D8BBC9CD56E8E13CF039E86FBA1FDE094,2462,qml:QtQuick.VirtualKeyboard.Styles,qml,LIKELY_REQUIRED,PySide6 wheel tree SHA-256 match,,UNKNOWN
Release/External_Test/2026-07-30_audio-validation-fix/Qonic_Audio_v5.0_internal_test/_internal/PySide6/qml/QtQuick/VirtualKeyboard/Styles/plugins.qmltypes,A96C7BF5832767BDC9D91E2290A3920AEC3ABFBF2E3814BCE38B49483F16F84A,215,qml:QtQuick.VirtualKeyboard.Styles,qml,LIKELY_REQUIRED,PySide6 wheel tree SHA-256 match,,UNKNOWN
Release/External_Test/2026-07-30_audio-validation-fix/Qonic_Audio_v5.0_internal_test/_internal/PySide6/qml/QtQuick/VirtualKeyboard/Styles/qmldir,528D4C74ED341AB81398CE5AC75897BFA7B6C6B1C5DF8B28930A7576A1CD2FDF,1046,qml:QtQuick.VirtualKeyboard.Styles,qml,LIKELY_REQUIRED,PySide6 wheel tree SHA-256 match,,UNKNOWN
Release/External_Test/2026-07-30_audio-validation-fix/Qonic_Audio_v5.0_internal_test/_internal/PySide6/qml/QtQuick/VirtualKeyboard/Styles/qtvkbstylesplugin.dll,1EC752CECBA7A15F65955DDA8623D7072E6A5FEFE2A36ED1D73E65AEA2E960E3,123192,qml:QtQuick.VirtualKeyboard.Styles,qml,LIKELY_REQUIRED,PySide6 wheel tree SHA-256 match,,UNKNOWN
Release/External_Test/2026-07-30_audio-validation-fix/Qonic_Audio_v5.0_internal_test/_internal/PySide6/qml/QtQuick/VirtualKeyboard/Styles/SelectionListItem.qml,1A525173C2C849E9B26E1CDE5E32D5E73BC282451887FC8312778E27BD7A1D98,1276,qml:QtQuick.VirtualKeyboard.Styles,qml,LIKELY_REQUIRED,PySide6 wheel tree SHA-256 match,,UNKNOWN
Release/External_Test/2026-07-30_audio-validation-fix/Qonic_Audio_v5.0_internal_test/_internal/PySide6/qml/QtQuick/VirtualKeyboard/Styles/TraceCanvas.qml,B71104C639FDD51A9163856403E3FA03C95F8C26ED3BAEB20D015B51B0A1D868,5351,qml:QtQuick.VirtualKeyboard.Styles,qml,LIKELY_REQUIRED,PySide6 wheel tree SHA-256 match,,UNKNOWN
Release/External_Test/2026-07-30_audio-validation-fix/Qonic_Audio_v5.0_internal_test/_internal/PySide6/qml/QtQuick/VirtualKeyboard/Styles/TraceInputKeyPanel.qml,BAAB82154EC12CF6520DD87CE9B03DFC2B682939179D0CFE08FB04761ADA879A,1149,qml:QtQuick.VirtualKeyboard.Styles,qml,LIKELY_REQUIRED,PySide6 wheel tree SHA-256 match,,UNKNOWN
Release/External_Test/2026-07-30_audio-validation-fix/Qonic_Audio_v5.0_internal_test/_internal/PySide6/qml/QtQuick/VirtualKeyboard/Styles/TraceUtils.js,B4D1A3CCC5A9322A40354D51A4B102F438B5366E1C18ABD8B34A10C56B0DD5E2,1701,qml:QtQuick.VirtualKeyboard.Styles,qml,LIKELY_REQUIRED,PySide6 wheel tree SHA-256 match,,UNKNOWN
Release/External_Test/2026-07-30_audio-validation-fix/Qonic_Audio_v5.0_internal_test/_internal/PySide6/qml/QtQuick/VirtualKeyboard/VirtualKeyboardQml.qmltypes,A96C7BF5832767BDC9D91E2290A3920AEC3ABFBF2E3814BCE38B49483F16F84A,215,qml:QtQuick.VirtualKeyboard,qml,LIKELY_REQUIRED,PySide6 wheel tree SHA-256 match,,UNKNOWN
Release/External_Test/2026-07-30_audio-validation-fix/Qonic_Audio_v5.0_internal_test/_internal/PySide6/qml/QtQuick/Window/qmldir,CF518C3574E25F91ACAEC7AD8831E28C18FCCFE15411672EA56809B2EB94077C,213,qml:QtQuick.Window,qml,LIKELY_REQUIRED,PySide6 wheel tree SHA-256 match,,UNKNOWN
Release/External_Test/2026-07-30_audio-validation-fix/Qonic_Audio_v5.0_internal_test/_internal/PySide6/qml/QtQuick/Window/quickwindow.qmltypes,A96C7BF5832767BDC9D91E2290A3920AEC3ABFBF2E3814BCE38B49483F16F84A,215,qml:QtQuick.Window,qml,LIKELY_REQUIRED,PySide6 wheel tree SHA-256 match,,UNKNOWN
Release/External_Test/2026-07-30_audio-validation-fix/Qonic_Audio_v5.0_internal_test/_internal/PySide6/qml/QtQuick/Window/quickwindowplugin.dll,28B77EA6129C91BA0C166864D638B0D01EACA962D9997D1A7D9F741DD68804CC,31544,qml:QtQuick.Window,qml,LIKELY_REQUIRED,PySide6 wheel tree SHA-256 match,,UNKNOWN
Release/External_Test/2026-07-30_audio-validation-fix/Qonic_Audio_v5.0_internal_test/_internal/PySide6/qml/QtRemoteObjects/declarative_remoteobjectsplugin.dll,0DC2191F0B4A51A7C149575567FDFED3FA02169881C7552A6B989F50983F9BE7,30520,qml:QtRemoteObjects,qml,POSSIBLY_UNUSED,PySide6 wheel tree SHA-256 match,,UNKNOWN
Release/External_Test/2026-07-30_audio-validation-fix/Qonic_Audio_v5.0_internal_test/_internal/PySide6/qml/QtRemoteObjects/plugins.qmltypes,77815E4BA8C7512FAFED2086785E7238A2B001732AD8B400A6D2BD485346CED4,6007,qml:QtRemoteObjects,qml,POSSIBLY_UNUSED,PySide6 wheel tree SHA-256 match,,UNKNOWN
Release/External_Test/2026-07-30_audio-validation-fix/Qonic_Audio_v5.0_internal_test/_internal/PySide6/qml/QtRemoteObjects/qmldir,0706FDF69878BA3289EC2F3CA5E1A0AEEB97F5962CBD56F74AD4D039E8961CCF,228,qml:QtRemoteObjects,qml,POSSIBLY_UNUSED,PySide6 wheel tree SHA-256 match,,UNKNOWN
Release/External_Test/2026-07-30_audio-validation-fix/Qonic_Audio_v5.0_internal_test/_internal/PySide6/qml/QtScxml/declarative_scxmlplugin.dll,C63A6A0F336AA4568893C16B9C8C394137DEE2BECA5606A334F886C635E633B9,30520,qml:QtScxml,qml,POSSIBLY_UNUSED,PySide6 wheel tree SHA-256 match,,UNKNOWN
Release/External_Test/2026-07-30_audio-validation-fix/Qonic_Audio_v5.0_internal_test/_internal/PySide6/qml/QtScxml/plugins.qmltypes,805C2C57D427235BE1FFD97B47593F8CBA292794F51EFD88A9A71D5F967DFAB4,14346,qml:QtScxml,qml,POSSIBLY_UNUSED,PySide6 wheel tree SHA-256 match,,UNKNOWN
Release/External_Test/2026-07-30_audio-validation-fix/Qonic_Audio_v5.0_internal_test/_internal/PySide6/qml/QtScxml/qmldir,83D021AC6920747F148D2FBCA3C55497C1449B678D57774FB007B09F8915C324,219,qml:QtScxml,qml,POSSIBLY_UNUSED,PySide6 wheel tree SHA-256 match,,UNKNOWN
Release/External_Test/2026-07-30_audio-validation-fix/Qonic_Audio_v5.0_internal_test/_internal/PySide6/qml/QtSensors/plugins.qmltypes,E26748370A4A27859F7022A129C5E8FEB18B36E52EC14E76F2D1AC0A0ED75B94,37526,qml:QtSensors,qml,POSSIBLY_UNUSED,PySide6 wheel tree SHA-256 match,,UNKNOWN
Release/External_Test/2026-07-30_audio-validation-fix/Qonic_Audio_v5.0_internal_test/_internal/PySide6/qml/QtSensors/qmldir,94AF4D84F0334C9EAF49AE924568D29EE142052EE14385CDB7683B0B28B71272,205,qml:QtSensors,qml,POSSIBLY_UNUSED,PySide6 wheel tree SHA-256 match,,UNKNOWN
Release/External_Test/2026-07-30_audio-validation-fix/Qonic_Audio_v5.0_internal_test/_internal/PySide6/qml/QtSensors/sensorsquickplugin.dll,7342EB66D61906568F8F51AAB899EFFBA49A6A5A69D4959E8A715B0F49BF6156,30520,qml:QtSensors,qml,POSSIBLY_UNUSED,PySide6 wheel tree SHA-256 match,,UNKNOWN
Release/External_Test/2026-07-30_audio-validation-fix/Qonic_Audio_v5.0_internal_test/_internal/PySide6/qml/QtTest/plugins.qmltypes,BBEC936D9A72D1F036908AC83FB7067828946E536C97EFAFB6DD54DC9273338F,20725,qml:QtTest,qml,POSSIBLY_UNUSED,PySide6 wheel tree SHA-256 match,,UNKNOWN
Release/External_Test/2026-07-30_audio-validation-fix/Qonic_Audio_v5.0_internal_test/_internal/PySide6/qml/QtTest/qmldir,AAB649E567034D88AC4D441B2EC0C18B53DC96263C493F9BF00685D0C164097D,423,qml:QtTest,qml,POSSIBLY_UNUSED,PySide6 wheel tree SHA-256 match,,UNKNOWN
Release/External_Test/2026-07-30_audio-validation-fix/Qonic_Audio_v5.0_internal_test/_internal/PySide6/qml/QtTest/quicktestplugin.dll,27A9A1F1DF7E526C70F65C97B952FE411957F5670A62B58D921F1F32727C36B7,30520,qml:QtTest,qml,POSSIBLY_UNUSED,PySide6 wheel tree SHA-256 match,,UNKNOWN
Release/External_Test/2026-07-30_audio-validation-fix/Qonic_Audio_v5.0_internal_test/_internal/PySide6/qml/QtTest/SignalSpy.qml,B0DC4B9A03A10C1073BAAFA89F226054FD714BAA30F3D647DD40849B567A105E,8120,qml:QtTest,qml,POSSIBLY_UNUSED,PySide6 wheel tree SHA-256 match,,UNKNOWN
Release/External_Test/2026-07-30_audio-validation-fix/Qonic_Audio_v5.0_internal_test/_internal/PySide6/qml/QtTest/TestCase.qml,8AB3228BB9BEED076A04068C38F788217F662D8C473FAAACB052DA6CFF4833B7,83061,qml:QtTest,qml,POSSIBLY_UNUSED,PySide6 wheel tree SHA-256 match,,UNKNOWN
Release/External_Test/2026-07-30_audio-validation-fix/Qonic_Audio_v5.0_internal_test/_internal/PySide6/qml/QtTest/testlogger.js,5A35402D9691412A0E04A145C481A9573FD42CA868A4D8A274916C849781BC8E,1551,qml:QtTest,qml,POSSIBLY_UNUSED,PySide6 wheel tree SHA-256 match,,UNKNOWN
Release/External_Test/2026-07-30_audio-validation-fix/Qonic_Audio_v5.0_internal_test/_internal/PySide6/qml/QtTest/TestSchedule.qml,798B6E8C7C4CC6B9ADFBC72BBB1C136F3E910694CB81622125585B45D0D0FD9D,754,qml:QtTest,qml,POSSIBLY_UNUSED,PySide6 wheel tree SHA-256 match,,UNKNOWN
Release/External_Test/2026-07-30_audio-validation-fix/Qonic_Audio_v5.0_internal_test/_internal/PySide6/qml/QtTextToSpeech/plugins.qmltypes,87184B230DCC70C406F987C9BD4EF09C80A2A90DA9EB26A8B38B06A6440F9A84,13189,qml:QtTextToSpeech,qml,POSSIBLY_UNUSED,PySide6 wheel tree SHA-256 match,,UNKNOWN
Release/External_Test/2026-07-30_audio-validation-fix/Qonic_Audio_v5.0_internal_test/_internal/PySide6/qml/QtTextToSpeech/qmldir,BFED271D4A7405FCA8609D65DEBF0D2E0BC4429DAC0170F50B46AB49F32E20CA,205,qml:QtTextToSpeech,qml,POSSIBLY_UNUSED,PySide6 wheel tree SHA-256 match,,UNKNOWN
Release/External_Test/2026-07-30_audio-validation-fix/Qonic_Audio_v5.0_internal_test/_internal/PySide6/qml/QtTextToSpeech/texttospeechqmlplugin.dll,C48674A9FEA24BE987D1B48D3343243C54F40DA1D4010C4D35403C958DF52F81,93496,qml:QtTextToSpeech,qml,POSSIBLY_UNUSED,PySide6 wheel tree SHA-256 match,,UNKNOWN
Release/External_Test/2026-07-30_audio-validation-fix/Qonic_Audio_v5.0_internal_test/_internal/PySide6/qml/QtWebChannel/plugins.qmltypes,F3B9DB38F7216FD52BF95C005158EEEFF1A9472C6AE63AA2578B77C338AC3CB3,4074,qml:QtWebChannel,qml,POSSIBLY_UNUSED,PySide6 wheel tree SHA-256 match,,UNKNOWN
Release/External_Test/2026-07-30_audio-validation-fix/Qonic_Audio_v5.0_internal_test/_internal/PySide6/qml/QtWebChannel/qmldir,0D728ADEE8ED1308524A8B3E5234781D8207A15DD6C738B74E62246F9679D21D,205,qml:QtWebChannel,qml,POSSIBLY_UNUSED,PySide6 wheel tree SHA-256 match,,UNKNOWN
Release/External_Test/2026-07-30_audio-validation-fix/Qonic_Audio_v5.0_internal_test/_internal/PySide6/qml/QtWebChannel/webchannelquickplugin.dll,0F0759BF61454D6E836729DE58F6410FF43708E3F73AA1E0D3B4673203CBA736,30520,qml:QtWebChannel,qml,POSSIBLY_UNUSED,PySide6 wheel tree SHA-256 match,,UNKNOWN
Release/External_Test/2026-07-30_audio-validation-fix/Qonic_Audio_v5.0_internal_test/_internal/PySide6/qml/QtWebEngine/ControlsDelegates/AlertDialog.qml,2DC7497128086664EABA1EE0F94CC56C4B1FE06136C52F6FB84B95957B982D5D,1465,qml:QtWebEngine.ControlsDelegates,qml,POSSIBLY_UNUSED,PySide6 wheel tree SHA-256 match,,UNKNOWN
Release/External_Test/2026-07-30_audio-validation-fix/Qonic_Audio_v5.0_internal_test/_internal/PySide6/qml/QtWebEngine/ControlsDelegates/AuthenticationDialog.qml,670D2A0F44F941C86193B80AA31374A864068A45FAB23EE39F771FDC84305C42,2493,qml:QtWebEngine.ControlsDelegates,qml,POSSIBLY_UNUSED,PySide6 wheel tree SHA-256 match,,UNKNOWN
Release/External_Test/2026-07-30_audio-validation-fix/Qonic_Audio_v5.0_internal_test/_internal/PySide6/qml/QtWebEngine/ControlsDelegates/AutofillPopup.qml,CB212613678793414983439D6B8BF6A5A4FD5BA92DA8543853C1980C8D14EDF1,972,qml:QtWebEngine.ControlsDelegates,qml,POSSIBLY_UNUSED,PySide6 wheel tree SHA-256 match,,UNKNOWN
Release/External_Test/2026-07-30_audio-validation-fix/Qonic_Audio_v5.0_internal_test/_internal/PySide6/qml/QtWebEngine/ControlsDelegates/ColorDialog.qml,0865378C669F07301FE625374BD136B056A4449273E40C17E734702CFC835DDA,332,qml:QtWebEngine.ControlsDelegates,qml,POSSIBLY_UNUSED,PySide6 wheel tree SHA-256 match,,UNKNOWN
Release/External_Test/2026-07-30_audio-validation-fix/Qonic_Audio_v5.0_internal_test/_internal/PySide6/qml/QtWebEngine/ControlsDelegates/ConfirmDialog.qml,B598438F0FCCA2672765221350AC189CBE7C26464426BE9CE8E752508AB4B07E,1647,qml:QtWebEngine.ControlsDelegates,qml,POSSIBLY_UNUSED,PySide6 wheel tree SHA-256 match,,UNKNOWN
Release/External_Test/2026-07-30_audio-validation-fix/Qonic_Audio_v5.0_internal_test/_internal/PySide6/qml/QtWebEngine/ControlsDelegates/DirectoryPicker.qml,848F5A5EDECE59133B6EA5D6F563A3337FDE70FD8CD36E39FF60DA53FCB72E68,358,qml:QtWebEngine.ControlsDelegates,qml,POSSIBLY_UNUSED,PySide6 wheel tree SHA-256 match,,UNKNOWN
Release/External_Test/2026-07-30_audio-validation-fix/Qonic_Audio_v5.0_internal_test/_internal/PySide6/qml/QtWebEngine/ControlsDelegates/FilePicker.qml,B1107C57FEEE5F2DBF3F19FCE0465A2622FC0E66591F120E15532B68C035D30B,349,qml:QtWebEngine.ControlsDelegates,qml,POSSIBLY_UNUSED,PySide6 wheel tree SHA-256 match,,UNKNOWN
Release/External_Test/2026-07-30_audio-validation-fix/Qonic_Audio_v5.0_internal_test/_internal/PySide6/qml/QtWebEngine/ControlsDelegates/Menu.qml,B9E397B840ED7ACD587BDA9F3C63E03BCB3B13899749C2D1026D91E0F32F16E4,580,qml:QtWebEngine.ControlsDelegates,qml,POSSIBLY_UNUSED,PySide6 wheel tree SHA-256 match,,UNKNOWN
Release/External_Test/2026-07-30_audio-validation-fix/Qonic_Audio_v5.0_internal_test/_internal/PySide6/qml/QtWebEngine/ControlsDelegates/MenuItem.qml,68521A0E62082659E098407AF1C1E9D0075D37E67096A3477305AA4FD80F0CA9,212,qml:QtWebEngine.ControlsDelegates,qml,POSSIBLY_UNUSED,PySide6 wheel tree SHA-256 match,,UNKNOWN
Release/External_Test/2026-07-30_audio-validation-fix/Qonic_Audio_v5.0_internal_test/_internal/PySide6/qml/QtWebEngine/ControlsDelegates/MenuSeparator.qml,B8E060654863815A449EDA355BCB1511628B984AC79B1F2095FC45C534CAF873,186,qml:QtWebEngine.ControlsDelegates,qml,POSSIBLY_UNUSED,PySide6 wheel tree SHA-256 match,,UNKNOWN
Release/External_Test/2026-07-30_audio-validation-fix/Qonic_Audio_v5.0_internal_test/_internal/PySide6/qml/QtWebEngine/ControlsDelegates/PromptDialog.qml,586448DABE5A2DCD4DCED202A8260D64689F4D275BDF0D02079D40766E67A1EF,1706,qml:QtWebEngine.ControlsDelegates,qml,POSSIBLY_UNUSED,PySide6 wheel tree SHA-256 match,,UNKNOWN
Release/External_Test/2026-07-30_audio-validation-fix/Qonic_Audio_v5.0_internal_test/_internal/PySide6/qml/QtWebEngine/ControlsDelegates/qmldir,9EAB865D92E132C81065B5FA0CAD04F2F7369C462C18B8E55CF709CE9808C62A,1293,qml:QtWebEngine.ControlsDelegates,qml,POSSIBLY_UNUSED,PySide6 wheel tree SHA-256 match,,UNKNOWN
Release/External_Test/2026-07-30_audio-validation-fix/Qonic_Audio_v5.0_internal_test/_internal/PySide6/qml/QtWebEngine/ControlsDelegates/qtwebenginequickdelegatesplugin.dll,97BE4C3731A88A0946D1A1910FA5DE19BA27D531A6D82E9640D4FE60E9E25911,31544,qml:QtWebEngine.ControlsDelegates,qml,POSSIBLY_UNUSED,PySide6 wheel tree SHA-256 match,,UNKNOWN
Release/External_Test/2026-07-30_audio-validation-fix/Qonic_Audio_v5.0_internal_test/_internal/PySide6/qml/QtWebEngine/ControlsDelegates/ToolTip.qml,C37CF88B7C45D9C2EDAD222980AE818B01196FB4BF5C162CFE73E4CDB4C22E32,259,qml:QtWebEngine.ControlsDelegates,qml,POSSIBLY_UNUSED,PySide6 wheel tree SHA-256 match,,UNKNOWN
Release/External_Test/2026-07-30_audio-validation-fix/Qonic_Audio_v5.0_internal_test/_internal/PySide6/qml/QtWebEngine/ControlsDelegates/TouchHandle.qml,00CBD5EC16FB0AB48F1D7B714D2FEEE6BB54095BD1FDE7FAF10615DF88EBA215,177,qml:QtWebEngine.ControlsDelegates,qml,POSSIBLY_UNUSED,PySide6 wheel tree SHA-256 match,,UNKNOWN
Release/External_Test/2026-07-30_audio-validation-fix/Qonic_Audio_v5.0_internal_test/_internal/PySide6/qml/QtWebEngine/ControlsDelegates/TouchSelectionMenu.qml,35D98DB1FBE788601EB6485E7EF0EA2E6BA08412C6453DB04032408172F520B4,3757,qml:QtWebEngine.ControlsDelegates,qml,POSSIBLY_UNUSED,PySide6 wheel tree SHA-256 match,,UNKNOWN
Release/External_Test/2026-07-30_audio-validation-fix/Qonic_Audio_v5.0_internal_test/_internal/PySide6/qml/QtWebEngine/ControlsDelegates/WebEngineQuickDelegatesQml.qmltypes,A96C7BF5832767BDC9D91E2290A3920AEC3ABFBF2E3814BCE38B49483F16F84A,215,qml:QtWebEngine.ControlsDelegates,qml,POSSIBLY_UNUSED,PySide6 wheel tree SHA-256 match,,UNKNOWN
Release/External_Test/2026-07-30_audio-validation-fix/Qonic_Audio_v5.0_internal_test/_internal/PySide6/qml/QtWebEngine/plugins.qmltypes,A7CD1CFBA7B2DEEF47DEAAE2191BAB1CB086AE3FA80C5C273813AF148CCCB722,139703,qml:QtWebEngine,qml,POSSIBLY_UNUSED,PySide6 wheel tree SHA-256 match,,UNKNOWN
Release/External_Test/2026-07-30_audio-validation-fix/Qonic_Audio_v5.0_internal_test/_internal/PySide6/qml/QtWebEngine/qmldir,5559BEE18F7CE12E9E230707BF5854EF88C7A2E150722423EDB852C4D8F7ACC4,288,qml:QtWebEngine,qml,POSSIBLY_UNUSED,PySide6 wheel tree SHA-256 match,,UNKNOWN
Release/External_Test/2026-07-30_audio-validation-fix/Qonic_Audio_v5.0_internal_test/_internal/PySide6/qml/QtWebEngine/qtwebenginequickplugin.dll,83975E4D437F41FA2C52F8E1A84B4E91129457E20A2DE75AE742951CA0905223,34616,qml:QtWebEngine,qml,POSSIBLY_UNUSED,PySide6 wheel tree SHA-256 match,,UNKNOWN
Release/External_Test/2026-07-30_audio-validation-fix/Qonic_Audio_v5.0_internal_test/_internal/PySide6/qml/QtWebSockets/plugins.qmltypes,B6BE98C9CD53A720942F68B45F3F326E59E8BDE0AA0D38E23CD613C89F544AA6,8015,qml:QtWebSockets,qml,POSSIBLY_UNUSED,PySide6 wheel tree SHA-256 match,,UNKNOWN
Release/External_Test/2026-07-30_audio-validation-fix/Qonic_Audio_v5.0_internal_test/_internal/PySide6/qml/QtWebSockets/qmldir,D94FF135EA87BD08FA146E82E30D1D1A681B5F375A13E02A0F50D383AD1F5AF2,206,qml:QtWebSockets,qml,POSSIBLY_UNUSED,PySide6 wheel tree SHA-256 match,,UNKNOWN
Release/External_Test/2026-07-30_audio-validation-fix/Qonic_Audio_v5.0_internal_test/_internal/PySide6/qml/QtWebSockets/qmlwebsocketsplugin.dll,A28020131251C39D92B2708688141D2915D3254B27D74A39550D11437EB7DFFD,79160,qml:QtWebSockets,qml,POSSIBLY_UNUSED,PySide6 wheel tree SHA-256 match,,UNKNOWN
Release/External_Test/2026-07-30_audio-validation-fix/Qonic_Audio_v5.0_internal_test/_internal/PySide6/qml/QtWebView/plugins.qmltypes,2728AC9E9E1BF65D076315FE53B002575E61D92670150CAE877E1E8BBF81012F,9598,qml:QtWebView,qml,POSSIBLY_UNUSED,PySide6 wheel tree SHA-256 match,,UNKNOWN
Release/External_Test/2026-07-30_audio-validation-fix/Qonic_Audio_v5.0_internal_test/_internal/PySide6/qml/QtWebView/qmldir,962997E034DA1D8F28E95234E8226108F5138839DE96A6C1F323DD8F2A479EC9,246,qml:QtWebView,qml,POSSIBLY_UNUSED,PySide6 wheel tree SHA-256 match,,UNKNOWN
Release/External_Test/2026-07-30_audio-validation-fix/Qonic_Audio_v5.0_internal_test/_internal/PySide6/qml/QtWebView/qtwebviewquickplugin.dll,6017AC562EE5E193CB1CF1A0842A7A915508C5EBA0603F5805CDDF429A901F45,30520,qml:QtWebView,qml,POSSIBLY_UNUSED,PySide6 wheel tree SHA-256 match,,UNKNOWN
Release/External_Test/2026-07-30_audio-validation-fix/Qonic_Audio_v5.0_internal_test/_internal/PySide6/Qt63DAnimation.dll,9CEBE86E5DC9190B20B4FFD77D49A1C689E357F3C60A8F68236B7EA96BD373B4,522552,Qt63DAnimation,runtime,POSSIBLY_UNUSED,PySide6 wheel tree SHA-256 match,qt3d,LGPL-OR-GPL-CANDIDATE
Release/External_Test/2026-07-30_audio-validation-fix/Qonic_Audio_v5.0_internal_test/_internal/PySide6/Qt63DCore.dll,3C43DBB8E6AE4CA27BE78FE578F6B3EF49F5CF75CFE7503D945FE9C120D8BFBA,549176,Qt63DCore,runtime,POSSIBLY_UNUSED,PySide6 wheel tree SHA-256 match,qt3d,LGPL-OR-GPL-CANDIDATE
Release/External_Test/2026-07-30_audio-validation-fix/Qonic_Audio_v5.0_internal_test/_internal/PySide6/Qt63DExtras.dll,BB1CC4BF803D99A7F9A1D8854F815EE1EF7C48B48CBB9FA8E059940C4A5C6470,764728,Qt63DExtras,runtime,POSSIBLY_UNUSED,PySide6 wheel tree SHA-256 match,qt3d,LGPL-OR-GPL-CANDIDATE
Release/External_Test/2026-07-30_audio-validation-fix/Qonic_Audio_v5.0_internal_test/_internal/PySide6/Qt63DInput.dll,63C624C130DCB5E5C90891942B4AA7A1C27E1AE7D08EEE884E19CC24E65D9268,408888,Qt63DInput,runtime,POSSIBLY_UNUSED,PySide6 wheel tree SHA-256 match,qt3d,LGPL-OR-GPL-CANDIDATE
Release/External_Test/2026-07-30_audio-validation-fix/Qonic_Audio_v5.0_internal_test/_internal/PySide6/Qt63DLogic.dll,9AF5E8C6A0037617D516B7C1454BFE2CD78A84AAB46EDBE8855D55177B9BE141,73016,Qt63DLogic,runtime,POSSIBLY_UNUSED,PySide6 wheel tree SHA-256 match,qt3d,LGPL-OR-GPL-CANDIDATE
Release/External_Test/2026-07-30_audio-validation-fix/Qonic_Audio_v5.0_internal_test/_internal/PySide6/Qt63DQuick.dll,F3EE3F7B1FB1498933737CA8557BD0313D3D345D8043AD04A3A94AA274B2CA7C,325432,Qt63DQuick,runtime,POSSIBLY_UNUSED,PySide6 wheel tree SHA-256 match,qt3d,LGPL-OR-GPL-CANDIDATE
Release/External_Test/2026-07-30_audio-validation-fix/Qonic_Audio_v5.0_internal_test/_internal/PySide6/Qt63DQuickAnimation.dll,9380CCD4375516938CB2A28FEE52112F834C87F4D555E275628461CBED3F5A4A,145208,Qt63DQuickAnimation,runtime,POSSIBLY_UNUSED,PySide6 wheel tree SHA-256 match,qt3d,LGPL-OR-GPL-CANDIDATE
Release/External_Test/2026-07-30_audio-validation-fix/Qonic_Audio_v5.0_internal_test/_internal/PySide6/Qt63DQuickExtras.dll,897936DA8BAD2530770E50B135D104C4F57A849F2FC161DB765BD4BDBE3F967C,248632,Qt63DQuickExtras,runtime,POSSIBLY_UNUSED,PySide6 wheel tree SHA-256 match,qt3d,LGPL-OR-GPL-CANDIDATE
Release/External_Test/2026-07-30_audio-validation-fix/Qonic_Audio_v5.0_internal_test/_internal/PySide6/Qt63DQuickInput.dll,57DCF036BF7B7EA7141652F05305D63CBADA0DFFB78967BA3B3DA0FF3B895BF8,66872,Qt63DQuickInput,runtime,POSSIBLY_UNUSED,PySide6 wheel tree SHA-256 match,qt3d,LGPL-OR-GPL-CANDIDATE
Release/External_Test/2026-07-30_audio-validation-fix/Qonic_Audio_v5.0_internal_test/_internal/PySide6/Qt63DQuickLogic.dll,638F1FD8B9C196508C4FDD7C745960FCA68DED5829AF61D283887211CA9DAC8B,31032,Qt63DQuickLogic,runtime,POSSIBLY_UNUSED,PySide6 wheel tree SHA-256 match,qt3d,LGPL-OR-GPL-CANDIDATE
Release/External_Test/2026-07-30_audio-validation-fix/Qonic_Audio_v5.0_internal_test/_internal/PySide6/Qt63DQuickRender.dll,D1E549A3C3881775A98B64D0034B7E56DD79D8209FF77F0DB9891246D7993D08,553272,Qt63DQuickRender,runtime,POSSIBLY_UNUSED,PySide6 wheel tree SHA-256 match,qt3d,LGPL-OR-GPL-CANDIDATE
Release/External_Test/2026-07-30_audio-validation-fix/Qonic_Audio_v5.0_internal_test/_internal/PySide6/Qt63DQuickScene2D.dll,1093690E51A889F4DFD2A09C09A78AFC0BD0EFF764C8A9953BED428895F12917,115000,Qt63DQuickScene2D,runtime,POSSIBLY_UNUSED,PySide6 wheel tree SHA-256 match,qt3d,LGPL-OR-GPL-CANDIDATE
Release/External_Test/2026-07-30_audio-validation-fix/Qonic_Audio_v5.0_internal_test/_internal/PySide6/Qt63DQuickScene3D.dll,0D5FE7BDC14DB1792607B27F6CEF1236F4055934F1C28FA8B1506F8D6062116D,102712,Qt63DQuickScene3D,runtime,POSSIBLY_UNUSED,PySide6 wheel tree SHA-256 match,qt3d,LGPL-OR-GPL-CANDIDATE
Release/External_Test/2026-07-30_audio-validation-fix/Qonic_Audio_v5.0_internal_test/_internal/PySide6/Qt63DRender.dll,0BE4F2753C15F6B37113A2A95A27A57702DC580841491B5D497C02FA8EBA594D,2599736,Qt63DRender,runtime,POSSIBLY_UNUSED,PySide6 wheel tree SHA-256 match,qt3d,LGPL-OR-GPL-CANDIDATE
Release/External_Test/2026-07-30_audio-validation-fix/Qonic_Audio_v5.0_internal_test/_internal/PySide6/Qt6Charts.dll,4CC985103B280A359BE3F2283025A743085F65C91B03BDD0949CA6A2FDD96827,1758520,Qt6Charts,runtime,POSSIBLY_UNUSED,PySide6 wheel tree SHA-256 match,qtcharts,LGPL-OR-GPL-CANDIDATE
Release/External_Test/2026-07-30_audio-validation-fix/Qonic_Audio_v5.0_internal_test/_internal/PySide6/Qt6ChartsQml.dll,20DF971136EDC8379B2A7DA5CC5428527CC2F68C788EF4AE2D4BCA8DB9D0B446,579896,Qt6ChartsQml,runtime,POSSIBLY_UNUSED,PySide6 wheel tree SHA-256 match,qtcharts,LGPL-OR-GPL-CANDIDATE
Release/External_Test/2026-07-30_audio-validation-fix/Qonic_Audio_v5.0_internal_test/_internal/PySide6/Qt6Concurrent.dll,3E8CF682D904EC31848273E4B10C17D70749D356ABE15A43E0FE9AB09779B11B,35128,Qt6Concurrent,runtime,POSSIBLY_UNUSED,PySide6 wheel tree SHA-256 match,qtbase,LGPL-OR-GPL-CANDIDATE
Release/External_Test/2026-07-30_audio-validation-fix/Qonic_Audio_v5.0_internal_test/_internal/PySide6/Qt6Core.dll,65FE6224B6C47A15B058738031D31DCE9928C4D7A58E1B8DB6434F6F5CDDD702,10480440,Qt6Core,runtime,LIKELY_REQUIRED,PySide6 wheel tree SHA-256 match,qtbase,LGPL-OR-GPL-CANDIDATE
Release/External_Test/2026-07-30_audio-validation-fix/Qonic_Audio_v5.0_internal_test/_internal/PySide6/Qt6DataVisualization.dll,F4BBFC106550C4E205EB7175E76F532C975537F46E6CF8D0843E4D59E2401454,1217848,Qt6DataVisualization,runtime,POSSIBLY_UNUSED,PySide6 wheel tree SHA-256 match,qtdatavis3d,LGPL-OR-GPL-CANDIDATE
Release/External_Test/2026-07-30_audio-validation-fix/Qonic_Audio_v5.0_internal_test/_internal/PySide6/Qt6DataVisualizationQml.dll,30AF9C1D25D56D2A8B1D64B38DB0E1631FCBD9177C4BA4AE75F27D006B5C7BF0,442680,Qt6DataVisualizationQml,runtime,POSSIBLY_UNUSED,PySide6 wheel tree SHA-256 match,qtdatavis3d,LGPL-OR-GPL-CANDIDATE
Release/External_Test/2026-07-30_audio-validation-fix/Qonic_Audio_v5.0_internal_test/_internal/PySide6/Qt6Graphs.dll,24180DBB7AC73BFFEF862E79F76E4BCA01FE74C54BEC2BD0E58747B541922640,2559800,Qt6Graphs,runtime,POSSIBLY_UNUSED,PySide6 wheel tree SHA-256 match,qtgraphs,GPL-ONLY-RISK
Release/External_Test/2026-07-30_audio-validation-fix/Qonic_Audio_v5.0_internal_test/_internal/PySide6/Qt6Gui.dll,CD071161AD325FF2DE92B0E33D71334EF20712544796949623CE92DFB3957E90,9589560,Qt6Gui,runtime,LIKELY_REQUIRED,PySide6 wheel tree SHA-256 match,qtbase,LGPL-OR-GPL-CANDIDATE
Release/External_Test/2026-07-30_audio-validation-fix/Qonic_Audio_v5.0_internal_test/_internal/PySide6/Qt6LabsAnimation.dll,A8E6FF4BD56A429C694F37AD6584D72569DE005C89C8E6BB8B6C071D4BF4CD3B,55096,Qt6LabsAnimation,runtime,POSSIBLY_UNUSED,PySide6 wheel tree SHA-256 match,qtdeclarative,LGPL-OR-GPL-CANDIDATE
Release/External_Test/2026-07-30_audio-validation-fix/Qonic_Audio_v5.0_internal_test/_internal/PySide6/Qt6LabsFolderListModel.dll,C7A2C0F0B32D4E94D3A31140C5F2D11DAE20E67DD945600CEF5FFFC1C35BA692,122168,Qt6LabsFolderListModel,runtime,POSSIBLY_UNUSED,PySide6 wheel tree SHA-256 match,qtdeclarative,LGPL-OR-GPL-CANDIDATE
Release/External_Test/2026-07-30_audio-validation-fix/Qonic_Audio_v5.0_internal_test/_internal/PySide6/Qt6LabsPlatform.dll,18E519A4D4241E72F7153D342A5E087369CCFAC2ECE4A7D8F9CA88728A78DC52,284472,Qt6LabsPlatform,runtime,POSSIBLY_UNUSED,PySide6 wheel tree SHA-256 match,qtdeclarative,LGPL-OR-GPL-CANDIDATE
Release/External_Test/2026-07-30_audio-validation-fix/Qonic_Audio_v5.0_internal_test/_internal/PySide6/Qt6LabsQmlModels.dll,567C15949D203BF6D0ED473ACC8837D200F98BCC8A12F4B12EEB7DCF21805B01,197432,Qt6LabsQmlModels,runtime,POSSIBLY_UNUSED,PySide6 wheel tree SHA-256 match,qtdeclarative,LGPL-OR-GPL-CANDIDATE
Release/External_Test/2026-07-30_audio-validation-fix/Qonic_Audio_v5.0_internal_test/_internal/PySide6/Qt6LabsSettings.dll,C540DF751EA1A90CB680BCC14197110E00DDA996EEEA7280DC9A9653F0F174A6,61752,Qt6LabsSettings,runtime,POSSIBLY_UNUSED,PySide6 wheel tree SHA-256 match,qtdeclarative,LGPL-OR-GPL-CANDIDATE
Release/External_Test/2026-07-30_audio-validation-fix/Qonic_Audio_v5.0_internal_test/_internal/PySide6/Qt6LabsSharedImage.dll,23FD6164038423AE34350EEF1C4E5ADEC9BD7195B31BF5D72B220493C25D66F8,56632,Qt6LabsSharedImage,runtime,POSSIBLY_UNUSED,PySide6 wheel tree SHA-256 match,qtdeclarative,LGPL-OR-GPL-CANDIDATE
Release/External_Test/2026-07-30_audio-validation-fix/Qonic_Audio_v5.0_internal_test/_internal/PySide6/Qt6LabsStyleKit.dll,9706DE45E0392D47D08791144F52D8E0EA19FD5F534C02238BD882442917E21D,1464632,Qt6LabsStyleKit,runtime,POSSIBLY_UNUSED,PySide6 wheel tree SHA-256 match,qtdeclarative,LGPL-OR-GPL-CANDIDATE
Release/External_Test/2026-07-30_audio-validation-fix/Qonic_Audio_v5.0_internal_test/_internal/PySide6/Qt6LabsStyleKitImpl.dll,D88F19C2610A88591FECE150C603B332759D0260D963368CFF80627D4452DB0B,280376,Qt6LabsStyleKitImpl,runtime,POSSIBLY_UNUSED,PySide6 wheel tree SHA-256 match,qtdeclarative,LGPL-OR-GPL-CANDIDATE
Release/External_Test/2026-07-30_audio-validation-fix/Qonic_Audio_v5.0_internal_test/_internal/PySide6/Qt6LabsSynchronizer.dll,30DB78F5A33C3FFBAFD9BEDCAAA23AEA0FD46A64846AAA072A62576404E4D3D8,68408,Qt6LabsSynchronizer,runtime,POSSIBLY_UNUSED,PySide6 wheel tree SHA-256 match,qtdeclarative,LGPL-OR-GPL-CANDIDATE
Release/External_Test/2026-07-30_audio-validation-fix/Qonic_Audio_v5.0_internal_test/_internal/PySide6/Qt6LabsWavefrontMesh.dll,85A0118043667FBC64A6CDB9A97A0DFECED55B7443969771C4050C3FBAD7F239,60728,Qt6LabsWavefrontMesh,runtime,POSSIBLY_UNUSED,PySide6 wheel tree SHA-256 match,qtdeclarative,LGPL-OR-GPL-CANDIDATE
Release/External_Test/2026-07-30_audio-validation-fix/Qonic_Audio_v5.0_internal_test/_internal/PySide6/Qt6Location.dll,003516A8B772D158A6C14250B07700DFC58E5BFA49C4F9D8A40DDD1A50F0A774,1690424,Qt6Location,runtime,POSSIBLY_UNUSED,PySide6 wheel tree SHA-256 match,qtlocation,LGPL-OR-GPL-CANDIDATE
Release/External_Test/2026-07-30_audio-validation-fix/Qonic_Audio_v5.0_internal_test/_internal/PySide6/Qt6Multimedia.dll,DC32F2CBB90E42D4DAA3215F24FB42F5396911379D7F10E89DF8CF14A765760A,1283896,Qt6Multimedia,runtime,LIKELY_REQUIRED,PySide6 wheel tree SHA-256 match,qtmultimedia,LGPL-OR-GPL-CANDIDATE
Release/External_Test/2026-07-30_audio-validation-fix/Qonic_Audio_v5.0_internal_test/_internal/PySide6/Qt6MultimediaQuick.dll,CBA93D94EE604B987F1F4F5150BDCA482CE98ABF81F5345D03FA7C1F3DA85692,293688,Qt6MultimediaQuick,runtime,LIKELY_REQUIRED,PySide6 wheel tree SHA-256 match,qtmultimedia,LGPL-OR-GPL-CANDIDATE
Release/External_Test/2026-07-30_audio-validation-fix/Qonic_Audio_v5.0_internal_test/_internal/PySide6/Qt6MultimediaWidgets.dll,8EE4991F792CFCB10B7A125E905393DCB6B2AC9C2EAC70C55133BA265395327A,62264,Qt6MultimediaWidgets,runtime,LIKELY_REQUIRED,PySide6 wheel tree SHA-256 match,qtmultimedia,LGPL-OR-GPL-CANDIDATE
Release/External_Test/2026-07-30_audio-validation-fix/Qonic_Audio_v5.0_internal_test/_internal/PySide6/Qt6Network.dll,DFD0DD852274A5FE9B3C7D2DD9FFFE7E2117D28C10FC862174D6675D42395177,1771320,Qt6Network,runtime,LIKELY_REQUIRED,PySide6 wheel tree SHA-256 match,qtbase,LGPL-OR-GPL-CANDIDATE
Release/External_Test/2026-07-30_audio-validation-fix/Qonic_Audio_v5.0_internal_test/_internal/PySide6/Qt6OpenGL.dll,B31D20DC5AB28731D43AC5312C46C8FE1C39EA3E9614C46E6419B4DEBC87C1EB,1977656,Qt6OpenGL,runtime,LIKELY_REQUIRED,PySide6 wheel tree SHA-256 match,qtbase,LGPL-OR-GPL-CANDIDATE
Release/External_Test/2026-07-30_audio-validation-fix/Qonic_Audio_v5.0_internal_test/_internal/PySide6/Qt6OpenGLWidgets.dll,2BF39D881BC9F489652805C5F983262B4ECFBAADCCEBE2E8A8A5D0BA4CA4DECD,64824,Qt6OpenGLWidgets,runtime,LIKELY_REQUIRED,PySide6 wheel tree SHA-256 match,qtbase,LGPL-OR-GPL-CANDIDATE
Release/External_Test/2026-07-30_audio-validation-fix/Qonic_Audio_v5.0_internal_test/_internal/PySide6/Qt6Pdf.dll,CF8AE19CF5F98DB4A3AE332FBE6BD00BC4CDF5CA5779F88B2071CF8180610106,4611384,Qt6Pdf,runtime,POSSIBLY_UNUSED,PySide6 wheel tree SHA-256 match,qtwebengine,LGPL-OR-GPL-CANDIDATE
Release/External_Test/2026-07-30_audio-validation-fix/Qonic_Audio_v5.0_internal_test/_internal/PySide6/Qt6PdfQuick.dll,CEB16497A88D882609A5D74DD1FD55E0F35159B303E39BFDBA0B3F1036C0CEBA,575800,Qt6PdfQuick,runtime,POSSIBLY_UNUSED,PySide6 wheel tree SHA-256 match,qtwebengine,LGPL-OR-GPL-CANDIDATE
Release/External_Test/2026-07-30_audio-validation-fix/Qonic_Audio_v5.0_internal_test/_internal/PySide6/Qt6Positioning.dll,006B08E87FA3A4C970F66819A5926B3906BC760DB6C40614A60FC37D9D0FC009,523064,Qt6Positioning,runtime,POSSIBLY_UNUSED,PySide6 wheel tree SHA-256 match,qtpositioning,LGPL-OR-GPL-CANDIDATE
Release/External_Test/2026-07-30_audio-validation-fix/Qonic_Audio_v5.0_internal_test/_internal/PySide6/Qt6PositioningQuick.dll,87403AB8156501B41743EDA48D43F8813509D113945E165FCA5D0A443970C1AD,345912,Qt6PositioningQuick,runtime,POSSIBLY_UNUSED,PySide6 wheel tree SHA-256 match,qtpositioning,LGPL-OR-GPL-CANDIDATE
Release/External_Test/2026-07-30_audio-validation-fix/Qonic_Audio_v5.0_internal_test/_internal/PySide6/Qt6Qml.dll,5DD60D8E2048557BC1B8A57F6BB44986F45D693C3B0930D1341B07089478F09D,5380920,Qt6Qml,runtime,LIKELY_REQUIRED,PySide6 wheel tree SHA-256 match,qtdeclarative,LGPL-OR-GPL-CANDIDATE
Release/External_Test/2026-07-30_audio-validation-fix/Qonic_Audio_v5.0_internal_test/_internal/PySide6/Qt6QmlCore.dll,DF12829A1B4A5970728DDD2F9D196225A9E9AA16E5BE258D5BE795BB8BC82205,134456,Qt6QmlCore,runtime,LIKELY_REQUIRED,PySide6 wheel tree SHA-256 match,qtdeclarative,LGPL-OR-GPL-CANDIDATE
Release/External_Test/2026-07-30_audio-validation-fix/Qonic_Audio_v5.0_internal_test/_internal/PySide6/Qt6QmlLocalStorage.dll,C798DC8FDC73A7AE37FDFDE8B3489BA131ECFD4DB55FAD0E8CBD3DD2EB9F074F,62264,Qt6QmlLocalStorage,runtime,LIKELY_REQUIRED,PySide6 wheel tree SHA-256 match,qtdeclarative,LGPL-OR-GPL-CANDIDATE
Release/External_Test/2026-07-30_audio-validation-fix/Qonic_Audio_v5.0_internal_test/_internal/PySide6/Qt6QmlMeta.dll,1AE5A50E8DEFA2B60518A2261A2472ECF4D3E3CA965780339953D658844D4AA0,160056,Qt6QmlMeta,runtime,LIKELY_REQUIRED,PySide6 wheel tree SHA-256 match,qtdeclarative,LGPL-OR-GPL-CANDIDATE
Release/External_Test/2026-07-30_audio-validation-fix/Qonic_Audio_v5.0_internal_test/_internal/PySide6/Qt6QmlModels.dll,1EC0D115747D65A994798064618FFD9E3E9EFA1548297E64E08C49C9A98F0FEB,997176,Qt6QmlModels,runtime,LIKELY_REQUIRED,PySide6 wheel tree SHA-256 match,qtdeclarative,LGPL-OR-GPL-CANDIDATE
Release/External_Test/2026-07-30_audio-validation-fix/Qonic_Audio_v5.0_internal_test/_internal/PySide6/Qt6QmlNetwork.dll,CD9686A0B36E4BBAA23BE461493D8E978A53D4868E1883798A9723A681A26ABC,128312,Qt6QmlNetwork,runtime,LIKELY_REQUIRED,PySide6 wheel tree SHA-256 match,qtdeclarative,LGPL-OR-GPL-CANDIDATE
Release/External_Test/2026-07-30_audio-validation-fix/Qonic_Audio_v5.0_internal_test/_internal/PySide6/Qt6QmlWorkerScript.dll,3A764B6C2BC8CB21F009485E7410E6D29B9EDD5E0ADDBED8FB89292C0AB64C97,80696,Qt6QmlWorkerScript,runtime,LIKELY_REQUIRED,PySide6 wheel tree SHA-256 match,qtdeclarative,LGPL-OR-GPL-CANDIDATE
Release/External_Test/2026-07-30_audio-validation-fix/Qonic_Audio_v5.0_internal_test/_internal/PySide6/Qt6QmlXmlListModel.dll,14902B239006E32892FDBA89DC3D9D9C4D9D333E5752A7C2BBECA9928C1531D1,133432,Qt6QmlXmlListModel,runtime,LIKELY_REQUIRED,PySide6 wheel tree SHA-256 match,qtdeclarative,LGPL-OR-GPL-CANDIDATE
Release/External_Test/2026-07-30_audio-validation-fix/Qonic_Audio_v5.0_internal_test/_internal/PySide6/Qt6Quick.dll,33BDDB006A99C82CE3BB677FD2535DFB651D4B2FB12AA13EADDE6DC442BF7F0D,6593336,Qt6Quick,runtime,LIKELY_REQUIRED,PySide6 wheel tree SHA-256 match,qtdeclarative,LGPL-OR-GPL-CANDIDATE
Release/External_Test/2026-07-30_audio-validation-fix/Qonic_Audio_v5.0_internal_test/_internal/PySide6/Qt6Quick3D.dll,170F75CE7F529FAD8C403352AD039C622B9A9AAEDC8A5A8B84AEBA4CA00F541E,1470776,Qt6Quick3D,runtime,LIKELY_REQUIRED,PySide6 wheel tree SHA-256 match,qtquick3d,GPL-ONLY-RISK
Release/External_Test/2026-07-30_audio-validation-fix/Qonic_Audio_v5.0_internal_test/_internal/PySide6/Qt6Quick3DAssetImport.dll,59C67AC9D9664C63BB598C7F8382BA9F7E9EDA31D8F09BA0CE868C4062986BA9,70456,Qt6Quick3DAssetImport,runtime,LIKELY_REQUIRED,PySide6 wheel tree SHA-256 match,qtquick3d,GPL-ONLY-RISK
Release/External_Test/2026-07-30_audio-validation-fix/Qonic_Audio_v5.0_internal_test/_internal/PySide6/Qt6Quick3DAssetUtils.dll,37B3665EF518D980C9F396D1D9B312E76794B46F0B4947A6282D4E78BADDDF62,317240,Qt6Quick3DAssetUtils,runtime,LIKELY_REQUIRED,PySide6 wheel tree SHA-256 match,qtquick3d,GPL-ONLY-RISK
Release/External_Test/2026-07-30_audio-validation-fix/Qonic_Audio_v5.0_internal_test/_internal/PySide6/Qt6Quick3DEffects.dll,1B3FF08E5DB80665DF969DB90444EBFC1CBA04721BFC35644B41CE4821FB8BF3,419128,Qt6Quick3DEffects,runtime,LIKELY_REQUIRED,PySide6 wheel tree SHA-256 match,qtquick3d,GPL-ONLY-RISK
Release/External_Test/2026-07-30_audio-validation-fix/Qonic_Audio_v5.0_internal_test/_internal/PySide6/Qt6Quick3DHelpers.dll,C60CDB3EC221065ACA3F1D70CB5C454B77CF6683E4E6E7FE866BDE7FE44F077A,717112,Qt6Quick3DHelpers,runtime,LIKELY_REQUIRED,PySide6 wheel tree SHA-256 match,qtquick3d,GPL-ONLY-RISK
Release/External_Test/2026-07-30_audio-validation-fix/Qonic_Audio_v5.0_internal_test/_internal/PySide6/Qt6Quick3DHelpersImpl.dll,0A367AB882B6E862CC68D3DC73489AECCFD77716C1A10B5452060A397D2AFA33,536888,Qt6Quick3DHelpersImpl,runtime,LIKELY_REQUIRED,PySide6 wheel tree SHA-256 match,qtquick3d,GPL-ONLY-RISK
Release/External_Test/2026-07-30_audio-validation-fix/Qonic_Audio_v5.0_internal_test/_internal/PySide6/Qt6Quick3DParticleEffects.dll,5A6240537A09AB657F06EC6B63DC27FCC00C7D648560B534E61A0FF2C6E59699,24376,Qt6Quick3DParticleEffects,runtime,LIKELY_REQUIRED,PySide6 wheel tree SHA-256 match,qtquick3d,GPL-ONLY-RISK
Release/External_Test/2026-07-30_audio-validation-fix/Qonic_Audio_v5.0_internal_test/_internal/PySide6/Qt6Quick3DParticles.dll,73B02816FF3BD98F3E262323982227C5428A6FDBB917CD99BB3C1620FEB5AC89,2082104,Qt6Quick3DParticles,runtime,LIKELY_REQUIRED,PySide6 wheel tree SHA-256 match,qtquick3d,GPL-ONLY-RISK
Release/External_Test/2026-07-30_audio-validation-fix/Qonic_Audio_v5.0_internal_test/_internal/PySide6/Qt6Quick3DRuntimeRender.dll,2E61984DE1E5B07A5154400DC4EB6C4FE0B3800216382E3D16E164BB2AE0D409,4415288,Qt6Quick3DRuntimeRender,runtime,LIKELY_REQUIRED,PySide6 wheel tree SHA-256 match,qtquick3d,GPL-ONLY-RISK
Release/External_Test/2026-07-30_audio-validation-fix/Qonic_Audio_v5.0_internal_test/_internal/PySide6/Qt6Quick3DSpatialAudio.dll,1BD9DE723421A48645B48AC43DBC5FBCA5716C0BAA85F073B27BA71D7AF6D65A,85816,Qt6Quick3DSpatialAudio,runtime,LIKELY_REQUIRED,PySide6 wheel tree SHA-256 match,qtquick3d,GPL-ONLY-RISK
Release/External_Test/2026-07-30_audio-validation-fix/Qonic_Audio_v5.0_internal_test/_internal/PySide6/Qt6Quick3DUtils.dll,BDD179C04D25AAA452C04DF9B58ABA9D25BEAD0F9D8D9F0CFA6780793953B678,482104,Qt6Quick3DUtils,runtime,LIKELY_REQUIRED,PySide6 wheel tree SHA-256 match,qtquick3d,GPL-ONLY-RISK
Release/External_Test/2026-07-30_audio-validation-fix/Qonic_Audio_v5.0_internal_test/_internal/PySide6/Qt6Quick3DXr.dll,30E31C448E78F329D3265511974C4E97BCA8F89B9BEA0D078351890893427C30,914232,Qt6Quick3DXr,runtime,LIKELY_REQUIRED,PySide6 wheel tree SHA-256 match,qtquick3d,GPL-ONLY-RISK
Release/External_Test/2026-07-30_audio-validation-fix/Qonic_Audio_v5.0_internal_test/_internal/PySide6/Qt6QuickControls2.dll,8FD1B897263B7689804F72162F33DF4CE3E80E4C576677072C866FC40453FDE9,103224,Qt6QuickControls2,runtime,LIKELY_REQUIRED,PySide6 wheel tree SHA-256 match,qtdeclarative,LGPL-OR-GPL-CANDIDATE
Release/External_Test/2026-07-30_audio-validation-fix/Qonic_Audio_v5.0_internal_test/_internal/PySide6/Qt6QuickControls2Basic.dll,7832965D2D25FE492B5B1F590368F3A6239A3DB47275429BF92AE5BD94F8890D,1848632,Qt6QuickControls2Basic,runtime,LIKELY_REQUIRED,PySide6 wheel tree SHA-256 match,qtdeclarative,LGPL-OR-GPL-CANDIDATE
Release/External_Test/2026-07-30_audio-validation-fix/Qonic_Audio_v5.0_internal_test/_internal/PySide6/Qt6QuickControls2BasicStyleImpl.dll,8E184CD09ED389DA9578B59E01D17F780549E6722D1E9062377F9A6CD205BEDB,90936,Qt6QuickControls2BasicStyleImpl,runtime,LIKELY_REQUIRED,PySide6 wheel tree SHA-256 match,qtdeclarative,LGPL-OR-GPL-CANDIDATE
Release/External_Test/2026-07-30_audio-validation-fix/Qonic_Audio_v5.0_internal_test/_internal/PySide6/Qt6QuickControls2FluentWinUI3StyleImpl.dll,A4E175E799EE1B455689FE95F7F60219987696A222FF05446C7F331D52674417,221496,Qt6QuickControls2FluentWinUI3StyleImpl,runtime,LIKELY_REQUIRED,PySide6 wheel tree SHA-256 match,qtdeclarative,LGPL-OR-GPL-CANDIDATE
Release/External_Test/2026-07-30_audio-validation-fix/Qonic_Audio_v5.0_internal_test/_internal/PySide6/Qt6QuickControls2Fusion.dll,EEE5E217E39395A24BCC57166018BAF2FE5E4A71FEDFE2654E06F85D6E930A49,1511736,Qt6QuickControls2Fusion,runtime,LIKELY_REQUIRED,PySide6 wheel tree SHA-256 match,qtdeclarative,LGPL-OR-GPL-CANDIDATE
Release/External_Test/2026-07-30_audio-validation-fix/Qonic_Audio_v5.0_internal_test/_internal/PySide6/Qt6QuickControls2FusionStyleImpl.dll,E1355B77162A72F45B4AA712D9107F8A1B63BBA9F15FF94C6B2EE6B3CE989EFE,185656,Qt6QuickControls2FusionStyleImpl,runtime,LIKELY_REQUIRED,PySide6 wheel tree SHA-256 match,qtdeclarative,LGPL-OR-GPL-CANDIDATE
Release/External_Test/2026-07-30_audio-validation-fix/Qonic_Audio_v5.0_internal_test/_internal/PySide6/Qt6QuickControls2Imagine.dll,20BAB2AA5CD4490F9510CC263E7C3934FEF3BF86416D607D1ECF1D6D56C542EE,3088184,Qt6QuickControls2Imagine,runtime,LIKELY_REQUIRED,PySide6 wheel tree SHA-256 match,qtdeclarative,LGPL-OR-GPL-CANDIDATE
Release/External_Test/2026-07-30_audio-validation-fix/Qonic_Audio_v5.0_internal_test/_internal/PySide6/Qt6QuickControls2ImagineStyleImpl.dll,D18FE4A4112E2E557F6ACB9539EEF5D930ADA539D1B16BCD8550E76C434D2597,70456,Qt6QuickControls2ImagineStyleImpl,runtime,LIKELY_REQUIRED,PySide6 wheel tree SHA-256 match,qtdeclarative,LGPL-OR-GPL-CANDIDATE
Release/External_Test/2026-07-30_audio-validation-fix/Qonic_Audio_v5.0_internal_test/_internal/PySide6/Qt6QuickControls2Impl.dll,1C69302A4E18304F078A1290F52C821AAD380945408955A9C695638080362AB5,331064,Qt6QuickControls2Impl,runtime,LIKELY_REQUIRED,PySide6 wheel tree SHA-256 match,qtdeclarative,LGPL-OR-GPL-CANDIDATE
Release/External_Test/2026-07-30_audio-validation-fix/Qonic_Audio_v5.0_internal_test/_internal/PySide6/Qt6QuickControls2Material.dll,D7C58C9C110B98004CC687612F9B66164D036749FC010A8D8FBA9E4F125BC64B,1922360,Qt6QuickControls2Material,runtime,LIKELY_REQUIRED,PySide6 wheel tree SHA-256 match,qtdeclarative,LGPL-OR-GPL-CANDIDATE
Release/External_Test/2026-07-30_audio-validation-fix/Qonic_Audio_v5.0_internal_test/_internal/PySide6/Qt6QuickControls2MaterialStyleImpl.dll,F52BED605EE936326967332F0A8B9404D24157362DC4AB8E163771C83DFE0E4A,312120,Qt6QuickControls2MaterialStyleImpl,runtime,LIKELY_REQUIRED,PySide6 wheel tree SHA-256 match,qtdeclarative,LGPL-OR-GPL-CANDIDATE
Release/External_Test/2026-07-30_audio-validation-fix/Qonic_Audio_v5.0_internal_test/_internal/PySide6/Qt6QuickControls2Universal.dll,C7CD66E67017D205E980F5091DC5D5019F51F3213FEFC5A2F52AC2985E133DC9,1592632,Qt6QuickControls2Universal,runtime,LIKELY_REQUIRED,PySide6 wheel tree SHA-256 match,qtdeclarative,LGPL-OR-GPL-CANDIDATE
Release/External_Test/2026-07-30_audio-validation-fix/Qonic_Audio_v5.0_internal_test/_internal/PySide6/Qt6QuickControls2UniversalStyleImpl.dll,8FB638BCAB61F71AAA9AA2C9F9D9A195AEF36AE2F4F88544F7FF6965FFE4F6F2,142136,Qt6QuickControls2UniversalStyleImpl,runtime,LIKELY_REQUIRED,PySide6 wheel tree SHA-256 match,qtdeclarative,LGPL-OR-GPL-CANDIDATE
Release/External_Test/2026-07-30_audio-validation-fix/Qonic_Audio_v5.0_internal_test/_internal/PySide6/Qt6QuickControls2WindowsStyleImpl.dll,EAB4E0A6CEF732B4653F3E7D0AADB88F7B50435CD68944547ED4BA8EBD018144,66872,Qt6QuickControls2WindowsStyleImpl,runtime,LIKELY_REQUIRED,PySide6 wheel tree SHA-256 match,qtdeclarative,LGPL-OR-GPL-CANDIDATE
Release/External_Test/2026-07-30_audio-validation-fix/Qonic_Audio_v5.0_internal_test/_internal/PySide6/Qt6QuickDialogs2.dll,51E75B4A8942B47FCDD888EA2C9A85DABA3E7606C97A62C1D2B7458DBA65D51E,159544,Qt6QuickDialogs2,runtime,LIKELY_REQUIRED,PySide6 wheel tree SHA-256 match,qtdeclarative,LGPL-OR-GPL-CANDIDATE
Release/External_Test/2026-07-30_audio-validation-fix/Qonic_Audio_v5.0_internal_test/_internal/PySide6/Qt6QuickDialogs2QuickImpl.dll,A5C61CAC40EC233136BBD71556695A92F249510C408CF2E986051F1D3B4E1133,2857272,Qt6QuickDialogs2QuickImpl,runtime,LIKELY_REQUIRED,PySide6 wheel tree SHA-256 match,qtdeclarative,LGPL-OR-GPL-CANDIDATE
Release/External_Test/2026-07-30_audio-validation-fix/Qonic_Audio_v5.0_internal_test/_internal/PySide6/Qt6QuickDialogs2Utils.dll,DE3DD7071CDB1529C0D6688C10DA9C45BC8E9A7CF3565B2A1138BBA7F6E6EDE3,47416,Qt6QuickDialogs2Utils,runtime,LIKELY_REQUIRED,PySide6 wheel tree SHA-256 match,qtdeclarative,LGPL-OR-GPL-CANDIDATE
Release/External_Test/2026-07-30_audio-validation-fix/Qonic_Audio_v5.0_internal_test/_internal/PySide6/Qt6QuickEffects.dll,DE24C880B9CCD330C25C7A9A563CDD69F03B7D142B2F5089A8C68E1B52C2B456,433976,Qt6QuickEffects,runtime,LIKELY_REQUIRED,PySide6 wheel tree SHA-256 match,qtdeclarative,LGPL-OR-GPL-CANDIDATE
Release/External_Test/2026-07-30_audio-validation-fix/Qonic_Audio_v5.0_internal_test/_internal/PySide6/Qt6QuickLayouts.dll,F3C4B981BBAC54D62ED1A608CDA827430D47D2A15D8511A051FDBFA75F97A6A5,308536,Qt6QuickLayouts,runtime,LIKELY_REQUIRED,PySide6 wheel tree SHA-256 match,qtdeclarative,LGPL-OR-GPL-CANDIDATE
Release/External_Test/2026-07-30_audio-validation-fix/Qonic_Audio_v5.0_internal_test/_internal/PySide6/Qt6QuickParticles.dll,E6C8A803C678D76DB525BE0733F2E18659995C3C384F3B4ABBF85A8776649C48,641336,Qt6QuickParticles,runtime,LIKELY_REQUIRED,PySide6 wheel tree SHA-256 match,qtdeclarative,LGPL-OR-GPL-CANDIDATE
Release/External_Test/2026-07-30_audio-validation-fix/Qonic_Audio_v5.0_internal_test/_internal/PySide6/Qt6QuickShapes.dll,940B117BBC36BEF5E35FEFA0EB90BEEAEF1F0FAEE21E60298874B606CAA97154,348472,Qt6QuickShapes,runtime,LIKELY_REQUIRED,PySide6 wheel tree SHA-256 match,qtdeclarative,LGPL-OR-GPL-CANDIDATE
Release/External_Test/2026-07-30_audio-validation-fix/Qonic_Audio_v5.0_internal_test/_internal/PySide6/Qt6QuickTemplates2.dll,05C01764783BB92FBEA45763990E4B245588EE9A7437335BBC28C99A4C6F168D,2061112,Qt6QuickTemplates2,runtime,LIKELY_REQUIRED,PySide6 wheel tree SHA-256 match,qtdeclarative,LGPL-OR-GPL-CANDIDATE
Release/External_Test/2026-07-30_audio-validation-fix/Qonic_Audio_v5.0_internal_test/_internal/PySide6/Qt6QuickTest.dll,B15767C4F364B067549843F97EA6ECDC1FD3401363CDAB0516CEDBD7FC1A8D9D,314168,Qt6QuickTest,runtime,LIKELY_REQUIRED,PySide6 wheel tree SHA-256 match,qtdeclarative,LGPL-OR-GPL-CANDIDATE
Release/External_Test/2026-07-30_audio-validation-fix/Qonic_Audio_v5.0_internal_test/_internal/PySide6/Qt6QuickTimeline.dll,27A363E2A5B9BEEF2B2C05C1C08D3FF453EAA0BDB621FE8AB66C870F3E8BE728,98104,Qt6QuickTimeline,runtime,LIKELY_REQUIRED,PySide6 wheel tree SHA-256 match,qtquicktimeline,GPL-ONLY-RISK
Release/External_Test/2026-07-30_audio-validation-fix/Qonic_Audio_v5.0_internal_test/_internal/PySide6/Qt6QuickTimelineBlendTrees.dll,B345E4C263A3D2EAD75A3B40168DF4FCEECA04A93FE09BD36CE1426E6A5C8EF9,82744,Qt6QuickTimelineBlendTrees,runtime,LIKELY_REQUIRED,PySide6 wheel tree SHA-256 match,qtquicktimeline,GPL-ONLY-RISK
Release/External_Test/2026-07-30_audio-validation-fix/Qonic_Audio_v5.0_internal_test/_internal/PySide6/Qt6QuickVectorImage.dll,093CFC81E906CDE9058531CAFDBDA1E737CB0E8CD93665133F762454238EBF21,70968,Qt6QuickVectorImage,runtime,LIKELY_REQUIRED,PySide6 wheel tree SHA-256 match,qtdeclarative,LGPL-OR-GPL-CANDIDATE
Release/External_Test/2026-07-30_audio-validation-fix/Qonic_Audio_v5.0_internal_test/_internal/PySide6/Qt6QuickVectorImageGenerator.dll,026758D86ADF44D874EDE1EE065964F4E8DF6C8B8D974BAE0F3E8B775D3A35B1,287032,Qt6QuickVectorImageGenerator,runtime,LIKELY_REQUIRED,PySide6 wheel tree SHA-256 match,qtdeclarative,LGPL-OR-GPL-CANDIDATE
Release/External_Test/2026-07-30_audio-validation-fix/Qonic_Audio_v5.0_internal_test/_internal/PySide6/Qt6QuickVectorImageHelpers.dll,33EB484DA5302A3B428C2DC48BDDCB0158AB1956307111486E31CA4CD4E442F9,191800,Qt6QuickVectorImageHelpers,runtime,LIKELY_REQUIRED,PySide6 wheel tree SHA-256 match,qtdeclarative,LGPL-OR-GPL-CANDIDATE
Release/External_Test/2026-07-30_audio-validation-fix/Qonic_Audio_v5.0_internal_test/_internal/PySide6/Qt6RemoteObjects.dll,A80DEBA0BF9B80681668FA043D8E6437AE46557678CE4E69E1946A152206C71F,872760,Qt6RemoteObjects,runtime,POSSIBLY_UNUSED,PySide6 wheel tree SHA-256 match,qtremoteobjects,LGPL-OR-GPL-CANDIDATE
Release/External_Test/2026-07-30_audio-validation-fix/Qonic_Audio_v5.0_internal_test/_internal/PySide6/Qt6RemoteObjectsQml.dll,5C80DE6377AEBA7CC33A94E99F3222BE61A0E46B15E9F9F33C2A65B9DC116796,67896,Qt6RemoteObjectsQml,runtime,POSSIBLY_UNUSED,PySide6 wheel tree SHA-256 match,qtremoteobjects,LGPL-OR-GPL-CANDIDATE
Release/External_Test/2026-07-30_audio-validation-fix/Qonic_Audio_v5.0_internal_test/_internal/PySide6/Qt6Scxml.dll,9197936415E42CC75AD2A218FB9278E09FDB540E3B9419FA2CE3BC96D1BF568A,539448,Qt6Scxml,runtime,POSSIBLY_UNUSED,PySide6 wheel tree SHA-256 match,qtscxml,LGPL-OR-GPL-CANDIDATE
Release/External_Test/2026-07-30_audio-validation-fix/Qonic_Audio_v5.0_internal_test/_internal/PySide6/Qt6ScxmlQml.dll,EFD9516AC384BD74A9197BE9BA59954148669D960F9C5E147EBA8EBF7E732226,121656,Qt6ScxmlQml,runtime,POSSIBLY_UNUSED,PySide6 wheel tree SHA-256 match,qtscxml,LGPL-OR-GPL-CANDIDATE
Release/External_Test/2026-07-30_audio-validation-fix/Qonic_Audio_v5.0_internal_test/_internal/PySide6/Qt6Sensors.dll,DE7906CBA37A4B4ED40809ED61BB5A38DE307DD8EB0868FF26EB022FD7263122,225080,Qt6Sensors,runtime,POSSIBLY_UNUSED,PySide6 wheel tree SHA-256 match,qtsensors,LGPL-OR-GPL-CANDIDATE
Release/External_Test/2026-07-30_audio-validation-fix/Qonic_Audio_v5.0_internal_test/_internal/PySide6/Qt6SensorsQuick.dll,1A5F1826D4AFEAE096E5F25CC21249A214B62D561F62D7406F3DA5B487156DDF,277304,Qt6SensorsQuick,runtime,POSSIBLY_UNUSED,PySide6 wheel tree SHA-256 match,qtsensors,LGPL-OR-GPL-CANDIDATE
Release/External_Test/2026-07-30_audio-validation-fix/Qonic_Audio_v5.0_internal_test/_internal/PySide6/Qt6ShaderTools.dll,7E84A6A7A15AD9A6E48215234C9F5B7F041C273F836AB0D038181D29D43034DC,4336952,Qt6ShaderTools,runtime,POSSIBLY_UNUSED,PySide6 wheel tree SHA-256 match,qtshadertools,LGPL-OR-GPL-CANDIDATE
Release/External_Test/2026-07-30_audio-validation-fix/Qonic_Audio_v5.0_internal_test/_internal/PySide6/Qt6SpatialAudio.dll,2E956ACEAC04A0167F40DE521F6138E7DE4D01131FC625F033AD17A06634401B,740152,Qt6SpatialAudio,runtime,POSSIBLY_UNUSED,PySide6 wheel tree SHA-256 match,qtmultimedia,LGPL-OR-GPL-CANDIDATE
Release/External_Test/2026-07-30_audio-validation-fix/Qonic_Audio_v5.0_internal_test/_internal/PySide6/Qt6Sql.dll,11914CBA063E30D2875031C3E61892FEEB9C3A59E5ADD9F9FF7A399042CB3EA6,311608,Qt6Sql,runtime,POSSIBLY_UNUSED,PySide6 wheel tree SHA-256 match,qtbase,LGPL-OR-GPL-CANDIDATE
Release/External_Test/2026-07-30_audio-validation-fix/Qonic_Audio_v5.0_internal_test/_internal/PySide6/Qt6StateMachine.dll,5A0AD03AFD7395AEA8E7C69F7CC98634A38C6090FA9D9490A002D67A37B1719B,341816,Qt6StateMachine,runtime,POSSIBLY_UNUSED,PySide6 wheel tree SHA-256 match,qtscxml,LGPL-OR-GPL-CANDIDATE
Release/External_Test/2026-07-30_audio-validation-fix/Qonic_Audio_v5.0_internal_test/_internal/PySide6/Qt6StateMachineQml.dll,CD4C249BCBAF109EAF158E30DC23CFAE717132B87D1901561057C03F191BBEEE,117048,Qt6StateMachineQml,runtime,POSSIBLY_UNUSED,PySide6 wheel tree SHA-256 match,qtscxml,LGPL-OR-GPL-CANDIDATE
Release/External_Test/2026-07-30_audio-validation-fix/Qonic_Audio_v5.0_internal_test/_internal/PySide6/Qt6Svg.dll,A7352E8062D02E2108E37DB4050FB3315D3C03C7D36ACDC24B98B9A6C129C1DE,642360,Qt6Svg,runtime,POSSIBLY_UNUSED,PySide6 wheel tree SHA-256 match,qtsvg,LGPL-OR-GPL-CANDIDATE
Release/External_Test/2026-07-30_audio-validation-fix/Qonic_Audio_v5.0_internal_test/_internal/PySide6/Qt6Test.dll,5CCFB189024654B3C01E30B69BF640524AD0B2D1A000AF197B81D36440EE1489,382776,Qt6Test,runtime,POSSIBLY_UNUSED,PySide6 wheel tree SHA-256 match,qtbase,LGPL-OR-GPL-CANDIDATE
Release/External_Test/2026-07-30_audio-validation-fix/Qonic_Audio_v5.0_internal_test/_internal/PySide6/Qt6TextToSpeech.dll,7D8E26C30D1A539F41DEBBFA207ED58A3A99C8CB6AB6A5D30502AAB13A0B93A5,133432,Qt6TextToSpeech,runtime,POSSIBLY_UNUSED,PySide6 wheel tree SHA-256 match,qtspeech,LGPL-OR-GPL-CANDIDATE
Release/External_Test/2026-07-30_audio-validation-fix/Qonic_Audio_v5.0_internal_test/_internal/PySide6/Qt6VirtualKeyboard.dll,E8DB083111DC264C80C81920C882ED1C2C28043EDFFA988894E0A82723B2AA4B,443192,Qt6VirtualKeyboard,runtime,POSSIBLY_UNUSED,PySide6 wheel tree SHA-256 match,qtvirtualkeyboard,GPL-ONLY-RISK
Release/External_Test/2026-07-30_audio-validation-fix/Qonic_Audio_v5.0_internal_test/_internal/PySide6/Qt6VirtualKeyboardQml.dll,F9036EF3B5ECBE6A7C8D034F5E7E76990FD1EB4E6756FA522FDB0422AE8B2D64,101176,Qt6VirtualKeyboardQml,runtime,POSSIBLY_UNUSED,PySide6 wheel tree SHA-256 match,qtvirtualkeyboard,GPL-ONLY-RISK
Release/External_Test/2026-07-30_audio-validation-fix/Qonic_Audio_v5.0_internal_test/_internal/PySide6/Qt6VirtualKeyboardSettings.dll,A95AA5F5BCE3E2A59A89B34B1D7C30FBFB9EA0AA5A05463DDD57495E92A58E9A,72504,Qt6VirtualKeyboardSettings,runtime,POSSIBLY_UNUSED,PySide6 wheel tree SHA-256 match,qtvirtualkeyboard,GPL-ONLY-RISK
Release/External_Test/2026-07-30_audio-validation-fix/Qonic_Audio_v5.0_internal_test/_internal/PySide6/Qt6WebChannel.dll,3ED190570B3F0DB820D49E77CBD383E529B170288F6FCBB69AB7FEB779B3D2EF,255800,Qt6WebChannel,runtime,POSSIBLY_UNUSED,PySide6 wheel tree SHA-256 match,qtwebchannel,LGPL-OR-GPL-CANDIDATE
Release/External_Test/2026-07-30_audio-validation-fix/Qonic_Audio_v5.0_internal_test/_internal/PySide6/Qt6WebChannelQuick.dll,EED7F28D936E07D3E769B9DA7B5713361562E1D6E61BF2E0B61695A461E2A2FD,63288,Qt6WebChannelQuick,runtime,POSSIBLY_UNUSED,PySide6 wheel tree SHA-256 match,qtwebchannel,LGPL-OR-GPL-CANDIDATE
Release/External_Test/2026-07-30_audio-validation-fix/Qonic_Audio_v5.0_internal_test/_internal/PySide6/Qt6WebEngineCore.dll,7EE2FAFC26B2318D28AE6F6AD8AC3E2651BF506F8B2E6C23071C8F07096F0214,204828984,Qt6WebEngineCore,runtime,POSSIBLY_UNUSED,PySide6 wheel tree SHA-256 match,qtwebengine,LGPL-OR-GPL-CANDIDATE
Release/External_Test/2026-07-30_audio-validation-fix/Qonic_Audio_v5.0_internal_test/_internal/PySide6/Qt6WebEngineQuick.dll,FF4E6F48123D6D08EF02501DD23A2B90A78C74AD0F709BA5FFDDDBE167C68D46,693560,Qt6WebEngineQuick,runtime,POSSIBLY_UNUSED,PySide6 wheel tree SHA-256 match,qtwebengine,LGPL-OR-GPL-CANDIDATE
Release/External_Test/2026-07-30_audio-validation-fix/Qonic_Audio_v5.0_internal_test/_internal/PySide6/Qt6WebEngineQuickDelegatesQml.dll,F672865369DDE723A844C35EE943D1036A24A68CA49B60B51D9ADEB85D6BF653,165688,Qt6WebEngineQuickDelegatesQml,runtime,POSSIBLY_UNUSED,PySide6 wheel tree SHA-256 match,qtwebengine,LGPL-OR-GPL-CANDIDATE
Release/External_Test/2026-07-30_audio-validation-fix/Qonic_Audio_v5.0_internal_test/_internal/PySide6/Qt6WebSockets.dll,FC8F98B96BAF70CFA1501BCD43DAF3C50507B8409BEC62AA375A05E093648E72,219960,Qt6WebSockets,runtime,POSSIBLY_UNUSED,PySide6 wheel tree SHA-256 match,qtwebsockets,LGPL-OR-GPL-CANDIDATE
Release/External_Test/2026-07-30_audio-validation-fix/Qonic_Audio_v5.0_internal_test/_internal/PySide6/Qt6WebView.dll,DF9BB29DF10F9E9A96B52E0AB36A7B2609E5DBD9401885A3E8FBBCCD7C1CC02E,60216,Qt6WebView,runtime,POSSIBLY_UNUSED,PySide6 wheel tree SHA-256 match,qtwebview,LGPL-OR-GPL-CANDIDATE
Release/External_Test/2026-07-30_audio-validation-fix/Qonic_Audio_v5.0_internal_test/_internal/PySide6/Qt6WebViewQuick.dll,A6AF6328140D520AC564D7FE4F734AEA3FAB0DBD9A349B4E5E68608F500F04D6,84280,Qt6WebViewQuick,runtime,POSSIBLY_UNUSED,PySide6 wheel tree SHA-256 match,qtwebview,LGPL-OR-GPL-CANDIDATE
Release/External_Test/2026-07-30_audio-validation-fix/Qonic_Audio_v5.0_internal_test/_internal/PySide6/Qt6Widgets.dll,5A9F37DEDD3DC5BCC1A4BB8EA919C49FC62DF751A1450ACCC34379EB6710EAB6,6594360,Qt6Widgets,runtime,LIKELY_REQUIRED,PySide6 wheel tree SHA-256 match,qtbase,LGPL-OR-GPL-CANDIDATE
Release/External_Test/2026-07-30_audio-validation-fix/Qonic_Audio_v5.0_internal_test/_internal/PySide6/QtCore.pyd,BE52341A5DF1F76ECCA2FB1E94EB429DFA46F0B659ED6536F25119B565B21EA8,3330360,PySide6.QtCore,runtime,POSSIBLY_UNUSED,PySide6 wheel tree SHA-256 match,pyside-setup/qtbase-bindings,LGPL-OR-GPL-CANDIDATE
Release/External_Test/2026-07-30_audio-validation-fix/Qonic_Audio_v5.0_internal_test/_internal/PySide6/QtGui.pyd,F0549716B10A8B4FBD5C6C041F36AF215223809F919F4C4722D44CC199D5C593,3896632,PySide6.QtGui,runtime,POSSIBLY_UNUSED,PySide6 wheel tree SHA-256 match,pyside-setup/qtbase-bindings,LGPL-OR-GPL-CANDIDATE
Release/External_Test/2026-07-30_audio-validation-fix/Qonic_Audio_v5.0_internal_test/_internal/PySide6/QtMultimedia.pyd,1BE5CDD4670B8DFB2ED86FFEE7C4BD252677951698E175AC7AA2F61D444F69B4,571704,PySide6.QtMultimedia,runtime,POSSIBLY_UNUSED,PySide6 wheel tree SHA-256 match,pyside-setup/qtmultimedia-bindings,LGPL-OR-GPL-CANDIDATE
Release/External_Test/2026-07-30_audio-validation-fix/Qonic_Audio_v5.0_internal_test/_internal/PySide6/QtMultimediaWidgets.pyd,1411C328A81400DDC45D53B126C778EBD8A2802B54110E3D773AF3041395949A,141624,PySide6.QtMultimediaWidgets,runtime,POSSIBLY_UNUSED,PySide6 wheel tree SHA-256 match,pyside-setup/qtmultimedia-bindings,LGPL-OR-GPL-CANDIDATE
Release/External_Test/2026-07-30_audio-validation-fix/Qonic_Audio_v5.0_internal_test/_internal/PySide6/QtNetwork.pyd,3953A86C9545AD8FA1CF1DEC27085DD357838464CD6E2131C9963CAAD6234B67,1007416,PySide6.QtNetwork,runtime,POSSIBLY_UNUSED,PySide6 wheel tree SHA-256 match,pyside-setup/qtbase-bindings,LGPL-OR-GPL-CANDIDATE
Release/External_Test/2026-07-30_audio-validation-fix/Qonic_Audio_v5.0_internal_test/_internal/PySide6/QtOpenGL.pyd,0E166F207602E2DE6153A05EBE04762D1396428AB0734947D9EBD6F871BBEDF5,8713016,PySide6.QtOpenGL,runtime,POSSIBLY_UNUSED,PySide6 wheel tree SHA-256 match,,LGPL-OR-GPL-CANDIDATE
Release/External_Test/2026-07-30_audio-validation-fix/Qonic_Audio_v5.0_internal_test/_internal/PySide6/QtQml.pyd,1F9C5C5967E1F02641845060D0D1976B320542150CF5E273DFC22724B734EF53,474936,PySide6.QtQml,runtime,POSSIBLY_UNUSED,PySide6 wheel tree SHA-256 match,pyside-setup/qtdeclarative-bindings,LGPL-OR-GPL-CANDIDATE
Release/External_Test/2026-07-30_audio-validation-fix/Qonic_Audio_v5.0_internal_test/_internal/PySide6/QtQuick.pyd,C6FDF28260AF879CAE1F04B162815DC6800158931E0F8420967BB17153A268A8,774456,PySide6.QtQuick,runtime,POSSIBLY_UNUSED,PySide6 wheel tree SHA-256 match,pyside-setup/qtdeclarative-bindings,LGPL-OR-GPL-CANDIDATE
Release/External_Test/2026-07-30_audio-validation-fix/Qonic_Audio_v5.0_internal_test/_internal/PySide6/QtQuickControls2.pyd,39BCDDB78F59EBC8DB760A7ECDEA66040A540196088771445176B1F4C8E97A96,92472,PySide6.QtQuickControls2,runtime,POSSIBLY_UNUSED,PySide6 wheel tree SHA-256 match,pyside-setup/qtdeclarative-bindings,LGPL-OR-GPL-CANDIDATE
Release/External_Test/2026-07-30_audio-validation-fix/Qonic_Audio_v5.0_internal_test/_internal/PySide6/QtWidgets.pyd,85CB6C2181B4B09887A7D8507DD950844D1B8F74A9C4002C7B71169F75BF6FDA,4856120,PySide6.QtWidgets,runtime,POSSIBLY_UNUSED,PySide6 wheel tree SHA-256 match,pyside-setup/qtbase-bindings,LGPL-OR-GPL-CANDIDATE
Release/External_Test/2026-07-30_audio-validation-fix/Qonic_Audio_v5.0_internal_test/_internal/PySide6/swresample-5.dll,878E0FBF647DC8E6BECB32DC031701B19DAC8C9867192D571F0D72D02842F7ED,247096,PySide6,runtime,POSSIBLY_UNUSED,PySide6 wheel tree SHA-256 match,,UNKNOWN
Release/External_Test/2026-07-30_audio-validation-fix/Qonic_Audio_v5.0_internal_test/_internal/PySide6/swscale-8.dll,2F21C52FD2EB73484B448666903C5EEE1B4948D28239CB18D93428A989ED3ECC,751928,PySide6,runtime,POSSIBLY_UNUSED,PySide6 wheel tree SHA-256 match,,UNKNOWN
Release/External_Test/2026-07-30_audio-validation-fix/Qonic_Audio_v5.0_internal_test/_internal/PySide6/translations/qt_ar.qm,B11333C520CCD8E375CDE20985DF402D586A1A95E0796313BBEB9F717D4DB22E,104,PySide6,translation,POSSIBLY_UNUSED,PySide6 wheel tree SHA-256 match,,UNKNOWN
Release/External_Test/2026-07-30_audio-validation-fix/Qonic_Audio_v5.0_internal_test/_internal/PySide6/translations/qt_bg.qm,1E22EE126EC9F76031D880285A907B3A0C4510392319FF700DCDEE964ABBB1AD,91,PySide6,translation,POSSIBLY_UNUSED,PySide6 wheel tree SHA-256 match,,UNKNOWN
Release/External_Test/2026-07-30_audio-validation-fix/Qonic_Audio_v5.0_internal_test/_internal/PySide6/translations/qt_ca.qm,17AB2623C7F6E8DEF44B3DBCB517544185817D65F1298DDB10EF71136F232BDC,91,PySide6,translation,POSSIBLY_UNUSED,PySide6 wheel tree SHA-256 match,,UNKNOWN
Release/External_Test/2026-07-30_audio-validation-fix/Qonic_Audio_v5.0_internal_test/_internal/PySide6/translations/qt_cs.qm,C585918FB1D4821A054EA40BDCF279F275CA76C88A5793F433DAC6A611AC7E8F,95,PySide6,translation,POSSIBLY_UNUSED,PySide6 wheel tree SHA-256 match,,UNKNOWN
Release/External_Test/2026-07-30_audio-validation-fix/Qonic_Audio_v5.0_internal_test/_internal/PySide6/translations/qt_da.qm,F6773C672ACB73FDEF6E092060D69D1E5DFEE840012BAC912D1E92DE28714386,91,PySide6,translation,POSSIBLY_UNUSED,PySide6 wheel tree SHA-256 match,,UNKNOWN
Release/External_Test/2026-07-30_audio-validation-fix/Qonic_Audio_v5.0_internal_test/_internal/PySide6/translations/qt_de.qm,0401C316AA3B50A172EB44A4FF1EC384924073BEEC7C928EF888EC48E4612688,91,PySide6,translation,POSSIBLY_UNUSED,PySide6 wheel tree SHA-256 match,,UNKNOWN
Release/External_Test/2026-07-30_audio-validation-fix/Qonic_Audio_v5.0_internal_test/_internal/PySide6/translations/qt_en.qm,494AC9A2B2CB2FDECED353F4A9F898ED8DCF616E9BC667438C62681E3F7F79CF,33,PySide6,translation,POSSIBLY_UNUSED,PySide6 wheel tree SHA-256 match,,UNKNOWN
Release/External_Test/2026-07-30_audio-validation-fix/Qonic_Audio_v5.0_internal_test/_internal/PySide6/translations/qt_es.qm,648ED4519BC45D7A4779479A7626EA16CF9AA23E93A0B178546CC47BEA0591AB,91,PySide6,translation,POSSIBLY_UNUSED,PySide6 wheel tree SHA-256 match,,UNKNOWN
Release/External_Test/2026-07-30_audio-validation-fix/Qonic_Audio_v5.0_internal_test/_internal/PySide6/translations/qt_fa.qm,3F4C989C6B2990D80CC6299408214B31698923B52F154483B3371875DE91F88E,84,PySide6,translation,POSSIBLY_UNUSED,PySide6 wheel tree SHA-256 match,,UNKNOWN
Release/External_Test/2026-07-30_audio-validation-fix/Qonic_Audio_v5.0_internal_test/_internal/PySide6/translations/qt_fi.qm,342D01C7EEB234E431D0506821C4CD03C0433115D8D63FEE3357BE2331858879,91,PySide6,translation,POSSIBLY_UNUSED,PySide6 wheel tree SHA-256 match,,UNKNOWN
Release/External_Test/2026-07-30_audio-validation-fix/Qonic_Audio_v5.0_internal_test/_internal/PySide6/translations/qt_fr.qm,C896A38892A92346B033793D56440993236B23E47E06F3974AFDB0552F628387,91,PySide6,translation,POSSIBLY_UNUSED,PySide6 wheel tree SHA-256 match,,UNKNOWN
Release/External_Test/2026-07-30_audio-validation-fix/Qonic_Audio_v5.0_internal_test/_internal/PySide6/translations/qt_gd.qm,49DF855A004A17950338AF3146466F6DF4D5852410BD0B58EA80E0D0203A9D24,70,PySide6,translation,POSSIBLY_UNUSED,PySide6 wheel tree SHA-256 match,,UNKNOWN
Release/External_Test/2026-07-30_audio-validation-fix/Qonic_Audio_v5.0_internal_test/_internal/PySide6/translations/qt_gl.qm,204A01AC7DEB6B5BAE193AFECBD1E50D18C73BF7D94BADEB2BBFDF6123C4ED93,323590,PySide6,translation,POSSIBLY_UNUSED,PySide6 wheel tree SHA-256 match,,UNKNOWN
Release/External_Test/2026-07-30_audio-validation-fix/Qonic_Audio_v5.0_internal_test/_internal/PySide6/translations/qt_he.qm,36F01FFF2F25E116D4B7AF78097B7E49520FD5B7FB6FB120E40BE228C05C045F,57,PySide6,translation,POSSIBLY_UNUSED,PySide6 wheel tree SHA-256 match,,UNKNOWN
Release/External_Test/2026-07-30_audio-validation-fix/Qonic_Audio_v5.0_internal_test/_internal/PySide6/translations/qt_help_ar.qm,222088C9752D1CC3BAB985EF2DC77E5AE78578DCE18A61EC15B39F02E588163D,8743,PySide6,translation,POSSIBLY_UNUSED,PySide6 wheel tree SHA-256 match,,UNKNOWN
Release/External_Test/2026-07-30_audio-validation-fix/Qonic_Audio_v5.0_internal_test/_internal/PySide6/translations/qt_help_bg.qm,CBCDD1E0BBAE332D80DDB0A286056F17C824FA28D353D7FDF12FC97D9F6FE054,10599,PySide6,translation,POSSIBLY_UNUSED,PySide6 wheel tree SHA-256 match,,UNKNOWN
Release/External_Test/2026-07-30_audio-validation-fix/Qonic_Audio_v5.0_internal_test/_internal/PySide6/translations/qt_help_ca.qm,8C98B5EE246E18397D0DE7BD76B2891773A975553EC5DCDCE42F8A696E5B34DE,7426,PySide6,translation,POSSIBLY_UNUSED,PySide6 wheel tree SHA-256 match,,UNKNOWN
Release/External_Test/2026-07-30_audio-validation-fix/Qonic_Audio_v5.0_internal_test/_internal/PySide6/translations/qt_help_cs.qm,4AC56FC63E400943BAB13F1D4C418502138908E1D488C24AEE6131D3D17552AA,15297,PySide6,translation,POSSIBLY_UNUSED,PySide6 wheel tree SHA-256 match,,UNKNOWN
Release/External_Test/2026-07-30_audio-validation-fix/Qonic_Audio_v5.0_internal_test/_internal/PySide6/translations/qt_help_da.qm,6BB092552A398687119F6D52145F04BF8373977446D8F00C0DCBD56B96829F0F,4795,PySide6,translation,POSSIBLY_UNUSED,PySide6 wheel tree SHA-256 match,,UNKNOWN
Release/External_Test/2026-07-30_audio-validation-fix/Qonic_Audio_v5.0_internal_test/_internal/PySide6/translations/qt_help_de.qm,037BC99ABF98571AE9375C2513536C15B571D66406C36C1DE447B547FF539C07,7569,PySide6,translation,POSSIBLY_UNUSED,PySide6 wheel tree SHA-256 match,,UNKNOWN
Release/External_Test/2026-07-30_audio-validation-fix/Qonic_Audio_v5.0_internal_test/_internal/PySide6/translations/qt_help_en.qm,494AC9A2B2CB2FDECED353F4A9F898ED8DCF616E9BC667438C62681E3F7F79CF,33,PySide6,translation,POSSIBLY_UNUSED,PySide6 wheel tree SHA-256 match,,UNKNOWN
Release/External_Test/2026-07-30_audio-validation-fix/Qonic_Audio_v5.0_internal_test/_internal/PySide6/translations/qt_help_es.qm,FD16B279F8CF69077F75E94D90C9C07A2AFFF3948A579E3789F5FFB5E5F4202D,10704,PySide6,translation,POSSIBLY_UNUSED,PySide6 wheel tree SHA-256 match,,UNKNOWN
Release/External_Test/2026-07-30_audio-validation-fix/Qonic_Audio_v5.0_internal_test/_internal/PySide6/translations/qt_help_fr.qm,875EE2DCDC64E3DEA888D84048E382D3921A175F12847DE2E6B1CB12AD9ADD50,3573,PySide6,translation,POSSIBLY_UNUSED,PySide6 wheel tree SHA-256 match,,UNKNOWN
Release/External_Test/2026-07-30_audio-validation-fix/Qonic_Audio_v5.0_internal_test/_internal/PySide6/translations/qt_help_gl.qm,7399A248609974773F60866C87B78EA7DFBC4F750313D692F7886CD763883C9F,10891,PySide6,translation,POSSIBLY_UNUSED,PySide6 wheel tree SHA-256 match,,UNKNOWN
Release/External_Test/2026-07-30_audio-validation-fix/Qonic_Audio_v5.0_internal_test/_internal/PySide6/translations/qt_help_hr.qm,8C8CC3C5B1AB2B074F82937001B896603420EF75592B3B78172177360DD7EA61,5170,PySide6,translation,POSSIBLY_UNUSED,PySide6 wheel tree SHA-256 match,,UNKNOWN
Release/External_Test/2026-07-30_audio-validation-fix/Qonic_Audio_v5.0_internal_test/_internal/PySide6/translations/qt_help_hu.qm,7BE32E015119C969453ABB6E8F3FB377963A69FAFB10C27B796737B5EB283EAF,7255,PySide6,translation,POSSIBLY_UNUSED,PySide6 wheel tree SHA-256 match,,UNKNOWN
Release/External_Test/2026-07-30_audio-validation-fix/Qonic_Audio_v5.0_internal_test/_internal/PySide6/translations/qt_help_it.qm,316FE8D0815E2B4B396895BEB38EF1A40431915B5E054DF80F4C0CD556F26E4B,10612,PySide6,translation,POSSIBLY_UNUSED,PySide6 wheel tree SHA-256 match,,UNKNOWN
Release/External_Test/2026-07-30_audio-validation-fix/Qonic_Audio_v5.0_internal_test/_internal/PySide6/translations/qt_help_ja.qm,AE603B2C0D434D40CDE433FFCBA65F9EE27978A9E19316007BE7FE782A5B8B47,7917,PySide6,translation,POSSIBLY_UNUSED,PySide6 wheel tree SHA-256 match,,UNKNOWN
Release/External_Test/2026-07-30_audio-validation-fix/Qonic_Audio_v5.0_internal_test/_internal/PySide6/translations/qt_help_ka.qm,159C74F94B384B5EE6AFDF38B6CFC4806BC99ECF73BE02D4A7021D4CEBA7EC7E,7091,PySide6,translation,POSSIBLY_UNUSED,PySide6 wheel tree SHA-256 match,,UNKNOWN
Release/External_Test/2026-07-30_audio-validation-fix/Qonic_Audio_v5.0_internal_test/_internal/PySide6/translations/qt_help_ko.qm,F11C64694E8E34E1D2C46C1A1D15D6BA9F2DB7B61DE4FDF54ECA5AB977C3E052,5708,PySide6,translation,POSSIBLY_UNUSED,PySide6 wheel tree SHA-256 match,,UNKNOWN
Release/External_Test/2026-07-30_audio-validation-fix/Qonic_Audio_v5.0_internal_test/_internal/PySide6/translations/qt_help_nl.qm,44A8A0DAF775D14352180052D13F623814D7BDF98E2C5C80144B7BF74214E3B0,5087,PySide6,translation,POSSIBLY_UNUSED,PySide6 wheel tree SHA-256 match,,UNKNOWN
Release/External_Test/2026-07-30_audio-validation-fix/Qonic_Audio_v5.0_internal_test/_internal/PySide6/translations/qt_help_nn.qm,4C8A7213942078E4F72F5BABD26C41B77ACE70189714A58B5504A7D5AD0193DC,6934,PySide6,translation,POSSIBLY_UNUSED,PySide6 wheel tree SHA-256 match,,UNKNOWN
Release/External_Test/2026-07-30_audio-validation-fix/Qonic_Audio_v5.0_internal_test/_internal/PySide6/translations/qt_help_pl.qm,CC6CB4D8C54086224672F2E49E623C8CB7C0C1CD65B8D5ECD42FC9BA3A6065BD,9673,PySide6,translation,POSSIBLY_UNUSED,PySide6 wheel tree SHA-256 match,,UNKNOWN
Release/External_Test/2026-07-30_audio-validation-fix/Qonic_Audio_v5.0_internal_test/_internal/PySide6/translations/qt_help_pt_BR.qm,B4015C5D519B4FE93C00BF734D1742E4F0094D89862664D548EB64A46A2FEAE7,16030,PySide6,translation,POSSIBLY_UNUSED,PySide6 wheel tree SHA-256 match,,UNKNOWN
Release/External_Test/2026-07-30_audio-validation-fix/Qonic_Audio_v5.0_internal_test/_internal/PySide6/translations/qt_help_ru.qm,557B644E6DA5F1EC720EF93965617087E4D1F40B2494CC5AA524CF3796108DE7,7288,PySide6,translation,POSSIBLY_UNUSED,PySide6 wheel tree SHA-256 match,,UNKNOWN
Release/External_Test/2026-07-30_audio-validation-fix/Qonic_Audio_v5.0_internal_test/_internal/PySide6/translations/qt_help_sk.qm,F41E33E1D790BD0D3EB180F1F875BC191FE74773628F25C2CAD95E1402E66867,10388,PySide6,translation,POSSIBLY_UNUSED,PySide6 wheel tree SHA-256 match,,UNKNOWN
Release/External_Test/2026-07-30_audio-validation-fix/Qonic_Audio_v5.0_internal_test/_internal/PySide6/translations/qt_help_sl.qm,2EC955E662407EBCD8DCDAE5AAA21E4108E0B5B0AEE0E9DB712C27072943535F,10363,PySide6,translation,POSSIBLY_UNUSED,PySide6 wheel tree SHA-256 match,,UNKNOWN
Release/External_Test/2026-07-30_audio-validation-fix/Qonic_Audio_v5.0_internal_test/_internal/PySide6/translations/qt_help_sv.qm,95BDB03DBAA6DBDFDA46C249E9CCCE9A353F71DDB8B112961E8B005B2C60B13C,6934,PySide6,translation,POSSIBLY_UNUSED,PySide6 wheel tree SHA-256 match,,UNKNOWN
Release/External_Test/2026-07-30_audio-validation-fix/Qonic_Audio_v5.0_internal_test/_internal/PySide6/translations/qt_help_tr.qm,81DA2F88CD624097581F2D29B10311796BCD9AB289E65883346D276110542D28,6723,PySide6,translation,POSSIBLY_UNUSED,PySide6 wheel tree SHA-256 match,,UNKNOWN
Release/External_Test/2026-07-30_audio-validation-fix/Qonic_Audio_v5.0_internal_test/_internal/PySide6/translations/qt_help_uk.qm,497CFC473684692EE44D7A3795E8FB2270C57069FD9EB98A615DD29AB9BE8A7C,9750,PySide6,translation,POSSIBLY_UNUSED,PySide6 wheel tree SHA-256 match,,UNKNOWN
Release/External_Test/2026-07-30_audio-validation-fix/Qonic_Audio_v5.0_internal_test/_internal/PySide6/translations/qt_help_zh_CN.qm,E256D1F6034A5A5521C62F129F91731216E474F71E1D9CAEA3D3DCB11B670DEB,5115,PySide6,translation,POSSIBLY_UNUSED,PySide6 wheel tree SHA-256 match,,UNKNOWN
Release/External_Test/2026-07-30_audio-validation-fix/Qonic_Audio_v5.0_internal_test/_internal/PySide6/translations/qt_help_zh_TW.qm,40112812ABB43853D678CC6D97729F21F21B3A7321C827FC9D18F6C936447D1E,5160,PySide6,translation,POSSIBLY_UNUSED,PySide6 wheel tree SHA-256 match,,UNKNOWN
Release/External_Test/2026-07-30_audio-validation-fix/Qonic_Audio_v5.0_internal_test/_internal/PySide6/translations/qt_hr.qm,FC9E4146F33BE3D09B234BE01E56235D3037D8D82D64F0700B4D4A6E253A61A7,102,PySide6,translation,POSSIBLY_UNUSED,PySide6 wheel tree SHA-256 match,,UNKNOWN
Release/External_Test/2026-07-30_audio-validation-fix/Qonic_Audio_v5.0_internal_test/_internal/PySide6/translations/qt_hu.qm,C2FA649F167CDB801D1CC0CB69C1D93594FD5BF8C0B7E79B969935DA5C3E19AA,84,PySide6,translation,POSSIBLY_UNUSED,PySide6 wheel tree SHA-256 match,,UNKNOWN
Release/External_Test/2026-07-30_audio-validation-fix/Qonic_Audio_v5.0_internal_test/_internal/PySide6/translations/qt_it.qm,9E7A18BC20EBEEC54BAAAF41C918A74534511271F796DFFFFD0F9B9EC31C68D3,91,PySide6,translation,POSSIBLY_UNUSED,PySide6 wheel tree SHA-256 match,,UNKNOWN
Release/External_Test/2026-07-30_audio-validation-fix/Qonic_Audio_v5.0_internal_test/_internal/PySide6/translations/qt_ja.qm,0F5FE50452947D1EE9755249D860354BFF6977279B4C496A5BC77E5B89DD745E,84,PySide6,translation,POSSIBLY_UNUSED,PySide6 wheel tree SHA-256 match,,UNKNOWN
Release/External_Test/2026-07-30_audio-validation-fix/Qonic_Audio_v5.0_internal_test/_internal/PySide6/translations/qt_ka.qm,00B67C6DFC255079B5B98A5640F82519C96B2520A028682FBA4078B39D743EAA,94,PySide6,translation,POSSIBLY_UNUSED,PySide6 wheel tree SHA-256 match,,UNKNOWN
Release/External_Test/2026-07-30_audio-validation-fix/Qonic_Audio_v5.0_internal_test/_internal/PySide6/translations/qt_ko.qm,1D254B535E1CB35CBCAD8210B15B89F4488159826BF35B4504696263DD102FA3,84,PySide6,translation,POSSIBLY_UNUSED,PySide6 wheel tree SHA-256 match,,UNKNOWN
Release/External_Test/2026-07-30_audio-validation-fix/Qonic_Audio_v5.0_internal_test/_internal/PySide6/translations/qt_lg.qm,6BA668501F4C040C66DA1BDC022362DA3C8CF663DA6AA484CBDB599028DA98ED,57,PySide6,translation,POSSIBLY_UNUSED,PySide6 wheel tree SHA-256 match,,UNKNOWN
Release/External_Test/2026-07-30_audio-validation-fix/Qonic_Audio_v5.0_internal_test/_internal/PySide6/translations/qt_lt.qm,47EB5F97467DF769261421D54A5BEA1131C9FB9B6388791D38BB6574335B64BF,165383,PySide6,translation,POSSIBLY_UNUSED,PySide6 wheel tree SHA-256 match,,UNKNOWN
Release/External_Test/2026-07-30_audio-validation-fix/Qonic_Audio_v5.0_internal_test/_internal/PySide6/translations/qt_lv.qm,ADDECA285282338294F24CA50D37D08A5F68D3785D0A94AF86DD4EC8F2A3B449,63,PySide6,translation,POSSIBLY_UNUSED,PySide6 wheel tree SHA-256 match,,UNKNOWN
Release/External_Test/2026-07-30_audio-validation-fix/Qonic_Audio_v5.0_internal_test/_internal/PySide6/translations/qt_nl.qm,39E870CBD25C0F97FA9B1828D5EA1ED9849857A2E26C5321B3F13C76BE8F0548,91,PySide6,translation,POSSIBLY_UNUSED,PySide6 wheel tree SHA-256 match,,UNKNOWN
Release/External_Test/2026-07-30_audio-validation-fix/Qonic_Audio_v5.0_internal_test/_internal/PySide6/translations/qt_nn.qm,4E544E23F75EAFE1553DC896973DB23B5795CD243786D5C653CC0F36A46CA74F,91,PySide6,translation,POSSIBLY_UNUSED,PySide6 wheel tree SHA-256 match,,UNKNOWN
Release/External_Test/2026-07-30_audio-validation-fix/Qonic_Audio_v5.0_internal_test/_internal/PySide6/translations/qt_pl.qm,E6890AFA0CAF0F6DB0248E4C94F6016B8EC8BC266F1E0E9B8F01E8EA912CF968,99,PySide6,translation,POSSIBLY_UNUSED,PySide6 wheel tree SHA-256 match,,UNKNOWN
Release/External_Test/2026-07-30_audio-validation-fix/Qonic_Audio_v5.0_internal_test/_internal/PySide6/translations/qt_pt_BR.qm,0E24C58E35271853F8CDFB3F0F7B0741B5A9A588E43CDEC62AE85A3842771E0A,106,PySide6,translation,POSSIBLY_UNUSED,PySide6 wheel tree SHA-256 match,,UNKNOWN
Release/External_Test/2026-07-30_audio-validation-fix/Qonic_Audio_v5.0_internal_test/_internal/PySide6/translations/qt_pt_PT.qm,2C1E7BBF5168A64B43752DD4C547601C0BDE6D610F8671FA3E3AF38597E84783,70334,PySide6,translation,POSSIBLY_UNUSED,PySide6 wheel tree SHA-256 match,,UNKNOWN
Release/External_Test/2026-07-30_audio-validation-fix/Qonic_Audio_v5.0_internal_test/_internal/PySide6/translations/qt_ru.qm,1B388E2D6D1BD405603E794E498C6D7EC5F5A5AD819243546F6399181DA36758,102,PySide6,translation,POSSIBLY_UNUSED,PySide6 wheel tree SHA-256 match,,UNKNOWN
Release/External_Test/2026-07-30_audio-validation-fix/Qonic_Audio_v5.0_internal_test/_internal/PySide6/translations/qt_sk.qm,840C3B01C89DF976FC1D2E5BFC6FC84B65666B8A3CEB4CBF5AA0C22AF3D2A383,95,PySide6,translation,POSSIBLY_UNUSED,PySide6 wheel tree SHA-256 match,,UNKNOWN
Release/External_Test/2026-07-30_audio-validation-fix/Qonic_Audio_v5.0_internal_test/_internal/PySide6/translations/qt_sl.qm,C44E0313A9414CC0E490B65B0C036FA11BCA959353B228886547BC2C8492034F,228428,PySide6,translation,POSSIBLY_UNUSED,PySide6 wheel tree SHA-256 match,,UNKNOWN
Release/External_Test/2026-07-30_audio-validation-fix/Qonic_Audio_v5.0_internal_test/_internal/PySide6/translations/qt_sv.qm,DAAAE448E0814B469AC3D7A91096FDE15491600A6B8BC6C01508425FB5E8B3EC,91,PySide6,translation,POSSIBLY_UNUSED,PySide6 wheel tree SHA-256 match,,UNKNOWN
Release/External_Test/2026-07-30_audio-validation-fix/Qonic_Audio_v5.0_internal_test/_internal/PySide6/translations/qt_tr.qm,59E8A0C411BE3B0802A68561B090F182099D6B75C4FE46F398E55F11528E11B9,84,PySide6,translation,POSSIBLY_UNUSED,PySide6 wheel tree SHA-256 match,,UNKNOWN
Release/External_Test/2026-07-30_audio-validation-fix/Qonic_Audio_v5.0_internal_test/_internal/PySide6/translations/qt_uk.qm,053EC1F677C4DBA48C6A97EB28F4FC78C1511324D1843D7F4CEC2C7C00A66145,102,PySide6,translation,POSSIBLY_UNUSED,PySide6 wheel tree SHA-256 match,,UNKNOWN
Release/External_Test/2026-07-30_audio-validation-fix/Qonic_Audio_v5.0_internal_test/_internal/PySide6/translations/qt_zh_CN.qm,C0E29D32C9540A7E78643B74214E633C56F6AB11F018E516629F2C11B1FB09FC,99,PySide6,translation,POSSIBLY_UNUSED,PySide6 wheel tree SHA-256 match,,UNKNOWN
Release/External_Test/2026-07-30_audio-validation-fix/Qonic_Audio_v5.0_internal_test/_internal/PySide6/translations/qt_zh_TW.qm,24E226954491689549A1A1990DB3B8CB78888008D8163B2FD2442B772B6D1B5F,99,PySide6,translation,POSSIBLY_UNUSED,PySide6 wheel tree SHA-256 match,,UNKNOWN
Release/External_Test/2026-07-30_audio-validation-fix/Qonic_Audio_v5.0_internal_test/_internal/PySide6/translations/qtbase_ar.qm,E03FE68D83201543698FD7FE267DD5DFC5BFD195147E74FF2F19AC3491401263,160017,PySide6,translation,POSSIBLY_UNUSED,PySide6 wheel tree SHA-256 match,,UNKNOWN
Release/External_Test/2026-07-30_audio-validation-fix/Qonic_Audio_v5.0_internal_test/_internal/PySide6/translations/qtbase_bg.qm,E448AC9E3F16C29EB27AF3012EFE21052DAA78FABFB34CD6DFF2F69EE3BD3CDB,165337,PySide6,translation,POSSIBLY_UNUSED,PySide6 wheel tree SHA-256 match,,UNKNOWN
Release/External_Test/2026-07-30_audio-validation-fix/Qonic_Audio_v5.0_internal_test/_internal/PySide6/translations/qtbase_ca.qm,005B0AA0C9A5B930DFDD870661958A8069BBEC862D75F98BCE20BF7401BEA13D,209899,PySide6,translation,POSSIBLY_UNUSED,PySide6 wheel tree SHA-256 match,,UNKNOWN
Release/External_Test/2026-07-30_audio-validation-fix/Qonic_Audio_v5.0_internal_test/_internal/PySide6/translations/qtbase_cs.qm,03028B42DF5479270371E4C3BDC7DF2F56CBBE6DDA956A2864AC6F6415861FE8,174701,PySide6,translation,POSSIBLY_UNUSED,PySide6 wheel tree SHA-256 match,,UNKNOWN
Release/External_Test/2026-07-30_audio-validation-fix/Qonic_Audio_v5.0_internal_test/_internal/PySide6/translations/qtbase_da.qm,7D1E5CA3310B54D104C19BF2ABD402B38E584E87039A70E153C4A9AF74B25C22,181387,PySide6,translation,POSSIBLY_UNUSED,PySide6 wheel tree SHA-256 match,,UNKNOWN
Release/External_Test/2026-07-30_audio-validation-fix/Qonic_Audio_v5.0_internal_test/_internal/PySide6/translations/qtbase_de.qm,ED828A83DFAA51944F166C842155B48AB3BD7CB2C46DCD96269EB5D48AF4F63F,223282,PySide6,translation,POSSIBLY_UNUSED,PySide6 wheel tree SHA-256 match,,UNKNOWN
Release/External_Test/2026-07-30_audio-validation-fix/Qonic_Audio_v5.0_internal_test/_internal/PySide6/translations/qtbase_en.qm,494AC9A2B2CB2FDECED353F4A9F898ED8DCF616E9BC667438C62681E3F7F79CF,33,PySide6,translation,POSSIBLY_UNUSED,PySide6 wheel tree SHA-256 match,,UNKNOWN
Release/External_Test/2026-07-30_audio-validation-fix/Qonic_Audio_v5.0_internal_test/_internal/PySide6/translations/qtbase_es.qm,4FFDA56BA3BB5414AB0482D1DDE64A6F226E3488F6B7F3F11A150E01F53FA4C8,165170,PySide6,translation,POSSIBLY_UNUSED,PySide6 wheel tree SHA-256 match,,UNKNOWN
Release/External_Test/2026-07-30_audio-validation-fix/Qonic_Audio_v5.0_internal_test/_internal/PySide6/translations/qtbase_fa.qm,F78E59B5BDD586181A999034BA418868ED17FE9C05707FB65E523F70E92253D2,148156,PySide6,translation,POSSIBLY_UNUSED,PySide6 wheel tree SHA-256 match,,UNKNOWN
Release/External_Test/2026-07-30_audio-validation-fix/Qonic_Audio_v5.0_internal_test/_internal/PySide6/translations/qtbase_fi.qm,E47FE13713E184D07FA4495DDE0C589B0E8F562E91574A3558A9363443A4FA72,179941,PySide6,translation,POSSIBLY_UNUSED,PySide6 wheel tree SHA-256 match,,UNKNOWN
Release/External_Test/2026-07-30_audio-validation-fix/Qonic_Audio_v5.0_internal_test/_internal/PySide6/translations/qtbase_fr.qm,314243A55C32679AD473FDFE48DC7D66E973AD0FC8BF2164480C58DDDB50C1A7,159463,PySide6,translation,POSSIBLY_UNUSED,PySide6 wheel tree SHA-256 match,,UNKNOWN
Release/External_Test/2026-07-30_audio-validation-fix/Qonic_Audio_v5.0_internal_test/_internal/PySide6/translations/qtbase_gd.qm,63B439DD44139AA3AED54C2EBE03FA9BC77F22C14ED8FBA8EFF2608445BB233D,189580,PySide6,translation,POSSIBLY_UNUSED,PySide6 wheel tree SHA-256 match,,UNKNOWN
Release/External_Test/2026-07-30_audio-validation-fix/Qonic_Audio_v5.0_internal_test/_internal/PySide6/translations/qtbase_he.qm,E1EBCA16AFE8994356F81CA007FBDB9DDF865842010FE908923D873B687CAD3F,138690,PySide6,translation,POSSIBLY_UNUSED,PySide6 wheel tree SHA-256 match,,UNKNOWN
Release/External_Test/2026-07-30_audio-validation-fix/Qonic_Audio_v5.0_internal_test/_internal/PySide6/translations/qtbase_hr.qm,BB9EEC9A9A652C1340DC75EB2E749BE50DF00F885B3D6900DFC76799C45B244D,149711,PySide6,translation,POSSIBLY_UNUSED,PySide6 wheel tree SHA-256 match,,UNKNOWN
Release/External_Test/2026-07-30_audio-validation-fix/Qonic_Audio_v5.0_internal_test/_internal/PySide6/translations/qtbase_hu.qm,98463295539D769C8645A0B7FB95AD38454CFD0B14F36AF485513F036DDBBBC6,205885,PySide6,translation,POSSIBLY_UNUSED,PySide6 wheel tree SHA-256 match,,UNKNOWN
Release/External_Test/2026-07-30_audio-validation-fix/Qonic_Audio_v5.0_internal_test/_internal/PySide6/translations/qtbase_it.qm,7808ED542A7833C4BD94EC8BDFBBCA00BB4F2FE15979B9121CE3249323687300,161166,PySide6,translation,POSSIBLY_UNUSED,PySide6 wheel tree SHA-256 match,,UNKNOWN
Release/External_Test/2026-07-30_audio-validation-fix/Qonic_Audio_v5.0_internal_test/_internal/PySide6/translations/qtbase_ja.qm,2B9581C69B975F59BE505B127CD3C19D403EF3D12E0E8386FB97238223E9C1DF,129913,PySide6,translation,POSSIBLY_UNUSED,PySide6 wheel tree SHA-256 match,,UNKNOWN
Release/External_Test/2026-07-30_audio-validation-fix/Qonic_Audio_v5.0_internal_test/_internal/PySide6/translations/qtbase_ka.qm,E55E4B72FA620BEBEE5297CA59DFE2F49894A1E544F2B7485B1CFD8829289D6F,201105,PySide6,translation,POSSIBLY_UNUSED,PySide6 wheel tree SHA-256 match,,UNKNOWN
Release/External_Test/2026-07-30_audio-validation-fix/Qonic_Audio_v5.0_internal_test/_internal/PySide6/translations/qtbase_ko.qm,0179ED1B136E1CB3F583351EAA2C545BA3D83A6EE3F82C32505926A1A5F5F183,156799,PySide6,translation,POSSIBLY_UNUSED,PySide6 wheel tree SHA-256 match,,UNKNOWN
Release/External_Test/2026-07-30_audio-validation-fix/Qonic_Audio_v5.0_internal_test/_internal/PySide6/translations/qtbase_lg.qm,31C0CC4CE13B1D74FE0C19ED0B47638FB31E20C93EE08092533E884007AEBFB5,315764,PySide6,translation,POSSIBLY_UNUSED,PySide6 wheel tree SHA-256 match,,UNKNOWN
Release/External_Test/2026-07-30_audio-validation-fix/Qonic_Audio_v5.0_internal_test/_internal/PySide6/translations/qtbase_lv.qm,846E047573AE40C83671C3BA7F73E27EFC24B98C82701DA0DF9973E574178BB2,153608,PySide6,translation,POSSIBLY_UNUSED,PySide6 wheel tree SHA-256 match,,UNKNOWN
Release/External_Test/2026-07-30_audio-validation-fix/Qonic_Audio_v5.0_internal_test/_internal/PySide6/translations/qtbase_nl.qm,F61513BCDBB6AD800585F9437A95D018AAB17FA12EE414AA31462FF279D8240E,202861,PySide6,translation,POSSIBLY_UNUSED,PySide6 wheel tree SHA-256 match,,UNKNOWN
Release/External_Test/2026-07-30_audio-validation-fix/Qonic_Audio_v5.0_internal_test/_internal/PySide6/translations/qtbase_nn.qm,F9F2FB7C60E7FCB38BBD3C1314EF122145594265E20B0659FF00004BAAB13AC7,196411,PySide6,translation,POSSIBLY_UNUSED,PySide6 wheel tree SHA-256 match,,UNKNOWN
Release/External_Test/2026-07-30_audio-validation-fix/Qonic_Audio_v5.0_internal_test/_internal/PySide6/translations/qtbase_pl.qm,3CF6B5C14D5EB0CF81E9AF2066E66B3AA579A6B9B3C323ED670761F6254A8C54,162962,PySide6,translation,POSSIBLY_UNUSED,PySide6 wheel tree SHA-256 match,,UNKNOWN
Release/External_Test/2026-07-30_audio-validation-fix/Qonic_Audio_v5.0_internal_test/_internal/PySide6/translations/qtbase_pt_BR.qm,3475D61604B938D459949801A906DBD34A8CA824ADE94120015D676E208DA859,290955,PySide6,translation,POSSIBLY_UNUSED,PySide6 wheel tree SHA-256 match,,UNKNOWN
Release/External_Test/2026-07-30_audio-validation-fix/Qonic_Audio_v5.0_internal_test/_internal/PySide6/translations/qtbase_ru.qm,3DA6605668F9178D11A838C4515478084DCFB4F9CF22F99D7A92B492DB9C224B,203767,PySide6,translation,POSSIBLY_UNUSED,PySide6 wheel tree SHA-256 match,,UNKNOWN
Release/External_Test/2026-07-30_audio-validation-fix/Qonic_Audio_v5.0_internal_test/_internal/PySide6/translations/qtbase_sk.qm,D586AE2C314074CF398417FDECB40709D5478DFEB0A67C2FE60D509EE9B59ED7,125763,PySide6,translation,POSSIBLY_UNUSED,PySide6 wheel tree SHA-256 match,,UNKNOWN
Release/External_Test/2026-07-30_audio-validation-fix/Qonic_Audio_v5.0_internal_test/_internal/PySide6/translations/qtbase_sv.qm,5A2178DD2C03CC4516697F1FB0049649C9ED53F5CDE6B937786733DAE06AEDA8,249963,PySide6,translation,POSSIBLY_UNUSED,PySide6 wheel tree SHA-256 match,,UNKNOWN
Release/External_Test/2026-07-30_audio-validation-fix/Qonic_Audio_v5.0_internal_test/_internal/PySide6/translations/qtbase_tr.qm,353FDFD7165659A49212E7A25BF91C0A71588E52C836F7496640F26782414634,248720,PySide6,translation,POSSIBLY_UNUSED,PySide6 wheel tree SHA-256 match,,UNKNOWN
Release/External_Test/2026-07-30_audio-validation-fix/Qonic_Audio_v5.0_internal_test/_internal/PySide6/translations/qtbase_uk.qm,51B8FF55B37DC5907D637A8DDDA12FBE816852B0244C74EB4F0FB84867A786E0,158274,PySide6,translation,POSSIBLY_UNUSED,PySide6 wheel tree SHA-256 match,,UNKNOWN
Release/External_Test/2026-07-30_audio-validation-fix/Qonic_Audio_v5.0_internal_test/_internal/PySide6/translations/qtbase_zh_CN.qm,0481A9B92A6F0578400E960A7D5EE70217A6A450EAF7F98B7D32B8DBD0D58616,147222,PySide6,translation,POSSIBLY_UNUSED,PySide6 wheel tree SHA-256 match,,UNKNOWN
Release/External_Test/2026-07-30_audio-validation-fix/Qonic_Audio_v5.0_internal_test/_internal/PySide6/translations/qtbase_zh_TW.qm,21012B2B427F8D09D31CE9CAE582CA27955B478CA3DC2EC18A3068D808638C6A,126185,PySide6,translation,POSSIBLY_UNUSED,PySide6 wheel tree SHA-256 match,,UNKNOWN
Release/External_Test/2026-07-30_audio-validation-fix/Qonic_Audio_v5.0_internal_test/_internal/PySide6/translations/qtdeclarative_ar.qm,C5CEEC934C9CCFE34F2DB92F9DDC37A2D3941D7EA3D7992422C341FD8ACF783D,640,PySide6,translation,POSSIBLY_UNUSED,PySide6 wheel tree SHA-256 match,,UNKNOWN
Release/External_Test/2026-07-30_audio-validation-fix/Qonic_Audio_v5.0_internal_test/_internal/PySide6/translations/qtdeclarative_bg.qm,C9D7F74F94DF83AC0A1F05ED64C31030FF1EEF2EB5705E56E771DBD795D59E79,70819,PySide6,translation,POSSIBLY_UNUSED,PySide6 wheel tree SHA-256 match,,UNKNOWN
Release/External_Test/2026-07-30_audio-validation-fix/Qonic_Audio_v5.0_internal_test/_internal/PySide6/translations/qtdeclarative_ca.qm,3A03B9EDE8149AD40B1207F7C8EF4FE5C62A49B9A898FEB64608FC19D0BF7BD3,99189,PySide6,translation,POSSIBLY_UNUSED,PySide6 wheel tree SHA-256 match,,UNKNOWN
Release/External_Test/2026-07-30_audio-validation-fix/Qonic_Audio_v5.0_internal_test/_internal/PySide6/translations/qtdeclarative_da.qm,B5AFE4AB5F6FC9F0E0870F7C08456CB2648D3DB37B30DCE9559D7D315BAEE2F1,70134,PySide6,translation,POSSIBLY_UNUSED,PySide6 wheel tree SHA-256 match,,UNKNOWN
Release/External_Test/2026-07-30_audio-validation-fix/Qonic_Audio_v5.0_internal_test/_internal/PySide6/translations/qtdeclarative_de.qm,3CABB5D4AEA9CF8D649B3209F2664BBB46E311670A69CE607DED0620927A6DBB,110232,PySide6,translation,POSSIBLY_UNUSED,PySide6 wheel tree SHA-256 match,,UNKNOWN
Release/External_Test/2026-07-30_audio-validation-fix/Qonic_Audio_v5.0_internal_test/_internal/PySide6/translations/qtdeclarative_en.qm,494AC9A2B2CB2FDECED353F4A9F898ED8DCF616E9BC667438C62681E3F7F79CF,33,PySide6,translation,POSSIBLY_UNUSED,PySide6 wheel tree SHA-256 match,,UNKNOWN
Release/External_Test/2026-07-30_audio-validation-fix/Qonic_Audio_v5.0_internal_test/_internal/PySide6/translations/qtdeclarative_es.qm,E21FBD29B7F7EEEE40E83E28DDCEC767E2CD5437184C86D9614A36D21D0A3896,59875,PySide6,translation,POSSIBLY_UNUSED,PySide6 wheel tree SHA-256 match,,UNKNOWN
Release/External_Test/2026-07-30_audio-validation-fix/Qonic_Audio_v5.0_internal_test/_internal/PySide6/translations/qtdeclarative_fa.qm,0C5409752EA59AB1E72501399E3BB3578F4C8E5EC3F057F191A07584AA01FD71,29899,PySide6,translation,POSSIBLY_UNUSED,PySide6 wheel tree SHA-256 match,,UNKNOWN
Release/External_Test/2026-07-30_audio-validation-fix/Qonic_Audio_v5.0_internal_test/_internal/PySide6/translations/qtdeclarative_fi.qm,ECBDFE57CEACCD55344D0C81E3A23A437C7654CC3E7E9371030576107531062F,65815,PySide6,translation,POSSIBLY_UNUSED,PySide6 wheel tree SHA-256 match,,UNKNOWN
Release/External_Test/2026-07-30_audio-validation-fix/Qonic_Audio_v5.0_internal_test/_internal/PySide6/translations/qtdeclarative_fr.qm,81F3353C0B247998CB0FAED7AC37B2EB43F17A7C7D224B72A5921DC859D250E1,54514,PySide6,translation,POSSIBLY_UNUSED,PySide6 wheel tree SHA-256 match,,UNKNOWN
Release/External_Test/2026-07-30_audio-validation-fix/Qonic_Audio_v5.0_internal_test/_internal/PySide6/translations/qtdeclarative_hr.qm,A63B1E7C5627E1DEB59500E62307A25002584A872964F9B57F259CCE66B336FB,60894,PySide6,translation,POSSIBLY_UNUSED,PySide6 wheel tree SHA-256 match,,UNKNOWN
Release/External_Test/2026-07-30_audio-validation-fix/Qonic_Audio_v5.0_internal_test/_internal/PySide6/translations/qtdeclarative_hu.qm,82B23CD9FAD50C37909F5D2225D40BC7F795545B19BC902640D84D40370A04B5,100378,PySide6,translation,POSSIBLY_UNUSED,PySide6 wheel tree SHA-256 match,,UNKNOWN
Release/External_Test/2026-07-30_audio-validation-fix/Qonic_Audio_v5.0_internal_test/_internal/PySide6/translations/qtdeclarative_ja.qm,48510E832351AF8707FBA6DAC755B43D65182C7B826296805DB463F2F8431C69,45301,PySide6,translation,POSSIBLY_UNUSED,PySide6 wheel tree SHA-256 match,,UNKNOWN
Release/External_Test/2026-07-30_audio-validation-fix/Qonic_Audio_v5.0_internal_test/_internal/PySide6/translations/qtdeclarative_ka.qm,A4CBE159075447B3FC1B25A88B1B1E48C0D5AAE089B8C722EA182ADD17ED8CBA,94893,PySide6,translation,POSSIBLY_UNUSED,PySide6 wheel tree SHA-256 match,,UNKNOWN
Release/External_Test/2026-07-30_audio-validation-fix/Qonic_Audio_v5.0_internal_test/_internal/PySide6/translations/qtdeclarative_ko.qm,1FB83338961974CA4F3C47C3017B97F83429CF7E205E43C225EBC86A730F5FC4,50236,PySide6,translation,POSSIBLY_UNUSED,PySide6 wheel tree SHA-256 match,,UNKNOWN
Release/External_Test/2026-07-30_audio-validation-fix/Qonic_Audio_v5.0_internal_test/_internal/PySide6/translations/qtdeclarative_lv.qm,17ADE65CEB98DADA9828DAF8990472BFB8A8EA497BA8DEBE7D2722138984BA65,53940,PySide6,translation,POSSIBLY_UNUSED,PySide6 wheel tree SHA-256 match,,UNKNOWN
Release/External_Test/2026-07-30_audio-validation-fix/Qonic_Audio_v5.0_internal_test/_internal/PySide6/translations/qtdeclarative_nl.qm,4CB5DC8DC91777175675982C3795AA1261AD04BF1AF7B7962E75B76417341F2E,74976,PySide6,translation,POSSIBLY_UNUSED,PySide6 wheel tree SHA-256 match,,UNKNOWN
Release/External_Test/2026-07-30_audio-validation-fix/Qonic_Audio_v5.0_internal_test/_internal/PySide6/translations/qtdeclarative_nn.qm,54151B926D63B0853D647A317EDEB393DF4A41820B1B27D747217AD9CFD95B70,65464,PySide6,translation,POSSIBLY_UNUSED,PySide6 wheel tree SHA-256 match,,UNKNOWN
Release/External_Test/2026-07-30_audio-validation-fix/Qonic_Audio_v5.0_internal_test/_internal/PySide6/translations/qtdeclarative_pl.qm,A2BD73094DA6595EF58F48319694EEF36F07F76D014FDDD8A8C3546349691280,64190,PySide6,translation,POSSIBLY_UNUSED,PySide6 wheel tree SHA-256 match,,UNKNOWN
Release/External_Test/2026-07-30_audio-validation-fix/Qonic_Audio_v5.0_internal_test/_internal/PySide6/translations/qtdeclarative_pt_BR.qm,3BBB1FA596ABB32300080E7A9B6D14FA35559CEDA58E4939992662C5676F89EC,125028,PySide6,translation,POSSIBLY_UNUSED,PySide6 wheel tree SHA-256 match,,UNKNOWN
Release/External_Test/2026-07-30_audio-validation-fix/Qonic_Audio_v5.0_internal_test/_internal/PySide6/translations/qtdeclarative_ru.qm,5AB39DABF085583A0BD4D98894CEFEC4B1D788E820BB51BB60851F8F50793196,67138,PySide6,translation,POSSIBLY_UNUSED,PySide6 wheel tree SHA-256 match,,UNKNOWN
Release/External_Test/2026-07-30_audio-validation-fix/Qonic_Audio_v5.0_internal_test/_internal/PySide6/translations/qtdeclarative_sk.qm,F95360E7CF10169E2BB3373C4FA5153D35F1843474D7ECE4232E7030E945A9B3,48654,PySide6,translation,POSSIBLY_UNUSED,PySide6 wheel tree SHA-256 match,,UNKNOWN
Release/External_Test/2026-07-30_audio-validation-fix/Qonic_Audio_v5.0_internal_test/_internal/PySide6/translations/qtdeclarative_sv.qm,B6BBABE1F397BDC336C3D3E9DEEE490298FFA11B0E3ED0F334B9D0D0A35A53CF,94583,PySide6,translation,POSSIBLY_UNUSED,PySide6 wheel tree SHA-256 match,,UNKNOWN
Release/External_Test/2026-07-30_audio-validation-fix/Qonic_Audio_v5.0_internal_test/_internal/PySide6/translations/qtdeclarative_tr.qm,CA1F40A78C7FBEB06C0DEFF739DEB11FEB75F2FAC613930ACD5307FE6BC04554,94602,PySide6,translation,POSSIBLY_UNUSED,PySide6 wheel tree SHA-256 match,,UNKNOWN
Release/External_Test/2026-07-30_audio-validation-fix/Qonic_Audio_v5.0_internal_test/_internal/PySide6/translations/qtdeclarative_uk.qm,1AACD6A5F2583D8039880E7B7CF9A374E37D982BC5CDA771306CC6C0B7787F59,73366,PySide6,translation,POSSIBLY_UNUSED,PySide6 wheel tree SHA-256 match,,UNKNOWN
Release/External_Test/2026-07-30_audio-validation-fix/Qonic_Audio_v5.0_internal_test/_internal/PySide6/translations/qtdeclarative_zh_CN.qm,5A194172014B9615E405E2A5B478438A9CA685143C61194E19DCAE720C020802,63614,PySide6,translation,POSSIBLY_UNUSED,PySide6 wheel tree SHA-256 match,,UNKNOWN
Release/External_Test/2026-07-30_audio-validation-fix/Qonic_Audio_v5.0_internal_test/_internal/PySide6/translations/qtdeclarative_zh_TW.qm,C6C8B3D2874D0ACFF369C286CFC4459064BF4B581CACDA6ECF70B44A849E3BE2,647,PySide6,translation,POSSIBLY_UNUSED,PySide6 wheel tree SHA-256 match,,UNKNOWN
Release/External_Test/2026-07-30_audio-validation-fix/Qonic_Audio_v5.0_internal_test/_internal/PySide6/translations/qtmultimedia_ar.qm,5FC10414E168C1161B8590A5C173D140D31B17CF450F0AC93E666EBF7A2FF908,11486,PySide6,translation,POSSIBLY_UNUSED,PySide6 wheel tree SHA-256 match,,UNKNOWN
Release/External_Test/2026-07-30_audio-validation-fix/Qonic_Audio_v5.0_internal_test/_internal/PySide6/translations/qtmultimedia_bg.qm,ADD8675FBC2351FB6C8397ED36932F98553782DD4CE0498EFC5B89B050AC8626,13683,PySide6,translation,POSSIBLY_UNUSED,PySide6 wheel tree SHA-256 match,,UNKNOWN
Release/External_Test/2026-07-30_audio-validation-fix/Qonic_Audio_v5.0_internal_test/_internal/PySide6/translations/qtmultimedia_ca.qm,9189B6C3E546966BE563D5C038C394005EF7F6293E0C181560148F1C615FD733,15538,PySide6,translation,POSSIBLY_UNUSED,PySide6 wheel tree SHA-256 match,,UNKNOWN
Release/External_Test/2026-07-30_audio-validation-fix/Qonic_Audio_v5.0_internal_test/_internal/PySide6/translations/qtmultimedia_cs.qm,6F116E7A2FDEFE84A890DF1718D235E61D5731BF7C2E3E57A838F6EC9EEDE0FA,15906,PySide6,translation,POSSIBLY_UNUSED,PySide6 wheel tree SHA-256 match,,UNKNOWN
Release/External_Test/2026-07-30_audio-validation-fix/Qonic_Audio_v5.0_internal_test/_internal/PySide6/translations/qtmultimedia_da.qm,39D902411064CC5C5FD45742F1768022A1AE7953700741B2F608E3807E19110A,13659,PySide6,translation,POSSIBLY_UNUSED,PySide6 wheel tree SHA-256 match,,UNKNOWN
Release/External_Test/2026-07-30_audio-validation-fix/Qonic_Audio_v5.0_internal_test/_internal/PySide6/translations/qtmultimedia_de.qm,BDD219BA77CE46D49241B46CC681AD6FBC71B1A8DA0BD026E2B4E2DF3DCA3286,15410,PySide6,translation,POSSIBLY_UNUSED,PySide6 wheel tree SHA-256 match,,UNKNOWN
Release/External_Test/2026-07-30_audio-validation-fix/Qonic_Audio_v5.0_internal_test/_internal/PySide6/translations/qtmultimedia_en.qm,494AC9A2B2CB2FDECED353F4A9F898ED8DCF616E9BC667438C62681E3F7F79CF,33,PySide6,translation,POSSIBLY_UNUSED,PySide6 wheel tree SHA-256 match,,UNKNOWN
Release/External_Test/2026-07-30_audio-validation-fix/Qonic_Audio_v5.0_internal_test/_internal/PySide6/translations/qtmultimedia_es.qm,0866911BFD4C6E78D3517EA298DE653CAEF0B7248AEFACDBA5236E7565A9B2A5,17046,PySide6,translation,POSSIBLY_UNUSED,PySide6 wheel tree SHA-256 match,,UNKNOWN
Release/External_Test/2026-07-30_audio-validation-fix/Qonic_Audio_v5.0_internal_test/_internal/PySide6/translations/qtmultimedia_fa.qm,5AA57D6BFAF5F2438C3B1D8F85294C17C852BCC07D5916CA7DFB43D20870C83A,11278,PySide6,translation,POSSIBLY_UNUSED,PySide6 wheel tree SHA-256 match,,UNKNOWN
Release/External_Test/2026-07-30_audio-validation-fix/Qonic_Audio_v5.0_internal_test/_internal/PySide6/translations/qtmultimedia_fi.qm,628BE72C1DC70652AB302E2F8CCB9F3C328E7FDDDF7D8D1C5CE21056A9BA84F2,13883,PySide6,translation,POSSIBLY_UNUSED,PySide6 wheel tree SHA-256 match,,UNKNOWN
Release/External_Test/2026-07-30_audio-validation-fix/Qonic_Audio_v5.0_internal_test/_internal/PySide6/translations/qtmultimedia_fr.qm,9CD2F2663978E931C4A8F54AF26C5AEE1DDB23AF2F18296E82AB763BBE6BADEA,12700,PySide6,translation,POSSIBLY_UNUSED,PySide6 wheel tree SHA-256 match,,UNKNOWN
Release/External_Test/2026-07-30_audio-validation-fix/Qonic_Audio_v5.0_internal_test/_internal/PySide6/translations/qtmultimedia_hr.qm,1342A96E1F0714343CFB8BF9F0ECC9F3736385A23CFF9DC8E78DB6D7762D41B4,14176,PySide6,translation,POSSIBLY_UNUSED,PySide6 wheel tree SHA-256 match,,UNKNOWN
Release/External_Test/2026-07-30_audio-validation-fix/Qonic_Audio_v5.0_internal_test/_internal/PySide6/translations/qtmultimedia_hu.qm,449400CCEAB21C7283C1613624C6DAB75953D719904C461C2B2D98ECA19466B2,14733,PySide6,translation,POSSIBLY_UNUSED,PySide6 wheel tree SHA-256 match,,UNKNOWN
Release/External_Test/2026-07-30_audio-validation-fix/Qonic_Audio_v5.0_internal_test/_internal/PySide6/translations/qtmultimedia_it.qm,ACA8D4DD145E671D827E582496F20281DC559AC91E7E13F88CF508BC2D6301ED,17194,PySide6,translation,POSSIBLY_UNUSED,PySide6 wheel tree SHA-256 match,,UNKNOWN
Release/External_Test/2026-07-30_audio-validation-fix/Qonic_Audio_v5.0_internal_test/_internal/PySide6/translations/qtmultimedia_ja.qm,F9A888586C42C22894CCB4180257C2DE70299FF5D540087BC334DA74A8DD5969,14337,PySide6,translation,POSSIBLY_UNUSED,PySide6 wheel tree SHA-256 match,,UNKNOWN
Release/External_Test/2026-07-30_audio-validation-fix/Qonic_Audio_v5.0_internal_test/_internal/PySide6/translations/qtmultimedia_ka.qm,CDEDD4D74F4E6CDAF7E8EC4CE7DA203E7A3E1FBF4ACCCF198FD2169BD6DD9B8D,14196,PySide6,translation,POSSIBLY_UNUSED,PySide6 wheel tree SHA-256 match,,UNKNOWN
Release/External_Test/2026-07-30_audio-validation-fix/Qonic_Audio_v5.0_internal_test/_internal/PySide6/translations/qtmultimedia_ko.qm,F512A5E985535D0309F737E6156F5959AE9B6405E65FF76ABAE5A139332F2C7A,11006,PySide6,translation,POSSIBLY_UNUSED,PySide6 wheel tree SHA-256 match,,UNKNOWN
Release/External_Test/2026-07-30_audio-validation-fix/Qonic_Audio_v5.0_internal_test/_internal/PySide6/translations/qtmultimedia_nl.qm,982652093F93DED8CA0C06E2E70CE012D1B562982AC18F710FB394E0CDF21BA7,14132,PySide6,translation,POSSIBLY_UNUSED,PySide6 wheel tree SHA-256 match,,UNKNOWN
Release/External_Test/2026-07-30_audio-validation-fix/Qonic_Audio_v5.0_internal_test/_internal/PySide6/translations/qtmultimedia_nn.qm,020A9386BFC18C23048098EDC1439F5BC5E9F8A188AE9A49C75CC8CA460A8268,13425,PySide6,translation,POSSIBLY_UNUSED,PySide6 wheel tree SHA-256 match,,UNKNOWN
Release/External_Test/2026-07-30_audio-validation-fix/Qonic_Audio_v5.0_internal_test/_internal/PySide6/translations/qtmultimedia_pl.qm,3C4CB711F6A59E5B19E4ADC0D0A6BE63C0BB55F15626AD640DB1BFD1D1363664,12237,PySide6,translation,POSSIBLY_UNUSED,PySide6 wheel tree SHA-256 match,,UNKNOWN
Release/External_Test/2026-07-30_audio-validation-fix/Qonic_Audio_v5.0_internal_test/_internal/PySide6/translations/qtmultimedia_pt_BR.qm,30E05B3B5903407CAFF5C598D471FFE04A4EF4F28AC1F4A3ED33D47F053C6452,25780,PySide6,translation,POSSIBLY_UNUSED,PySide6 wheel tree SHA-256 match,,UNKNOWN
Release/External_Test/2026-07-30_audio-validation-fix/Qonic_Audio_v5.0_internal_test/_internal/PySide6/translations/qtmultimedia_ru.qm,32C1118415F25A378D356CF01652393C8F9063145BC8F8A93C4F992166FA9D4D,14109,PySide6,translation,POSSIBLY_UNUSED,PySide6 wheel tree SHA-256 match,,UNKNOWN
Release/External_Test/2026-07-30_audio-validation-fix/Qonic_Audio_v5.0_internal_test/_internal/PySide6/translations/qtmultimedia_sk.qm,82F544F31FFB0CE80340F445AD2C8E2BA57969413EF9B5D10FE4322BB96A6851,9896,PySide6,translation,POSSIBLY_UNUSED,PySide6 wheel tree SHA-256 match,,UNKNOWN
Release/External_Test/2026-07-30_audio-validation-fix/Qonic_Audio_v5.0_internal_test/_internal/PySide6/translations/qtmultimedia_sv.qm,BE1296CBB8563A4AE139C97819072F8291DCBFBE4626482B5A037A11B2A474AD,14173,PySide6,translation,POSSIBLY_UNUSED,PySide6 wheel tree SHA-256 match,,UNKNOWN
Release/External_Test/2026-07-30_audio-validation-fix/Qonic_Audio_v5.0_internal_test/_internal/PySide6/translations/qtmultimedia_tr.qm,18EB1C9526F778A24FB0D77D0008571D972716708DEBB85F5E6C5EE8404BB640,13571,PySide6,translation,POSSIBLY_UNUSED,PySide6 wheel tree SHA-256 match,,UNKNOWN
Release/External_Test/2026-07-30_audio-validation-fix/Qonic_Audio_v5.0_internal_test/_internal/PySide6/translations/qtmultimedia_uk.qm,EBF67318490F70C765B50B6CC4EB3CD4C0EAB9FF10A19BC44A0489B24CECD834,15781,PySide6,translation,POSSIBLY_UNUSED,PySide6 wheel tree SHA-256 match,,UNKNOWN
Release/External_Test/2026-07-30_audio-validation-fix/Qonic_Audio_v5.0_internal_test/_internal/PySide6/translations/qtmultimedia_zh_CN.qm,70BE222728B885E0C37C321CC716813EFF8AB9963287A6E80DDBC83E6B6DEC64,9863,PySide6,translation,POSSIBLY_UNUSED,PySide6 wheel tree SHA-256 match,,UNKNOWN
Release/External_Test/2026-07-30_audio-validation-fix/Qonic_Audio_v5.0_internal_test/_internal/PySide6/translations/qtmultimedia_zh_TW.qm,80169A59D0F7981F5DBDA7CA9C4E6CEB3A9EE17B42A57574CC7E217D4F3547BF,9827,PySide6,translation,POSSIBLY_UNUSED,PySide6 wheel tree SHA-256 match,,UNKNOWN
Release/External_Test/2026-07-30_audio-validation-fix/Qonic_Audio_v5.0_internal_test/_internal/PySide6/VCRUNTIME140.dll,C6E841078CD352299A58925991E2552F7251B046253BA895B3AD50CD5CD32EC6,116024,PySide6,runtime,POSSIBLY_UNUSED,PySide6 wheel tree SHA-256 match,,UNKNOWN
Release/External_Test/2026-07-30_audio-validation-fix/Qonic_Audio_v5.0_internal_test/_internal/PySide6/VCRUNTIME140_1.dll,B322E382EA249B50009F14A9A71AD16729EB6E4B58A8D3B3BE6AC66EA6342A22,41272,PySide6,runtime,POSSIBLY_UNUSED,PySide6 wheel tree SHA-256 match,,UNKNOWN
Release/External_Test/2026-07-30_audio-validation-fix/Qonic_Audio_v5.0_internal_test/_internal/shiboken6/MSVCP140.dll,005F2324C7FF79BBE9A44992B0708ABB4C871BD24BCC7A34ACA5EAB4439C1F4A,549176,shiboken6,runtime,POSSIBLY_UNUSED,PySide6 wheel tree SHA-256 match,,UNKNOWN
Release/External_Test/2026-07-30_audio-validation-fix/Qonic_Audio_v5.0_internal_test/_internal/shiboken6/Shiboken.pyd,0E2C5318C5AC60A016A12230BBB1F6A9D990C45CBF4A7C4AF24AEFB5AB7DC40A,33080,shiboken6,runtime,POSSIBLY_UNUSED,PySide6 wheel tree SHA-256 match,,LGPL-OR-GPL-CANDIDATE
Release/External_Test/2026-07-30_audio-validation-fix/Qonic_Audio_v5.0_internal_test/_internal/shiboken6/shiboken6.abi3.dll,47F4F9B44C95037565DD14F4BE04F350F20C53C05483B750E0BE867C39A7441E,384824,shiboken6,runtime,POSSIBLY_UNUSED,PySide6 wheel tree SHA-256 match,,LGPL-OR-GPL-CANDIDATE
Release/External_Test/2026-07-30_audio-validation-fix/Qonic_Audio_v5.0_internal_test/_internal/shiboken6/VCRUNTIME140.dll,8D9C679C825C5FFF298D66C41AF30F35C289FC101868DFC9635547BADA0DABA6,116024,shiboken6,runtime,POSSIBLY_UNUSED,PySide6 wheel tree SHA-256 match,,UNKNOWN
Release/External_Test/2026-07-30_audio-validation-fix/Qonic_Audio_v5.0_internal_test/_internal/shiboken6/VCRUNTIME140_1.dll,E4D7EA5F4F4FF6D0C208E693853617CDEF0AD71CFE5DD5C3AE16C8A6B64C18EA,41272,shiboken6,runtime,POSSIBLY_UNUSED,PySide6 wheel tree SHA-256 match,,UNKNOWN
